CPU Reset (CPU 0)
EAX=00000000 EBX=00000000 ECX=00000000 EDX=00000000
ESI=00000000 EDI=00000000 EBP=00000000 ESP=00000000
EIP=00000000 EFL=00000000 [-------] CPL=0 II=0 A20=0 SMM=0 HLT=0
ES =0000 00000000 00000000 00000000
CS =0000 00000000 00000000 00000000
SS =0000 00000000 00000000 00000000
DS =0000 00000000 00000000 00000000
FS =0000 00000000 00000000 00000000
GS =0000 00000000 00000000 00000000
LDT=0000 00000000 00000000 00000000
TR =0000 00000000 00000000 00000000
GDT=     00000000 00000000
IDT=     00000000 00000000
CR0=00000000 CR2=00000000 CR3=00000000 CR4=00000000
DR0=0000000000000000 DR1=0000000000000000 DR2=0000000000000000 DR3=0000000000000000 
DR6=0000000000000000 DR7=0000000000000000
CCS=00000000 CCD=00000000 CCO=EFLAGS
EFER=0000000000000000
FCW=0000 FSW=0000 [ST=0] FTW=ff MXCSR=00000000
FPR0=0000000000000000 0000 FPR1=0000000000000000 0000
FPR2=0000000000000000 0000 FPR3=0000000000000000 0000
FPR4=0000000000000000 0000 FPR5=0000000000000000 0000
FPR6=0000000000000000 0000 FPR7=0000000000000000 0000
XMM00=0000000000000000 0000000000000000 XMM01=0000000000000000 0000000000000000
XMM02=0000000000000000 0000000000000000 XMM03=0000000000000000 0000000000000000
XMM04=0000000000000000 0000000000000000 XMM05=0000000000000000 0000000000000000
XMM06=0000000000000000 0000000000000000 XMM07=0000000000000000 0000000000000000
CPU Reset (CPU 0)
EAX=00000000 EBX=00000000 ECX=00000000 EDX=00060fb1
ESI=00000000 EDI=00000000 EBP=00000000 ESP=00000000
EIP=0000fff0 EFL=00000002 [-------] CPL=0 II=0 A20=1 SMM=0 HLT=0
ES =0000 00000000 0000ffff 00009300
CS =f000 ffff0000 0000ffff 00009b00
SS =0000 00000000 0000ffff 00009300
DS =0000 00000000 0000ffff 00009300
FS =0000 00000000 0000ffff 00009300
GS =0000 00000000 0000ffff 00009300
LDT=0000 00000000 0000ffff 00008200
TR =0000 00000000 0000ffff 00008b00
GDT=     00000000 0000ffff
IDT=     00000000 0000ffff
CR0=60000010 CR2=00000000 CR3=00000000 CR4=00000000
DR0=0000000000000000 DR1=0000000000000000 DR2=0000000000000000 DR3=0000000000000000 
DR6=00000000ffff0ff0 DR7=0000000000000400
CCS=00000000 CCD=00000000 CCO=EFLAGS
EFER=0000000000000000
FCW=037f FSW=0000 [ST=0] FTW=00 MXCSR=00001f80
FPR0=0000000000000000 0000 FPR1=0000000000000000 0000
FPR2=0000000000000000 0000 FPR3=0000000000000000 0000
FPR4=0000000000000000 0000 FPR5=0000000000000000 0000
FPR6=0000000000000000 0000 FPR7=0000000000000000 0000
XMM00=0000000000000000 0000000000000000 XMM01=0000000000000000 0000000000000000
XMM02=0000000000000000 0000000000000000 XMM03=0000000000000000 0000000000000000
XMM04=0000000000000000 0000000000000000 XMM05=0000000000000000 0000000000000000
XMM06=0000000000000000 0000000000000000 XMM07=0000000000000000 0000000000000000
Servicing hardware INT=0x20
     0: v=20 e=0000 i=0 cpl=0 IP=0038:0000000006c9c266 pc=0000000006c9c266 SP=0030:0000000007ee3168 env->regs[R_EAX]=0000000006cb25c0
RAX=0000000006cb25c0 RBX=0000000000000010 RCX=0000000006cb25c0 RDX=0000000007108d98
RSI=00000000074e7a70 RDI=0000000000000001 RBP=0000000007ee31a0 RSP=0000000007ee3168
R8 =000000000000001b R9 =0000000006cb8f27 R10=0000000000000008 R11=0000000000000000
R12=0000000000000010 R13=0000000007f09880 R14=0000000000000008 R15=0000000000000000
RIP=0000000006c9c266 RFL=00000202 [-------] CPL=0 II=0 A20=1 SMM=0 HLT=0
ES =0030 0000000000000000 ffffffff 00cf9300 DPL=0 DS   [-WA]
CS =0038 0000000000000000 ffffffff 00af9a00 DPL=0 CS64 [-R-]
SS =0030 0000000000000000 ffffffff 00cf9300 DPL=0 DS   [-WA]
DS =0030 0000000000000000 ffffffff 00cf9300 DPL=0 DS   [-WA]
FS =0030 0000000000000000 ffffffff 00cf9300 DPL=0 DS   [-WA]
GS =0030 0000000000000000 ffffffff 00cf9300 DPL=0 DS   [-WA]
LDT=0000 0000000000000000 0000ffff 00008200 DPL=0 LDT
TR =0048 00000000075db058 00000067 00008900 DPL=0 TSS64-avl
GDT=     00000000075db000 00000057
IDT=     00000000070e8018 00000fff
CR0=80000033 CR2=0000000000000000 CR3=0000000007801000 CR4=00000660
DR0=0000000000000000 DR1=0000000000000000 DR2=0000000000000000 DR3=0000000000000000 
DR6=00000000ffff0ff0 DR7=0000000000000400
CCS=0000000000000000 CCD=0000000007ee3170 CCO=EFLAGS
EFER=0000000000000d00
Servicing hardware INT=0x20
     1: v=20 e=0000 i=0 cpl=0 IP=0038:0000000006c9c266 pc=0000000006c9c266 SP=0030:0000000007ee3168 env->regs[R_EAX]=0000000006cb25c0
RAX=0000000006cb25c0 RBX=0000000000000010 RCX=0000000006cb25c0 RDX=0000000007108d98
RSI=00000000074e7a70 RDI=0000000000000001 RBP=0000000007ee31a0 RSP=0000000007ee3168
R8 =000000000000001b R9 =0000000006cb8f27 R10=0000000000000008 R11=0000000000000000
R12=0000000000000010 R13=0000000007f09880 R14=0000000000000008 R15=0000000000000000
RIP=0000000006c9c266 RFL=00000202 [-------] CPL=0 II=0 A20=1 SMM=0 HLT=0
ES =0030 0000000000000000 ffffffff 00cf9300 DPL=0 DS   [-WA]
CS =0038 0000000000000000 ffffffff 00af9a00 DPL=0 CS64 [-R-]
SS =0030 0000000000000000 ffffffff 00cf9300 DPL=0 DS   [-WA]
DS =0030 0000000000000000 ffffffff 00cf9300 DPL=0 DS   [-WA]
FS =0030 0000000000000000 ffffffff 00cf9300 DPL=0 DS   [-WA]
GS =0030 0000000000000000 ffffffff 00cf9300 DPL=0 DS   [-WA]
LDT=0000 0000000000000000 0000ffff 00008200 DPL=0 LDT
TR =0048 00000000075db058 00000067 00008900 DPL=0 TSS64-avl
GDT=     00000000075db000 00000057
IDT=     00000000070e8018 00000fff
CR0=80000033 CR2=0000000000000000 CR3=0000000007801000 CR4=00000668
DR0=0000000000000000 DR1=0000000000000000 DR2=0000000000000000 DR3=0000000000000000 
DR6=00000000ffff0ff0 DR7=0000000000000400
CCS=0000000000000000 CCD=0000000007ee3170 CCO=EFLAGS
EFER=0000000000000d00
Servicing hardware INT=0x20
     2: v=20 e=0000 i=0 cpl=0 IP=0038:0000000006c9c266 pc=0000000006c9c266 SP=0030:0000000007ee3168 env->regs[R_EAX]=0000000006cb25c0
RAX=0000000006cb25c0 RBX=0000000000000010 RCX=0000000006cb25c0 RDX=0000000007108d98
RSI=00000000074e7a70 RDI=0000000000000001 RBP=0000000007ee31a0 RSP=0000000007ee3168
R8 =000000000000001b R9 =0000000006cb8f27 R10=0000000000000008 R11=0000000000000000
R12=0000000000000010 R13=0000000007f09880 R14=0000000000000008 R15=0000000000000000
RIP=0000000006c9c266 RFL=00000202 [-------] CPL=0 II=0 A20=1 SMM=0 HLT=0
ES =0030 0000000000000000 ffffffff 00cf9300 DPL=0 DS   [-WA]
CS =0038 0000000000000000 ffffffff 00af9a00 DPL=0 CS64 [-R-]
SS =0030 0000000000000000 ffffffff 00cf9300 DPL=0 DS   [-WA]
DS =0030 0000000000000000 ffffffff 00cf9300 DPL=0 DS   [-WA]
FS =0030 0000000000000000 ffffffff 00cf9300 DPL=0 DS   [-WA]
GS =0030 0000000000000000 ffffffff 00cf9300 DPL=0 DS   [-WA]
LDT=0000 0000000000000000 0000ffff 00008200 DPL=0 LDT
TR =0048 00000000075db058 00000067 00008900 DPL=0 TSS64-avl
GDT=     00000000075db000 00000057
IDT=     00000000070e8018 00000fff
CR0=80000033 CR2=0000000000000000 CR3=0000000007801000 CR4=00000668
DR0=0000000000000000 DR1=0000000000000000 DR2=0000000000000000 DR3=0000000000000000 
DR6=00000000ffff0ff0 DR7=0000000000000400
CCS=0000000000000000 CCD=0000000007ee3170 CCO=EFLAGS
EFER=0000000000000d00
Servicing hardware INT=0x20
     3: v=20 e=0000 i=0 cpl=0 IP=0038:0000000006c9e842 pc=0000000006c9e842 SP=0030:0000000007ee32a0 env->regs[R_EAX]=0000000000200000
RAX=0000000000200000 RBX=000000ceea400000 RCX=000000ceea400000 RDX=0000000000000030
RSI=0000000000000030 RDI=0000000007ee3378 RBP=0000000007ee32d0 RSP=0000000007ee32a0
R8 =000000ceea200083 R9 =0000000006cb8f27 R10=0000000000000008 R11=0000000000000000
R12=000fffffc0000000 R13=0000000007ee3378 R14=0000000007b3fa88 R15=000000ceea200083
RIP=0000000006c9e842 RFL=00000293 [--S-A-C] CPL=0 II=0 A20=1 SMM=0 HLT=0
ES =0030 0000000000000000 ffffffff 00cf9300 DPL=0 DS   [-WA]
CS =0038 0000000000000000 ffffffff 00af9a00 DPL=0 CS64 [-R-]
SS =0030 0000000000000000 ffffffff 00cf9300 DPL=0 DS   [-WA]
DS =0030 0000000000000000 ffffffff 00cf9300 DPL=0 DS   [-WA]
FS =0030 0000000000000000 ffffffff 00cf9300 DPL=0 DS   [-WA]
GS =0030 0000000000000000 ffffffff 00cf9300 DPL=0 DS   [-WA]
LDT=0000 0000000000000000 0000ffff 00008200 DPL=0 LDT
TR =0048 00000000075db058 00000067 00008900 DPL=0 TSS64-avl
GDT=     00000000075db000 00000057
IDT=     00000000070e8018 00000fff
CR0=80000033 CR2=0000000000000000 CR3=0000000007801000 CR4=00000668
DR0=0000000000000000 DR1=0000000000000000 DR2=0000000000000000 DR3=0000000000000000 
DR6=00000000ffff0ff0 DR7=0000000000000400
CCS=0000000000000091 CCD=fffffffffffffff1 CCO=EFLAGS
EFER=0000000000000d00
Servicing hardware INT=0x20
     4: v=20 e=0000 i=0 cpl=0 IP=0038:0000000006c9c266 pc=0000000006c9c266 SP=0030:0000000007ee3168 env->regs[R_EAX]=0000000006cb25c0
RAX=0000000006cb25c0 RBX=0000000000000010 RCX=0000000006cb25c0 RDX=0000000007108d98
RSI=00000000074e7a70 RDI=0000000000000001 RBP=0000000007ee31a0 RSP=0000000007ee3168
R8 =000000000000001b R9 =0000000006cb8f27 R10=0000000000000008 R11=0000000000000000
R12=0000000000000010 R13=0000000007f09880 R14=0000000000000008 R15=0000000000000000
RIP=0000000006c9c266 RFL=00000202 [-------] CPL=0 II=0 A20=1 SMM=0 HLT=0
ES =0030 0000000000000000 ffffffff 00cf9300 DPL=0 DS   [-WA]
CS =0038 0000000000000000 ffffffff 00af9a00 DPL=0 CS64 [-R-]
SS =0030 0000000000000000 ffffffff 00cf9300 DPL=0 DS   [-WA]
DS =0030 0000000000000000 ffffffff 00cf9300 DPL=0 DS   [-WA]
FS =0030 0000000000000000 ffffffff 00cf9300 DPL=0 DS   [-WA]
GS =0030 0000000000000000 ffffffff 00cf9300 DPL=0 DS   [-WA]
LDT=0000 0000000000000000 0000ffff 00008200 DPL=0 LDT
TR =0048 00000000075db058 00000067 00008900 DPL=0 TSS64-avl
GDT=     00000000075db000 00000057
IDT=     00000000070e8018 00000fff
CR0=80000033 CR2=0000000000000000 CR3=0000000007801000 CR4=00000668
DR0=0000000000000000 DR1=0000000000000000 DR2=0000000000000000 DR3=0000000000000000 
DR6=00000000ffff0ff0 DR7=0000000000000400
CCS=0000000000000000 CCD=0000000007ee3170 CCO=EFLAGS
EFER=0000000000000d00
Servicing hardware INT=0x20
     5: v=20 e=0000 i=0 cpl=0 IP=0038:00000000070ff423 pc=00000000070ff423 SP=0030:0000000007ee3240 env->regs[R_EAX]=0000000000000008
RAX=0000000000000008 RBX=000000d802600000 RCX=0000000000000008 RDX=0000000000000007
RSI=0000000000000008 RDI=0000000000000008 RBP=0000000007ee32b0 RSP=0000000007ee3240
R8 =000000000000001b R9 =0000000006cb8f27 R10=0000000000000008 R11=0000000000000000
R12=000fffffc0000000 R13=0000000000000008 R14=0000000000000008 R15=0000000000000000
RIP=00000000070ff423 RFL=00000246 [---Z-P-] CPL=0 II=0 A20=1 SMM=0 HLT=0
ES =0030 0000000000000000 ffffffff 00cf9300 DPL=0 DS   [-WA]
CS =0038 0000000000000000 ffffffff 00af9a00 DPL=0 CS64 [-R-]
SS =0030 0000000000000000 ffffffff 00cf9300 DPL=0 DS   [-WA]
DS =0030 0000000000000000 ffffffff 00cf9300 DPL=0 DS   [-WA]
FS =0030 0000000000000000 ffffffff 00cf9300 DPL=0 DS   [-WA]
GS =0030 0000000000000000 ffffffff 00cf9300 DPL=0 DS   [-WA]
LDT=0000 0000000000000000 0000ffff 00008200 DPL=0 LDT
TR =0048 00000000075db058 00000067 00008900 DPL=0 TSS64-avl
GDT=     00000000075db000 00000057
IDT=     00000000070e8018 00000fff
CR0=80000033 CR2=0000000000000000 CR3=0000000007801000 CR4=00000668
DR0=0000000000000000 DR1=0000000000000000 DR2=0000000000000000 DR3=0000000000000000 
DR6=00000000ffff0ff0 DR7=0000000000000400
CCS=0000000000000044 CCD=0000000000000000 CCO=EFLAGS
EFER=0000000000000d00
Servicing hardware INT=0x20
     6: v=20 e=0000 i=0 cpl=0 IP=0038:00000000070fd82c pc=00000000070fd82c SP=0030:0000000007ee32d8 env->regs[R_EAX]=00000000074e7b90
RAX=00000000074e7b90 RBX=000000dc95000000 RCX=00000000074e7b90 RDX=0000000007108d98
RSI=000000dc95000000 RDI=0000000007ee3378 RBP=0000000007ee3340 RSP=0000000007ee32d8
R8 =000000000000001b R9 =0000000006cb8f27 R10=0000000000000008 R11=0000000000000000
R12=000fffffc0000000 R13=0000000007ee3378 R14=0000000000000001 R15=0000000000000000
RIP=00000000070fd82c RFL=00000206 [-----P-] CPL=0 II=0 A20=1 SMM=0 HLT=0
ES =0030 0000000000000000 ffffffff 00cf9300 DPL=0 DS   [-WA]
CS =0038 0000000000000000 ffffffff 00af9a00 DPL=0 CS64 [-R-]
SS =0030 0000000000000000 ffffffff 00cf9300 DPL=0 DS   [-WA]
DS =0030 0000000000000000 ffffffff 00cf9300 DPL=0 DS   [-WA]
FS =0030 0000000000000000 ffffffff 00cf9300 DPL=0 DS   [-WA]
GS =0030 0000000000000000 ffffffff 00cf9300 DPL=0 DS   [-WA]
LDT=0000 0000000000000000 0000ffff 00008200 DPL=0 LDT
TR =0048 00000000075db058 00000067 00008900 DPL=0 TSS64-avl
GDT=     00000000075db000 00000057
IDT=     00000000070e8018 00000fff
CR0=80000033 CR2=0000000000000000 CR3=0000000007801000 CR4=00000668
DR0=0000000000000000 DR1=0000000000000000 DR2=0000000000000000 DR3=0000000000000000 
DR6=00000000ffff0ff0 DR7=0000000000000400
CCS=0000000000000004 CCD=0000000007ee31d8 CCO=EFLAGS
EFER=0000000000000d00
Servicing hardware INT=0x20
     7: v=20 e=0000 i=0 cpl=0 IP=0038:0000000007f01afc pc=0000000007f01afc SP=0030:0000000007ee38d0 env->regs[R_EAX]=00000000000000af
RAX=00000000000000af RBX=0000000007f09fe0 RCX=0000000000000000 RDX=0000000006c4c000
RSI=0000000007ee39bc RDI=0000000006c51728 RBP=0000000007ee3940 RSP=0000000007ee38d0
R8 =00000000000000af R9 =0000000000005700 R10=0000000007ee31c0 R11=0000000000000000
R12=0000000000005728 R13=0000000006c4c000 R14=0000000006c4c018 R15=000000000000000b
RIP=0000000007f01afc RFL=00000206 [-----P-] CPL=0 II=0 A20=1 SMM=0 HLT=0
ES =0030 0000000000000000 ffffffff 00cf9300 DPL=0 DS   [-WA]
CS =0038 0000000000000000 ffffffff 00af9a00 DPL=0 CS64 [-R-]
SS =0030 0000000000000000 ffffffff 00cf9300 DPL=0 DS   [-WA]
DS =0030 0000000000000000 ffffffff 00cf9300 DPL=0 DS   [-WA]
FS =0030 0000000000000000 ffffffff 00cf9300 DPL=0 DS   [-WA]
GS =0030 0000000000000000 ffffffff 00cf9300 DPL=0 DS   [-WA]
LDT=0000 0000000000000000 0000ffff 00008200 DPL=0 LDT
TR =0048 00000000075db058 00000067 00008900 DPL=0 TSS64-avl
GDT=     00000000075db000 00000057
IDT=     00000000070e8018 00000fff
CR0=80010033 CR2=0000000000000000 CR3=0000000007801000 CR4=00000668
DR0=0000000000000000 DR1=0000000000000000 DR2=0000000000000000 DR3=0000000000000000 
DR6=00000000ffff0ff0 DR7=0000000000000400
CCS=0000000000000004 CCD=0000000007ee38b8 CCO=EFLAGS
EFER=0000000000000d00
Servicing hardware INT=0x20
     8: v=20 e=0000 i=0 cpl=0 IP=0038:0000000007f01afc pc=0000000007f01afc SP=0030:0000000007ee3b10 env->regs[R_EAX]=00000000000000af
RAX=00000000000000af RBX=0000000006c27000 RCX=0000000000000000 RDX=0000000006c27000
RSI=0000000007f09aa0 RDI=0000000006c2c000 RBP=0000000007ee3ba0 RSP=0000000007ee3b10
R8 =00000000000000af R9 =0000000006c2bfff R10=0000000000000000 R11=0000000000000000
R12=0000000000004fff R13=0000000006c2bfff R14=0000000006c2c000 R15=0000000006c8f9c0
RIP=0000000007f01afc RFL=00000202 [-------] CPL=0 II=0 A20=1 SMM=0 HLT=0
ES =0030 0000000000000000 ffffffff 00cf9300 DPL=0 DS   [-WA]
CS =0038 0000000000000000 ffffffff 00af9a00 DPL=0 CS64 [-R-]
SS =0030 0000000000000000 ffffffff 00cf9300 DPL=0 DS   [-WA]
DS =0030 0000000000000000 ffffffff 00cf9300 DPL=0 DS   [-WA]
FS =0030 0000000000000000 ffffffff 00cf9300 DPL=0 DS   [-WA]
GS =0030 0000000000000000 ffffffff 00cf9300 DPL=0 DS   [-WA]
LDT=0000 0000000000000000 0000ffff 00008200 DPL=0 LDT
TR =0048 00000000075db058 00000067 00008900 DPL=0 TSS64-avl
GDT=     00000000075db000 00000057
IDT=     00000000070e8018 00000fff
CR0=80010033 CR2=0000000000000000 CR3=0000000007801000 CR4=00000668
DR0=0000000000000000 DR1=0000000000000000 DR2=0000000000000000 DR3=0000000000000000 
DR6=00000000ffff0ff0 DR7=0000000000000400
CCS=0000000000000000 CCD=0000000007ee3af8 CCO=EFLAGS
EFER=0000000000000d00
Servicing hardware INT=0x20
     9: v=20 e=0000 i=0 cpl=0 IP=0038:0000000006c6e8ca pc=0000000006c6e8ca SP=0030:0000000007ee3a90 env->regs[R_EAX]=0000000006c2f018
RAX=0000000006c2f018 RBX=0000000006c27d60 RCX=0000000000000000 RDX=00000000069fdcb8
RSI=00000000069fdc84 RDI=0000000006c78d40 RBP=0000000007ee3bc0 RSP=0000000007ee3a90
R8 =0000000000000001 R9 =00000000069ff070 R10=0000000000000014 R11=0000000000000000
R12=0000000006c27d18 R13=0000000006c27098 R14=0000000006c78e08 R15=0000000000000000
RIP=0000000006c6e8ca RFL=00000206 [-----P-] CPL=0 II=0 A20=1 SMM=0 HLT=0
ES =0030 0000000000000000 ffffffff 00cf9300 DPL=0 DS   [-WA]
CS =0038 0000000000000000 ffffffff 00af9a00 DPL=0 CS64 [-R-]
SS =0030 0000000000000000 ffffffff 00cf9300 DPL=0 DS   [-WA]
DS =0030 0000000000000000 ffffffff 00cf9300 DPL=0 DS   [-WA]
FS =0030 0000000000000000 ffffffff 00cf9300 DPL=0 DS   [-WA]
GS =0030 0000000000000000 ffffffff 00cf9300 DPL=0 DS   [-WA]
LDT=0000 0000000000000000 0000ffff 00008200 DPL=0 LDT
TR =0048 00000000075db058 00000067 00008900 DPL=0 TSS64-avl
GDT=     00000000075db000 00000057
IDT=     00000000070e8018 00000fff
CR0=80010033 CR2=0000000000000000 CR3=0000000007801000 CR4=00000668
DR0=0000000000000000 DR1=0000000000000000 DR2=0000000000000000 DR3=0000000000000000 
DR6=00000000ffff0ff0 DR7=0000000000000400
CCS=0000000000000004 CCD=0000000000000277 CCO=EFLAGS
EFER=0000000000000d00
Servicing hardware INT=0x20
    10: v=20 e=0000 i=0 cpl=0 IP=0038:0000000006c9c266 pc=0000000006c9c266 SP=0030:0000000007ee36b8 env->regs[R_EAX]=0000000006cb25c0
RAX=0000000006cb25c0 RBX=000000000000001f RCX=0000000006cb25c0 RDX=abd7f02e4201db00
RSI=0000000006c07000 RDI=0000000000000001 RBP=0000000007ee36f0 RSP=0000000007ee36b8
R8 =0000000006c07000 R9 =0000000006c07fff R10=0000000006c2b998 R11=0000000000000000
R12=0000000000000010 R13=0000000007f09880 R14=000000000002600f R15=0000000006c8f6c0
RIP=0000000006c9c266 RFL=00000206 [-----P-] CPL=0 II=0 A20=1 SMM=0 HLT=0
ES =0030 0000000000000000 ffffffff 00cf9300 DPL=0 DS   [-WA]
CS =0038 0000000000000000 ffffffff 00af9a00 DPL=0 CS64 [-R-]
SS =0030 0000000000000000 ffffffff 00cf9300 DPL=0 DS   [-WA]
DS =0030 0000000000000000 ffffffff 00cf9300 DPL=0 DS   [-WA]
FS =0030 0000000000000000 ffffffff 00cf9300 DPL=0 DS   [-WA]
GS =0030 0000000000000000 ffffffff 00cf9300 DPL=0 DS   [-WA]
LDT=0000 0000000000000000 0000ffff 00008200 DPL=0 LDT
TR =0048 00000000075db058 00000067 00008900 DPL=0 TSS64-avl
GDT=     00000000075db000 00000057
IDT=     00000000070e8018 00000fff
CR0=80010033 CR2=0000000000000000 CR3=0000000007801000 CR4=00000668
DR0=0000000000000000 DR1=0000000000000000 DR2=0000000000000000 DR3=0000000000000000 
DR6=00000000ffff0ff0 DR7=0000000000000400
CCS=0000000000000020 CCD=0000000007ee36c0 CCO=SUBQ
EFER=0000000000000d00
Servicing hardware INT=0x20
    11: v=20 e=0000 i=0 cpl=0 IP=0038:00000000069827d4 pc=00000000069827d4 SP=0030:0000000007ee3c80 env->regs[R_EAX]=0000000006c01698
RAX=0000000006c01698 RBX=0000000006c05618 RCX=0000000006cb25c0 RDX=00000000000000af
RSI=0000000006c03b18 RDI=0000000000000026 RBP=0000000007ee3ce0 RSP=0000000007ee3c80
R8 =00000000000000af R9 =0000000000000008 R10=0000000000000000 R11=0000000000000000
R12=00000000075ec018 R13=0000000000000000 R14=0000000000000000 R15=0000000007f08650
RIP=00000000069827d4 RFL=00000202 [-------] CPL=0 II=0 A20=1 SMM=0 HLT=0
ES =0030 0000000000000000 ffffffff 00cf9300 DPL=0 DS   [-WA]
CS =0038 0000000000000000 ffffffff 00af9a00 DPL=0 CS64 [-R-]
SS =0030 0000000000000000 ffffffff 00cf9300 DPL=0 DS   [-WA]
DS =0030 0000000000000000 ffffffff 00cf9300 DPL=0 DS   [-WA]
FS =0030 0000000000000000 ffffffff 00cf9300 DPL=0 DS   [-WA]
GS =0030 0000000000000000 ffffffff 00cf9300 DPL=0 DS   [-WA]
LDT=0000 0000000000000000 0000ffff 00008200 DPL=0 LDT
TR =0048 00000000075db058 00000067 00008900 DPL=0 TSS64-avl
GDT=     00000000075db000 00000057
IDT=     00000000070e8018 00000fff
CR0=80010033 CR2=0000000000000000 CR3=0000000007801000 CR4=00000668
DR0=0000000000000000 DR1=0000000000000000 DR2=0000000000000000 DR3=0000000000000000 
DR6=00000000ffff0ff0 DR7=0000000000000400
CCS=0000000000000000 CCD=0000000006c01698 CCO=EFLAGS
EFER=0000000000000d00
Servicing hardware INT=0x20
    12: v=20 e=0000 i=0 cpl=0 IP=0038:0000000007ef72ad pc=0000000007ef72ad SP=0030:0000000007ee36d8 env->regs[R_EAX]=4d1ab44318a031ab
RAX=4d1ab44318a031ab RBX=0000000007f07ee0 RCX=00000000074e3738 RDX=0000000007f07ee0
RSI=00000000074e3730 RDI=4d1ab44318a031ab RBP=0000000007ee3720 RSP=0000000007ee36d8
R8 =0000000000000000 R9 =0000000007ee3900 R10=000000000698d8c0 R11=0000000000000000
R12=11d26d3f09576e91 R13=0000000007f07ee0 R14=0000000000000000 R15=0000000007f07e80
RIP=0000000007ef72ad RFL=00000202 [-------] CPL=0 II=0 A20=1 SMM=0 HLT=0
ES =0030 0000000000000000 ffffffff 00cf9300 DPL=0 DS   [-WA]
CS =0038 0000000000000000 ffffffff 00af9a00 DPL=0 CS64 [-R-]
SS =0030 0000000000000000 ffffffff 00cf9300 DPL=0 DS   [-WA]
DS =0030 0000000000000000 ffffffff 00cf9300 DPL=0 DS   [-WA]
FS =0030 0000000000000000 ffffffff 00cf9300 DPL=0 DS   [-WA]
GS =0030 0000000000000000 ffffffff 00cf9300 DPL=0 DS   [-WA]
LDT=0000 0000000000000000 0000ffff 00008200 DPL=0 LDT
TR =0048 00000000075db058 00000067 00008900 DPL=0 TSS64-avl
GDT=     00000000075db000 00000057
IDT=     00000000070e8018 00000fff
CR0=80010033 CR2=0000000000000000 CR3=0000000007801000 CR4=00000668
DR0=0000000000000000 DR1=0000000000000000 DR2=0000000000000000 DR3=0000000000000000 
DR6=00000000ffff0ff0 DR7=0000000000000400
CCS=0000000000000000 CCD=0000000007ee36c8 CCO=EFLAGS
EFER=0000000000000d00
Servicing hardware INT=0x20
    13: v=20 e=0000 i=0 cpl=0 IP=0038:0000000007f01afc pc=0000000007f01afc SP=0030:0000000007ee36a0 env->regs[R_EAX]=00000000000000af
RAX=00000000000000af RBX=000000000694b000 RCX=0000000000000000 RDX=000000000694b000
RSI=0000000007f09aa0 RDI=000000000694d000 RBP=0000000007ee3730 RSP=0000000007ee36a0
R8 =00000000000000af R9 =000000000694cfff R10=0000000007ee3cb8 R11=0000000000000004
R12=0000000000001fff R13=000000000694cfff R14=000000000694d000 R15=0000000006c8f740
RIP=0000000007f01afc RFL=00000206 [-----P-] CPL=0 II=0 A20=1 SMM=0 HLT=0
ES =0030 0000000000000000 ffffffff 00cf9300 DPL=0 DS   [-WA]
CS =0038 0000000000000000 ffffffff 00af9a00 DPL=0 CS64 [-R-]
SS =0030 0000000000000000 ffffffff 00cf9300 DPL=0 DS   [-WA]
DS =0030 0000000000000000 ffffffff 00cf9300 DPL=0 DS   [-WA]
FS =0030 0000000000000000 ffffffff 00cf9300 DPL=0 DS   [-WA]
GS =0030 0000000000000000 ffffffff 00cf9300 DPL=0 DS   [-WA]
LDT=0000 0000000000000000 0000ffff 00008200 DPL=0 LDT
TR =0048 00000000075db058 00000067 00008900 DPL=0 TSS64-avl
GDT=     00000000075db000 00000057
IDT=     00000000070e8018 00000fff
CR0=80010033 CR2=0000000000000000 CR3=0000000007801000 CR4=00000668
DR0=0000000000000000 DR1=0000000000000000 DR2=0000000000000000 DR3=0000000000000000 
DR6=00000000ffff0ff0 DR7=0000000000000400
CCS=0000000000000004 CCD=0000000007ee3688 CCO=EFLAGS
EFER=0000000000000d00
Servicing hardware INT=0x20
    14: v=20 e=0000 i=0 cpl=0 IP=0038:0000000007f01afc pc=0000000007f01afc SP=0030:0000000007ee3b10 env->regs[R_EAX]=00000000000000af
RAX=00000000000000af RBX=0000000006934000 RCX=0000000000000000 RDX=0000000006934000
RSI=0000000007f09aa0 RDI=0000000006939000 RBP=0000000007ee3ba0 RSP=0000000007ee3b10
R8 =00000000000000af R9 =0000000006938fff R10=0000000000000000 R11=0000000000000000
R12=0000000000004fff R13=0000000006938fff R14=0000000006939000 R15=0000000006c8f940
RIP=0000000007f01afc RFL=00000202 [-------] CPL=0 II=0 A20=1 SMM=0 HLT=0
ES =0030 0000000000000000 ffffffff 00cf9300 DPL=0 DS   [-WA]
CS =0038 0000000000000000 ffffffff 00af9a00 DPL=0 CS64 [-R-]
SS =0030 0000000000000000 ffffffff 00cf9300 DPL=0 DS   [-WA]
DS =0030 0000000000000000 ffffffff 00cf9300 DPL=0 DS   [-WA]
FS =0030 0000000000000000 ffffffff 00cf9300 DPL=0 DS   [-WA]
GS =0030 0000000000000000 ffffffff 00cf9300 DPL=0 DS   [-WA]
LDT=0000 0000000000000000 0000ffff 00008200 DPL=0 LDT
TR =0048 00000000075db058 00000067 00008900 DPL=0 TSS64-avl
GDT=     00000000075db000 00000057
IDT=     00000000070e8018 00000fff
CR0=80010033 CR2=0000000000000000 CR3=0000000007801000 CR4=00000668
DR0=0000000000000000 DR1=0000000000000000 DR2=0000000000000000 DR3=0000000000000000 
DR6=00000000ffff0ff0 DR7=0000000000000400
CCS=0000000000000000 CCD=0000000007ee3af8 CCO=EFLAGS
EFER=0000000000000d00
Servicing hardware INT=0x20
    15: v=20 e=0000 i=0 cpl=0 IP=0038:0000000007efa4c9 pc=0000000007efa4c9 SP=0030:0000000007ee37e0 env->regs[R_EAX]=0000000000000004
RAX=0000000000000004 RBX=00000000074e3998 RCX=00000000074e3998 RDX=ffffffffffffffff
RSI=00000000074e3998 RDI=0000000007ee39c8 RBP=0000000007ee3810 RSP=0000000007ee37e0
R8 =0000000007ee3918 R9 =0000000000000000 R10=0000000006987098 R11=0000000000000016
R12=ffffffffffffffff R13=0000000000000000 R14=0000000000000000 R15=00000000068ef280
RIP=0000000007efa4c9 RFL=00000202 [-------] CPL=0 II=0 A20=1 SMM=0 HLT=0
ES =0030 0000000000000000 ffffffff 00cf9300 DPL=0 DS   [-WA]
CS =0038 0000000000000000 ffffffff 00af9a00 DPL=0 CS64 [-R-]
SS =0030 0000000000000000 ffffffff 00cf9300 DPL=0 DS   [-WA]
DS =0030 0000000000000000 ffffffff 00cf9300 DPL=0 DS   [-WA]
FS =0030 0000000000000000 ffffffff 00cf9300 DPL=0 DS   [-WA]
GS =0030 0000000000000000 ffffffff 00cf9300 DPL=0 DS   [-WA]
LDT=0000 0000000000000000 0000ffff 00008200 DPL=0 LDT
TR =0048 00000000075db058 00000067 00008900 DPL=0 TSS64-avl
GDT=     00000000075db000 00000057
IDT=     00000000070e8018 00000fff
CR0=80010033 CR2=0000000000000000 CR3=0000000007801000 CR4=00000668
DR0=0000000000000000 DR1=0000000000000000 DR2=0000000000000000 DR3=0000000000000000 
DR6=00000000ffff0ff0 DR7=0000000000000400
CCS=0000000000000000 CCD=0000000007ee37c8 CCO=EFLAGS
EFER=0000000000000d00
Servicing hardware INT=0x20
    16: v=20 e=0000 i=0 cpl=0 IP=0038:0000000007ef100c pc=0000000007ef100c SP=0030:0000000007ee3850 env->regs[R_EAX]=0000000007f088f0
RAX=0000000007f088f0 RBX=00000000068d4000 RCX=0000000006934000 RDX=0000000006945fff
RSI=00000000068fb000 RDI=0000000006c8f540 RBP=0000000007ee3890 RSP=0000000007ee3850
R8 =00000000068d4000 R9 =00000000068d8fff R10=0000000000000003 R11=0000000000000000
R12=00000000068fafff R13=0000000000000003 R14=000000000002600f R15=0000000006c8f548
RIP=0000000007ef100c RFL=00000246 [---Z-P-] CPL=0 II=0 A20=1 SMM=0 HLT=0
ES =0030 0000000000000000 ffffffff 00cf9300 DPL=0 DS   [-WA]
CS =0038 0000000000000000 ffffffff 00af9a00 DPL=0 CS64 [-R-]
SS =0030 0000000000000000 ffffffff 00cf9300 DPL=0 DS   [-WA]
DS =0030 0000000000000000 ffffffff 00cf9300 DPL=0 DS   [-WA]
FS =0030 0000000000000000 ffffffff 00cf9300 DPL=0 DS   [-WA]
GS =0030 0000000000000000 ffffffff 00cf9300 DPL=0 DS   [-WA]
LDT=0000 0000000000000000 0000ffff 00008200 DPL=0 LDT
TR =0048 00000000075db058 00000067 00008900 DPL=0 TSS64-avl
GDT=     00000000075db000 00000057
IDT=     00000000070e8018 00000fff
CR0=80010033 CR2=0000000000000000 CR3=0000000007801000 CR4=00000668
DR0=0000000000000000 DR1=0000000000000000 DR2=0000000000000000 DR3=0000000000000000 
DR6=00000000ffff0ff0 DR7=0000000000000400
CCS=0000000000000044 CCD=0000000000000000 CCO=EFLAGS
EFER=0000000000000d00
Servicing hardware INT=0x20
    17: v=20 e=0000 i=0 cpl=0 IP=0038:0000000007ef70c1 pc=0000000007ef70c1 SP=0030:0000000007ee3800 env->regs[R_EAX]=8000000000000001
RAX=8000000000000001 RBX=00000000071aff48 RCX=00000000071aff48 RDX=0000000007ee3978
RSI=0000000000000000 RDI=00000000071aff18 RBP=0000000007ee3830 RSP=0000000007ee3800
R8 =0000000007ee3968 R9 =0000000007ee3970 R10=00000000071a8030 R11=0000000000000023
R12=0000000007ee3a90 R13=00000000071aff18 R14=0000000007ee3978 R15=0000000007ee3a00
RIP=0000000007ef70c1 RFL=00000206 [-----P-] CPL=0 II=0 A20=1 SMM=0 HLT=0
ES =0030 0000000000000000 ffffffff 00cf9300 DPL=0 DS   [-WA]
CS =0038 0000000000000000 ffffffff 00af9a00 DPL=0 CS64 [-R-]
SS =0030 0000000000000000 ffffffff 00cf9300 DPL=0 DS   [-WA]
DS =0030 0000000000000000 ffffffff 00cf9300 DPL=0 DS   [-WA]
FS =0030 0000000000000000 ffffffff 00cf9300 DPL=0 DS   [-WA]
GS =0030 0000000000000000 ffffffff 00cf9300 DPL=0 DS   [-WA]
LDT=0000 0000000000000000 0000ffff 00008200 DPL=0 LDT
TR =0048 00000000075db058 00000067 00008900 DPL=0 TSS64-avl
GDT=     00000000075db000 00000057
IDT=     00000000070e8018 00000fff
CR0=80010033 CR2=0000000000000000 CR3=0000000007801000 CR4=00000668
DR0=0000000000000000 DR1=0000000000000000 DR2=0000000000000000 DR3=0000000000000000 
DR6=00000000ffff0ff0 DR7=0000000000000400
CCS=0000000000000004 CCD=0000000007ee37e8 CCO=EFLAGS
EFER=0000000000000d00
Servicing hardware INT=0x20
    18: v=20 e=0000 i=0 cpl=0 IP=0038:0000000007ef72f8 pc=0000000007ef72f8 SP=0030:0000000007ee3c60 env->regs[R_EAX]=4d1903b80a8badd5
RAX=4d1903b80a8badd5 RBX=0000000007ee3dc8 RCX=0000000006cc1eb0 RDX=0000000007ee3dc8
RSI=0000000006cc1eb0 RDI=0000000007ee3dc8 RBP=0000000007ee3ca0 RSP=0000000007ee3c60
R8 =0000000007ee3dc0 R9 =00000000072ca374 R10=000000000000002a R11=000000000000002a
R12=0000000006cc1ea0 R13=0000000007ee3dc8 R14=0000000000000000 R15=0000000007f07e80
RIP=0000000007ef72f8 RFL=00000206 [-----P-] CPL=0 II=0 A20=1 SMM=0 HLT=0
ES =0030 0000000000000000 ffffffff 00cf9300 DPL=0 DS   [-WA]
CS =0038 0000000000000000 ffffffff 00af9a00 DPL=0 CS64 [-R-]
SS =0030 0000000000000000 ffffffff 00cf9300 DPL=0 DS   [-WA]
DS =0030 0000000000000000 ffffffff 00cf9300 DPL=0 DS   [-WA]
FS =0030 0000000000000000 ffffffff 00cf9300 DPL=0 DS   [-WA]
GS =0030 0000000000000000 ffffffff 00cf9300 DPL=0 DS   [-WA]
LDT=0000 0000000000000000 0000ffff 00008200 DPL=0 LDT
TR =0048 00000000075db058 00000067 00008900 DPL=0 TSS64-avl
GDT=     00000000075db000 00000057
IDT=     00000000070e8018 00000fff
CR0=80010033 CR2=0000000000000000 CR3=0000000007801000 CR4=00000668
DR0=0000000000000000 DR1=0000000000000000 DR2=0000000000000000 DR3=0000000000000000 
DR6=00000000ffff0ff0 DR7=0000000000000400
CCS=0000000000000004 CCD=0000000007ee3c48 CCO=EFLAGS
EFER=0000000000000d00
Servicing hardware INT=0x20
    19: v=20 e=0000 i=0 cpl=0 IP=0038:00000000076cf7cc pc=00000000076cf7cc SP=0030:0000000007ee3680 env->regs[R_EAX]=00000000000000ff
RAX=00000000000000ff RBX=0000000007ee37c0 RCX=0000000000000000 RDX=0000000007579018
RSI=00000000075ca398 RDI=00000000075b9018 RBP=0000000007ee3750 RSP=0000000007ee3680
R8 =00000000000000ff R9 =0000000000000000 R10=0000000000000001 R11=00000000076d7435
R12=0000000000000000 R13=0000000007ee37c0 R14=0000000007579018 R15=00000000069b5190
RIP=00000000076cf7cc RFL=00000202 [-------] CPL=0 II=0 A20=1 SMM=0 HLT=0
ES =0030 0000000000000000 ffffffff 00cf9300 DPL=0 DS   [-WA]
CS =0038 0000000000000000 ffffffff 00af9a00 DPL=0 CS64 [-R-]
SS =0030 0000000000000000 ffffffff 00cf9300 DPL=0 DS   [-WA]
DS =0030 0000000000000000 ffffffff 00cf9300 DPL=0 DS   [-WA]
FS =0030 0000000000000000 ffffffff 00cf9300 DPL=0 DS   [-WA]
GS =0030 0000000000000000 ffffffff 00cf9300 DPL=0 DS   [-WA]
LDT=0000 0000000000000000 0000ffff 00008200 DPL=0 LDT
TR =0048 00000000075db058 00000067 00008900 DPL=0 TSS64-avl
GDT=     00000000075db000 00000057
IDT=     00000000070e8018 00000fff
CR0=80010033 CR2=0000000000000000 CR3=0000000007801000 CR4=00000668
DR0=0000000000000000 DR1=0000000000000000 DR2=0000000000000000 DR3=0000000000000000 
DR6=00000000ffff0ff0 DR7=0000000000000400
CCS=0000000000000000 CCD=0000000007ee3670 CCO=EFLAGS
EFER=0000000000000d00
Servicing hardware INT=0x20
    20: v=20 e=0000 i=0 cpl=0 IP=0038:00000000069590b3 pc=00000000069590b3 SP=0030:0000000007ee3340 env->regs[R_EAX]=0000000000000000
RAX=0000000000000000 RBX=00000000068fe018 RCX=00000000000fffff RDX=0000000000000000
RSI=0000000000000000 RDI=00000000068fce98 RBP=0000000007ee3390 RSP=0000000007ee3340
R8 =0000000000000000 R9 =0000000000000000 R10=0000000000000000 R11=0000000000000000
R12=00000000068fce98 R13=00000000068fceb0 R14=00000000068fec98 R15=00000000068fce98
RIP=00000000069590b3 RFL=00000246 [---Z-P-] CPL=0 II=0 A20=1 SMM=0 HLT=0
ES =0030 0000000000000000 ffffffff 00cf9300 DPL=0 DS   [-WA]
CS =0038 0000000000000000 ffffffff 00af9a00 DPL=0 CS64 [-R-]
SS =0030 0000000000000000 ffffffff 00cf9300 DPL=0 DS   [-WA]
DS =0030 0000000000000000 ffffffff 00cf9300 DPL=0 DS   [-WA]
FS =0030 0000000000000000 ffffffff 00cf9300 DPL=0 DS   [-WA]
GS =0030 0000000000000000 ffffffff 00cf9300 DPL=0 DS   [-WA]
LDT=0000 0000000000000000 0000ffff 00008200 DPL=0 LDT
TR =0048 00000000075db058 00000067 00008900 DPL=0 TSS64-avl
GDT=     00000000075db000 00000057
IDT=     00000000070e8018 00000fff
CR0=80010033 CR2=0000000000000000 CR3=0000000007801000 CR4=00000668
DR0=0000000000000000 DR1=0000000000000000 DR2=0000000000000000 DR3=0000000000000000 
DR6=00000000ffff0ff0 DR7=0000000000000400
CCS=0000000000000044 CCD=0000000000000000 CCO=EFLAGS
EFER=0000000000000d00
Servicing hardware INT=0x20
    21: v=20 e=0000 i=0 cpl=0 IP=0038:00000000070e2871 pc=00000000070e2871 SP=0030:0000000007ee3260 env->regs[R_EAX]=0000000088936000
RAX=0000000088936000 RBX=0000000081033b1c RCX=0000000000000002 RDX=00000000070e36e0
RSI=0000000000000002 RDI=0000000000000000 RBP=0000000007ee32e0 RSP=0000000007ee3260
R8 =00000000067e4018 R9 =0000000081000000 R10=000000000000e4ff R11=0000000000000002
R12=0000000006817b34 R13=0000000000001639 R14=0000000000000004 R15=0000000000000004
RIP=00000000070e2871 RFL=00000293 [--S-A-C] CPL=0 II=0 A20=1 SMM=0 HLT=0
ES =0030 0000000000000000 ffffffff 00cf9300 DPL=0 DS   [-WA]
CS =0038 0000000000000000 ffffffff 00af9a00 DPL=0 CS64 [-R-]
SS =0030 0000000000000000 ffffffff 00cf9300 DPL=0 DS   [-WA]
DS =0030 0000000000000000 ffffffff 00cf9300 DPL=0 DS   [-WA]
FS =0030 0000000000000000 ffffffff 00cf9300 DPL=0 DS   [-WA]
GS =0030 0000000000000000 ffffffff 00cf9300 DPL=0 DS   [-WA]
LDT=0000 0000000000000000 0000ffff 00008200 DPL=0 LDT
TR =0048 00000000075db058 00000067 00008900 DPL=0 TSS64-avl
GDT=     00000000075db000 00000057
IDT=     00000000070e8018 00000fff
CR0=80010033 CR2=0000000000000000 CR3=0000000007801000 CR4=00000668
DR0=0000000000000000 DR1=0000000000000000 DR2=0000000000000000 DR3=0000000000000000 
DR6=00000000ffff0ff0 DR7=0000000000000400
CCS=0000000000000091 CCD=0000000088935ffe CCO=EFLAGS
EFER=0000000000000d00
Servicing hardware INT=0x20
    22: v=20 e=0000 i=0 cpl=0 IP=0038:0000000007ef91ed pc=0000000007ef91ed SP=0030:0000000007ee3130 env->regs[R_EAX]=0000000000000750
RAX=0000000000000750 RBX=00000000068b0018 RCX=0000000000003700 RDX=00000000750fd691
RSI=000000000000000c RDI=00000000068b0018 RBP=0000000007ee3190 RSP=0000000007ee3130
R8 =0000000000000000 R9 =000000000000001f R10=00000000068b0040 R11=000000000000000d
R12=000000000000000d R13=0000000000000041 R14=0000000000001b56 R15=00000000000037a4
RIP=0000000007ef91ed RFL=00000297 [--S-APC] CPL=0 II=0 A20=1 SMM=0 HLT=0
ES =0030 0000000000000000 ffffffff 00cf9300 DPL=0 DS   [-WA]
CS =0038 0000000000000000 ffffffff 00af9a00 DPL=0 CS64 [-R-]
SS =0030 0000000000000000 ffffffff 00cf9300 DPL=0 DS   [-WA]
DS =0030 0000000000000000 ffffffff 00cf9300 DPL=0 DS   [-WA]
FS =0030 0000000000000000 ffffffff 00cf9300 DPL=0 DS   [-WA]
GS =0030 0000000000000000 ffffffff 00cf9300 DPL=0 DS   [-WA]
LDT=0000 0000000000000000 0000ffff 00008200 DPL=0 LDT
TR =0048 00000000075db058 00000067 00008900 DPL=0 TSS64-avl
GDT=     00000000075db000 00000057
IDT=     00000000070e8018 00000fff
CR0=80010033 CR2=0000000000000000 CR3=0000000007801000 CR4=00000668
DR0=0000000000000000 DR1=0000000000000000 DR2=0000000000000000 DR3=0000000000000000 
DR6=00000000ffff0ff0 DR7=0000000000000400
CCS=0000000000000095 CCD=fffffffffffffe44 CCO=EFLAGS
EFER=0000000000000d00
Servicing hardware INT=0x20
    23: v=20 e=0000 i=0 cpl=0 IP=0038:0000000007ef6efb pc=0000000007ef6efb SP=0030:0000000007ee30d0 env->regs[R_EAX]=0000000000003400
RAX=0000000000003400 RBX=00000000068b0018 RCX=0000000000000008 RDX=0000000000000008
RSI=000000000000000a RDI=00000000068b0018 RBP=0000000007ee3100 RSP=0000000007ee30d0
R8 =0000000000000000 R9 =000000000000001f R10=00000000068b0040 R11=000000000000000d
R12=0000000000000008 R13=0000000000000102 R14=000000000000000b R15=0000000000016213
RIP=0000000007ef6efb RFL=00000206 [-----P-] CPL=0 II=0 A20=1 SMM=0 HLT=0
ES =0030 0000000000000000 ffffffff 00cf9300 DPL=0 DS   [-WA]
CS =0038 0000000000000000 ffffffff 00af9a00 DPL=0 CS64 [-R-]
SS =0030 0000000000000000 ffffffff 00cf9300 DPL=0 DS   [-WA]
DS =0030 0000000000000000 ffffffff 00cf9300 DPL=0 DS   [-WA]
FS =0030 0000000000000000 ffffffff 00cf9300 DPL=0 DS   [-WA]
GS =0030 0000000000000000 ffffffff 00cf9300 DPL=0 DS   [-WA]
LDT=0000 0000000000000000 0000ffff 00008200 DPL=0 LDT
TR =0048 00000000075db058 00000067 00008900 DPL=0 TSS64-avl
GDT=     00000000075db000 00000057
IDT=     00000000070e8018 00000fff
CR0=80010033 CR2=0000000000000000 CR3=0000000007801000 CR4=00000668
DR0=0000000000000000 DR1=0000000000000000 DR2=0000000000000000 DR3=0000000000000000 
DR6=00000000ffff0ff0 DR7=0000000000000400
CCS=0000000000000004 CCD=0000000000003400 CCO=EFLAGS
EFER=0000000000000d00
Servicing hardware INT=0x20
    24: v=20 e=0000 i=0 cpl=0 IP=0038:0000000007ef91ed pc=0000000007ef91ed SP=0030:0000000007ee3130 env->regs[R_EAX]=0000000000000bda
RAX=0000000000000bda RBX=00000000068b0018 RCX=0000000000027075 RDX=00000000bda4a54f
RSI=0000000000000007 RDI=00000000068b0018 RBP=0000000007ee3190 RSP=0000000007ee3130
R8 =0000000000000000 R9 =000000000000001f R10=00000000068b0080 R11=000000000000000d
R12=0000000000000008 R13=0000000000000016 R14=00000000000000a3 R15=0000000000027030
RIP=0000000007ef91ed RFL=00000293 [--S-A-C] CPL=0 II=0 A20=1 SMM=0 HLT=0
ES =0030 0000000000000000 ffffffff 00cf9300 DPL=0 DS   [-WA]
CS =0038 0000000000000000 ffffffff 00af9a00 DPL=0 CS64 [-R-]
SS =0030 0000000000000000 ffffffff 00cf9300 DPL=0 DS   [-WA]
DS =0030 0000000000000000 ffffffff 00cf9300 DPL=0 DS   [-WA]
FS =0030 0000000000000000 ffffffff 00cf9300 DPL=0 DS   [-WA]
GS =0030 0000000000000000 ffffffff 00cf9300 DPL=0 DS   [-WA]
LDT=0000 0000000000000000 0000ffff 00008200 DPL=0 LDT
TR =0048 00000000075db058 00000067 00008900 DPL=0 TSS64-avl
GDT=     00000000075db000 00000057
IDT=     00000000070e8018 00000fff
CR0=80010033 CR2=0000000000000000 CR3=0000000007801000 CR4=00000668
DR0=0000000000000000 DR1=0000000000000000 DR2=0000000000000000 DR3=0000000000000000 
DR6=00000000ffff0ff0 DR7=0000000000000400
CCS=0000000000000091 CCD=fffffffffffffe19 CCO=EFLAGS
EFER=0000000000000d00
Servicing hardware INT=0x20
    25: v=20 e=0000 i=0 cpl=0 IP=0038:00000000070e54d8 pc=00000000070e54d8 SP=0030:0000000007ee3180 env->regs[R_EAX]=00000000068d0e18
RAX=00000000068d0e18 RBX=00000000068d0f18 RCX=00000000068d0f42 RDX=0000000000000002
RSI=0000000000000000 RDI=00000000068d0e18 RBP=0000000007ee3220 RSP=0000000007ee3180
R8 =00000000000000af R9 =00000000070e63ac R10=0000000007ee2f7a R11=0000000000000002
R12=0000000000000000 R13=00000000067a8018 R14=0000000000000000 R15=000000000000002e
RIP=00000000070e54d8 RFL=00000246 [---Z-P-] CPL=0 II=0 A20=1 SMM=0 HLT=0
ES =0030 0000000000000000 ffffffff 00cf9300 DPL=0 DS   [-WA]
CS =0038 0000000000000000 ffffffff 00af9a00 DPL=0 CS64 [-R-]
SS =0030 0000000000000000 ffffffff 00cf9300 DPL=0 DS   [-WA]
DS =0030 0000000000000000 ffffffff 00cf9300 DPL=0 DS   [-WA]
FS =0030 0000000000000000 ffffffff 00cf9300 DPL=0 DS   [-WA]
GS =0030 0000000000000000 ffffffff 00cf9300 DPL=0 DS   [-WA]
LDT=0000 0000000000000000 0000ffff 00008200 DPL=0 LDT
TR =0048 00000000075db058 00000067 00008900 DPL=0 TSS64-avl
GDT=     00000000075db000 00000057
IDT=     00000000070e8018 00000fff
CR0=80010033 CR2=0000000000000000 CR3=0000000007801000 CR4=00000668
DR0=0000000000000000 DR1=0000000000000000 DR2=0000000000000000 DR3=0000000000000000 
DR6=00000000ffff0ff0 DR7=0000000000000400
CCS=0000000000000044 CCD=0000000000000000 CCO=EFLAGS
EFER=0000000000000d00
Servicing hardware INT=0x20
    26: v=20 e=0000 i=0 cpl=0 IP=0038:0000000007ee6a03 pc=0000000007ee6a03 SP=0030:0000000007ee34c0 env->regs[R_EAX]=00000000068b3878
RAX=00000000068b3878 RBX=0000000007ee3668 RCX=800000000000400f RDX=00000000068b3008
RSI=0000000007ee3678 RDI=00000000068b2018 RBP=0000000007ee3600 RSP=0000000007ee34c0
R8 =0000000000000006 R9 =0000000000000030 R10=0000000000000000 R11=0000000000000004
R12=0000000000000030 R13=0000000000000000 R14=0000000000000000 R15=00000000068b2018
RIP=0000000007ee6a03 RFL=00000202 [-------] CPL=0 II=0 A20=1 SMM=0 HLT=0
ES =0030 0000000000000000 ffffffff 00cf9300 DPL=0 DS   [-WA]
CS =0038 0000000000000000 ffffffff 00af9a00 DPL=0 CS64 [-R-]
SS =0030 0000000000000000 ffffffff 00cf9300 DPL=0 DS   [-WA]
DS =0030 0000000000000000 ffffffff 00cf9300 DPL=0 DS   [-WA]
FS =0030 0000000000000000 ffffffff 00cf9300 DPL=0 DS   [-WA]
GS =0030 0000000000000000 ffffffff 00cf9300 DPL=0 DS   [-WA]
LDT=0000 0000000000000000 0000ffff 00008200 DPL=0 LDT
TR =0048 00000000075db058 00000067 00008900 DPL=0 TSS64-avl
GDT=     00000000075db000 00000057
IDT=     00000000070e8018 00000fff
CR0=80010033 CR2=0000000000000000 CR3=0000000007801000 CR4=00000668
DR0=0000000000000000 DR1=0000000000000000 DR2=0000000000000000 DR3=0000000000000000 
DR6=00000000ffff0ff0 DR7=0000000000000400
CCS=0000000000000000 CCD=0080000000000040 CCO=EFLAGS
EFER=0000000000000d00
Servicing hardware INT=0x20
    27: v=20 e=0000 i=0 cpl=0 IP=0038:00000000076cf7ca pc=00000000076cf7ca SP=0030:0000000007ee3500 env->regs[R_EAX]=00000000000000ff
RAX=00000000000000ff RBX=0000000007ee3640 RCX=0000000000020001 RDX=0000000007579018
RSI=00000000075ba07c RDI=0000000007599017 RBP=0000000007ee35d0 RSP=0000000007ee3500
R8 =00000000000000ff R9 =0000000000000000 R10=ffffffffff4bf8ba R11=00000000e0000055
R12=0000000000000000 R13=0000000007ee3578 R14=0000000007579018 R15=00000000069b5190
RIP=00000000076cf7ca RFL=00010206 [-----P-] CPL=0 II=0 A20=1 SMM=0 HLT=0
ES =0030 0000000000000000 ffffffff 00cf9300 DPL=0 DS   [-WA]
CS =0038 0000000000000000 ffffffff 00af9a00 DPL=0 CS64 [-R-]
SS =0030 0000000000000000 ffffffff 00cf9300 DPL=0 DS   [-WA]
DS =0030 0000000000000000 ffffffff 00cf9300 DPL=0 DS   [-WA]
FS =0030 0000000000000000 ffffffff 00cf9300 DPL=0 DS   [-WA]
GS =0030 0000000000000000 ffffffff 00cf9300 DPL=0 DS   [-WA]
LDT=0000 0000000000000000 0000ffff 00008200 DPL=0 LDT
TR =0048 00000000075db058 00000067 00008900 DPL=0 TSS64-avl
GDT=     00000000075db000 00000057
IDT=     00000000070e8018 00000fff
CR0=80010033 CR2=0000000000000000 CR3=0000000007801000 CR4=00000668
DR0=0000000000000000 DR1=0000000000000000 DR2=0000000000000000 DR3=0000000000000000 
DR6=00000000ffff0ff0 DR7=0000000000000400
CCS=0000000000000004 CCD=0000000007ee34f0 CCO=EFLAGS
EFER=0000000000000d00
Servicing hardware INT=0x20
    28: v=20 e=0000 i=0 cpl=0 IP=0038:0000000006c66466 pc=0000000006c66466 SP=0030:0000000007ee3320 env->regs[R_EAX]=0000000000000001
RAX=0000000000000001 RBX=00000000069cf798 RCX=0000000006cb25c0 RDX=00000000000000af
RSI=0000000006c96298 RDI=00000000069ce946 RBP=0000000007ee33c0 RSP=0000000007ee3320
R8 =00000000000000af R9 =0000000000000008 R10=0000000007ee333a R11=ffffffffffffffff
R12=00000000069ce860 R13=00000000069ce818 R14=0000000000000001 R15=000000000000000a
RIP=0000000006c66466 RFL=00000246 [---Z-P-] CPL=0 II=0 A20=1 SMM=0 HLT=0
ES =0030 0000000000000000 ffffffff 00cf9300 DPL=0 DS   [-WA]
CS =0038 0000000000000000 ffffffff 00af9a00 DPL=0 CS64 [-R-]
SS =0030 0000000000000000 ffffffff 00cf9300 DPL=0 DS   [-WA]
DS =0030 0000000000000000 ffffffff 00cf9300 DPL=0 DS   [-WA]
FS =0030 0000000000000000 ffffffff 00cf9300 DPL=0 DS   [-WA]
GS =0030 0000000000000000 ffffffff 00cf9300 DPL=0 DS   [-WA]
LDT=0000 0000000000000000 0000ffff 00008200 DPL=0 LDT
TR =0048 00000000075db058 00000067 00008900 DPL=0 TSS64-avl
GDT=     00000000075db000 00000057
IDT=     00000000070e8018 00000fff
CR0=80010033 CR2=0000000000000000 CR3=0000000007801000 CR4=00000668
DR0=0000000000000000 DR1=0000000000000000 DR2=0000000000000000 DR3=0000000000000000 
DR6=00000000ffff0ff0 DR7=0000000000000400
CCS=0000000000000044 CCD=0000000000000000 CCO=EFLAGS
EFER=0000000000000d00
Servicing hardware INT=0x20
    29: v=20 e=0000 i=0 cpl=0 IP=0038:0000000006c9c266 pc=0000000006c9c266 SP=0030:0000000007ee30c8 env->regs[R_EAX]=0000000006cb25c0
RAX=0000000006cb25c0 RBX=000000000000001f RCX=0000000006cb25c0 RDX=abd7f02e4201db00
RSI=00000000068af000 RDI=0000000000000001 RBP=0000000007ee3100 RSP=0000000007ee30c8
R8 =00000000068af000 R9 =00000000068affff R10=0000000000000148 R11=0000000000000001
R12=0000000000000010 R13=0000000007f09880 R14=000000000002600f R15=0000000007f09aa0
RIP=0000000006c9c266 RFL=00000202 [-------] CPL=0 II=0 A20=1 SMM=0 HLT=0
ES =0030 0000000000000000 ffffffff 00cf9300 DPL=0 DS   [-WA]
CS =0038 0000000000000000 ffffffff 00af9a00 DPL=0 CS64 [-R-]
SS =0030 0000000000000000 ffffffff 00cf9300 DPL=0 DS   [-WA]
DS =0030 0000000000000000 ffffffff 00cf9300 DPL=0 DS   [-WA]
FS =0030 0000000000000000 ffffffff 00cf9300 DPL=0 DS   [-WA]
GS =0030 0000000000000000 ffffffff 00cf9300 DPL=0 DS   [-WA]
LDT=0000 0000000000000000 0000ffff 00008200 DPL=0 LDT
TR =0048 00000000075db058 00000067 00008900 DPL=0 TSS64-avl
GDT=     00000000075db000 00000057
IDT=     00000000070e8018 00000fff
CR0=80010033 CR2=0000000000000000 CR3=0000000007801000 CR4=00000668
DR0=0000000000000000 DR1=0000000000000000 DR2=0000000000000000 DR3=0000000000000000 
DR6=00000000ffff0ff0 DR7=0000000000000400
CCS=0000000000000000 CCD=0000000007ee30d0 CCO=EFLAGS
EFER=0000000000000d00
Servicing hardware INT=0x20
    30: v=20 e=0000 i=0 cpl=0 IP=0038:000000000773a21c pc=000000000773a21c SP=0030:0000000007ee34e0 env->regs[R_EAX]=0000000000000001
RAX=0000000000000001 RBX=000000000000b001 RCX=0000000000000001 RDX=0000000000000cf8
RSI=0000000000000001 RDI=0000000000000000 RBP=0000000007ee3520 RSP=0000000007ee34e0
R8 =000000000000001b R9 =0000000000001237 R10=000000000774dac0 R11=000000000774dac0
R12=00000000069cea18 R13=00000000069e11f4 R14=00000000069d0000 R15=0000000007f09901
RIP=000000000773a21c RFL=00000202 [-------] CPL=0 II=0 A20=1 SMM=0 HLT=0
ES =0030 0000000000000000 ffffffff 00cf9300 DPL=0 DS   [-WA]
CS =0038 0000000000000000 ffffffff 00af9a00 DPL=0 CS64 [-R-]
SS =0030 0000000000000000 ffffffff 00cf9300 DPL=0 DS   [-WA]
DS =0030 0000000000000000 ffffffff 00cf9300 DPL=0 DS   [-WA]
FS =0030 0000000000000000 ffffffff 00cf9300 DPL=0 DS   [-WA]
GS =0030 0000000000000000 ffffffff 00cf9300 DPL=0 DS   [-WA]
LDT=0000 0000000000000000 0000ffff 00008200 DPL=0 LDT
TR =0048 00000000075db058 00000067 00008900 DPL=0 TSS64-avl
GDT=     00000000075db000 00000057
IDT=     00000000070e8018 00000fff
CR0=80010033 CR2=0000000000000000 CR3=0000000007801000 CR4=00000668
DR0=0000000000000000 DR1=0000000000000000 DR2=0000000000000000 DR3=0000000000000000 
DR6=00000000ffff0ff0 DR7=0000000000000400
CCS=0000000000000038 CCD=0000000000000001 CCO=LOGICB
EFER=0000000000000d00
Servicing hardware INT=0x20
    31: v=20 e=0000 i=0 cpl=0 IP=0038:000000000773874e pc=000000000773874e SP=0030:0000000007ee3470 env->regs[R_EAX]=dbeef16ce4e3f3ae
RAX=dbeef16ce4e3f3ae RBX=0000000007746b20 RCX=0000000007746b28 RDX=0000000007746b20
RSI=0000000000806090 RDI=0000000000806090 RBP=0000000007ee34a0 RSP=0000000007ee3470
R8 =0000000007746398 R9 =0000000000000402 R10=000000000774dac0 R11=000000000774dac0
R12=0000000007ee3598 R13=0000000007746b20 R14=00000000077fe042 R15=0000000007f09901
RIP=000000000773874e RFL=00000202 [-------] CPL=0 II=0 A20=1 SMM=0 HLT=0
ES =0030 0000000000000000 ffffffff 00cf9300 DPL=0 DS   [-WA]
CS =0038 0000000000000000 ffffffff 00af9a00 DPL=0 CS64 [-R-]
SS =0030 0000000000000000 ffffffff 00cf9300 DPL=0 DS   [-WA]
DS =0030 0000000000000000 ffffffff 00cf9300 DPL=0 DS   [-WA]
FS =0030 0000000000000000 ffffffff 00cf9300 DPL=0 DS   [-WA]
GS =0030 0000000000000000 ffffffff 00cf9300 DPL=0 DS   [-WA]
LDT=0000 0000000000000000 0000ffff 00008200 DPL=0 LDT
TR =0048 00000000075db058 00000067 00008900 DPL=0 TSS64-avl
GDT=     00000000075db000 00000057
IDT=     00000000070e8018 00000fff
CR0=80010033 CR2=0000000000000000 CR3=0000000007801000 CR4=00000668
DR0=0000000000000000 DR1=0000000000000000 DR2=0000000000000000 DR3=0000000000000000 
DR6=00000000ffff0ff0 DR7=0000000000000400
CCS=0000000000000000 CCD=0000000007ee3458 CCO=EFLAGS
EFER=0000000000000d00
Servicing hardware INT=0x20
    32: v=20 e=0000 i=0 cpl=0 IP=0038:0000000007ef8c8f pc=0000000007ef8c8f SP=0030:0000000007ee3360 env->regs[R_EAX]=00000000068829d4
RAX=00000000068829d4 RBX=0000000000001000 RCX=0000000000000003 RDX=0000000006880bc0
RSI=0000000000000009 RDI=00000000000001fe RBP=0000000007ee3420 RSP=0000000007ee3360
R8 =0000000000000009 R9 =0000000000000014 R10=0000000089280bc0 R11=0000000000000013
R12=0000000006880018 R13=00000000000001fe R14=0000000006881254 R15=0000000000000000
RIP=0000000007ef8c8f RFL=00000293 [--S-A-C] CPL=0 II=0 A20=1 SMM=0 HLT=0
ES =0030 0000000000000000 ffffffff 00cf9300 DPL=0 DS   [-WA]
CS =0038 0000000000000000 ffffffff 00af9a00 DPL=0 CS64 [-R-]
SS =0030 0000000000000000 ffffffff 00cf9300 DPL=0 DS   [-WA]
DS =0030 0000000000000000 ffffffff 00cf9300 DPL=0 DS   [-WA]
FS =0030 0000000000000000 ffffffff 00cf9300 DPL=0 DS   [-WA]
GS =0030 0000000000000000 ffffffff 00cf9300 DPL=0 DS   [-WA]
LDT=0000 0000000000000000 0000ffff 00008200 DPL=0 LDT
TR =0048 00000000075db058 00000067 00008900 DPL=0 TSS64-avl
GDT=     00000000075db000 00000057
IDT=     00000000070e8018 00000fff
CR0=80010033 CR2=0000000000000000 CR3=0000000007801000 CR4=00000668
DR0=0000000000000000 DR1=0000000000000000 DR2=0000000000000000 DR3=0000000000000000 
DR6=00000000ffff0ff0 DR7=0000000000000400
CCS=0000000000000091 CCD=fffffffffffffe16 CCO=EFLAGS
EFER=0000000000000d00
Servicing hardware INT=0x20
    33: v=20 e=0000 i=0 cpl=0 IP=0038:0000000007ef920c pc=0000000007ef920c SP=0030:0000000007ee3430 env->regs[R_EAX]=0000000000000083
RAX=0000000000000083 RBX=0000000006880018 RCX=0000000000000000 RDX=0000000000000007
RSI=0000000000000007 RDI=0000000006880018 RBP=0000000007ee3490 RSP=0000000007ee3430
R8 =0000000000000000 R9 =000000000000001f R10=0000000006880040 R11=000000000000000d
R12=0000000000000007 R13=0000000000000105 R14=000000000000007e R15=0000000000020c33
RIP=0000000007ef920c RFL=00000246 [---Z-P-] CPL=0 II=0 A20=1 SMM=0 HLT=0
ES =0030 0000000000000000 ffffffff 00cf9300 DPL=0 DS   [-WA]
CS =0038 0000000000000000 ffffffff 00af9a00 DPL=0 CS64 [-R-]
SS =0030 0000000000000000 ffffffff 00cf9300 DPL=0 DS   [-WA]
DS =0030 0000000000000000 ffffffff 00cf9300 DPL=0 DS   [-WA]
FS =0030 0000000000000000 ffffffff 00cf9300 DPL=0 DS   [-WA]
GS =0030 0000000000000000 ffffffff 00cf9300 DPL=0 DS   [-WA]
LDT=0000 0000000000000000 0000ffff 00008200 DPL=0 LDT
TR =0048 00000000075db058 00000067 00008900 DPL=0 TSS64-avl
GDT=     00000000075db000 00000057
IDT=     00000000070e8018 00000fff
CR0=80010033 CR2=0000000000000000 CR3=0000000007801000 CR4=00000668
DR0=0000000000000000 DR1=0000000000000000 DR2=0000000000000000 DR3=0000000000000000 
DR6=00000000ffff0ff0 DR7=0000000000000400
CCS=0000000000000044 CCD=0000000000000000 CCO=EFLAGS
EFER=0000000000000d00
Servicing hardware INT=0x20
    34: v=20 e=0000 i=0 cpl=0 IP=0038:0000000007ef6eba pc=0000000007ef6eba SP=0030:0000000007ee3408 env->regs[R_EAX]=0000000000000003
RAX=0000000000000003 RBX=000000000000000f RCX=00000000fffffffb RDX=00000000067fb054
RSI=0000000000000005 RDI=0000000006880018 RBP=0000000007ee3420 RSP=0000000007ee3408
R8 =0000000000000000 R9 =000000000000001f R10=00000000068800a0 R11=000000000000000d
R12=0000000000000006 R13=0000000000000105 R14=0000000000000006 R15=0000000000033640
RIP=0000000007ef6eba RFL=00000207 [-----PC] CPL=0 II=0 A20=1 SMM=0 HLT=0
ES =0030 0000000000000000 ffffffff 00cf9300 DPL=0 DS   [-WA]
CS =0038 0000000000000000 ffffffff 00af9a00 DPL=0 CS64 [-R-]
SS =0030 0000000000000000 ffffffff 00cf9300 DPL=0 DS   [-WA]
DS =0030 0000000000000000 ffffffff 00cf9300 DPL=0 DS   [-WA]
FS =0030 0000000000000000 ffffffff 00cf9300 DPL=0 DS   [-WA]
GS =0030 0000000000000000 ffffffff 00cf9300 DPL=0 DS   [-WA]
LDT=0000 0000000000000000 0000ffff 00008200 DPL=0 LDT
TR =0048 00000000075db058 00000067 00008900 DPL=0 TSS64-avl
GDT=     00000000075db000 00000057
IDT=     00000000070e8018 00000fff
CR0=80010033 CR2=0000000000000000 CR3=0000000007801000 CR4=00000668
DR0=0000000000000000 DR1=0000000000000000 DR2=0000000000000000 DR3=0000000000000000 
DR6=00000000ffff0ff0 DR7=0000000000000400
CCS=0000000000000005 CCD=000000000000000f CCO=EFLAGS
EFER=0000000000000d00
Servicing hardware INT=0x20
    35: v=20 e=0000 i=0 cpl=0 IP=0038:0000000006cacc11 pc=0000000006cacc11 SP=0030:0000000007ee34b8 env->regs[R_EAX]=00000000c0c43101
RAX=00000000c0c43101 RBX=00000000070e7498 RCX=00000000070e7498 RDX=0000000000000000
RSI=0000000007f09980 RDI=44515fc33c8d294c RBP=0000000007ee3520 RSP=0000000007ee34b8
R8 =0000000007ee3620 R9 =00000000068b3698 R10=00000000067a37c8 R11=0000000000000004
R12=0000000000000004 R13=0000000007f09880 R14=0000000000000010 R15=0000000007f09980
RIP=0000000006cacc11 RFL=00000202 [-------] CPL=0 II=0 A20=1 SMM=0 HLT=0
ES =0030 0000000000000000 ffffffff 00cf9300 DPL=0 DS   [-WA]
CS =0038 0000000000000000 ffffffff 00af9a00 DPL=0 CS64 [-R-]
SS =0030 0000000000000000 ffffffff 00cf9300 DPL=0 DS   [-WA]
DS =0030 0000000000000000 ffffffff 00cf9300 DPL=0 DS   [-WA]
FS =0030 0000000000000000 ffffffff 00cf9300 DPL=0 DS   [-WA]
GS =0030 0000000000000000 ffffffff 00cf9300 DPL=0 DS   [-WA]
LDT=0000 0000000000000000 0000ffff 00008200 DPL=0 LDT
TR =0048 00000000075db058 00000067 00008900 DPL=0 TSS64-avl
GDT=     00000000075db000 00000057
IDT=     00000000070e8018 00000fff
CR0=80010033 CR2=0000000000000000 CR3=0000000007801000 CR4=00000668
DR0=0000000000000000 DR1=0000000000000000 DR2=0000000000000000 DR3=0000000000000000 
DR6=00000000ffff0ff0 DR7=0000000000000400
CCS=0000000000000000 CCD=00000000c0c43101 CCO=EFLAGS
EFER=0000000000000d00
Servicing hardware INT=0x20
    36: v=20 e=0000 i=0 cpl=0 IP=0038:0000000006cacc11 pc=0000000006cacc11 SP=0030:0000000007ee34b8 env->regs[R_EAX]=00000000c0c43101
RAX=00000000c0c43101 RBX=00000000070e7498 RCX=00000000070e7498 RDX=0000000000000000
RSI=0000000007f09980 RDI=44515fc33c8d294c RBP=0000000007ee3520 RSP=0000000007ee34b8
R8 =0000000007ee3620 R9 =00000000068b3698 R10=00000000067a37c8 R11=0000000000000004
R12=0000000000000004 R13=0000000007f09880 R14=0000000000000010 R15=0000000007f09980
RIP=0000000006cacc11 RFL=00000202 [-------] CPL=0 II=0 A20=1 SMM=0 HLT=0
ES =0030 0000000000000000 ffffffff 00cf9300 DPL=0 DS   [-WA]
CS =0038 0000000000000000 ffffffff 00af9a00 DPL=0 CS64 [-R-]
SS =0030 0000000000000000 ffffffff 00cf9300 DPL=0 DS   [-WA]
DS =0030 0000000000000000 ffffffff 00cf9300 DPL=0 DS   [-WA]
FS =0030 0000000000000000 ffffffff 00cf9300 DPL=0 DS   [-WA]
GS =0030 0000000000000000 ffffffff 00cf9300 DPL=0 DS   [-WA]
LDT=0000 0000000000000000 0000ffff 00008200 DPL=0 LDT
TR =0048 00000000075db058 00000067 00008900 DPL=0 TSS64-avl
GDT=     00000000075db000 00000057
IDT=     00000000070e8018 00000fff
CR0=80010033 CR2=0000000000000000 CR3=0000000007801000 CR4=00000668
DR0=0000000000000000 DR1=0000000000000000 DR2=0000000000000000 DR3=0000000000000000 
DR6=00000000ffff0ff0 DR7=0000000000000400
CCS=0000000000000000 CCD=00000000c0c43101 CCO=EFLAGS
EFER=0000000000000d00
Servicing hardware INT=0x20
    37: v=20 e=0000 i=0 cpl=0 IP=0038:0000000006cacc11 pc=0000000006cacc11 SP=0030:0000000007ee34b8 env->regs[R_EAX]=00000000c0c43101
RAX=00000000c0c43101 RBX=00000000070e7498 RCX=00000000070e7498 RDX=0000000000000000
RSI=0000000007f09980 RDI=44515fc33c8d294c RBP=0000000007ee3520 RSP=0000000007ee34b8
R8 =0000000007ee3620 R9 =00000000068b3698 R10=00000000067a37c8 R11=0000000000000004
R12=0000000000000004 R13=0000000007f09880 R14=0000000000000010 R15=0000000007f09980
RIP=0000000006cacc11 RFL=00000202 [-------] CPL=0 II=0 A20=1 SMM=0 HLT=0
ES =0030 0000000000000000 ffffffff 00cf9300 DPL=0 DS   [-WA]
CS =0038 0000000000000000 ffffffff 00af9a00 DPL=0 CS64 [-R-]
SS =0030 0000000000000000 ffffffff 00cf9300 DPL=0 DS   [-WA]
DS =0030 0000000000000000 ffffffff 00cf9300 DPL=0 DS   [-WA]
FS =0030 0000000000000000 ffffffff 00cf9300 DPL=0 DS   [-WA]
GS =0030 0000000000000000 ffffffff 00cf9300 DPL=0 DS   [-WA]
LDT=0000 0000000000000000 0000ffff 00008200 DPL=0 LDT
TR =0048 00000000075db058 00000067 00008900 DPL=0 TSS64-avl
GDT=     00000000075db000 00000057
IDT=     00000000070e8018 00000fff
CR0=80010033 CR2=0000000000000000 CR3=0000000007801000 CR4=00000668
DR0=0000000000000000 DR1=0000000000000000 DR2=0000000000000000 DR3=0000000000000000 
DR6=00000000ffff0ff0 DR7=0000000000000400
CCS=0000000000000000 CCD=00000000c0c43101 CCO=EFLAGS
EFER=0000000000000d00
Servicing hardware INT=0x20
    38: v=20 e=0000 i=0 cpl=0 IP=0038:0000000006cacc11 pc=0000000006cacc11 SP=0030:0000000007ee34b8 env->regs[R_EAX]=00000000c0c43101
RAX=00000000c0c43101 RBX=00000000070e7498 RCX=00000000070e7498 RDX=0000000000000000
RSI=0000000007f09980 RDI=44515fc33c8d294c RBP=0000000007ee3520 RSP=0000000007ee34b8
R8 =0000000007ee3620 R9 =00000000068b3698 R10=00000000067a37c8 R11=0000000000000004
R12=0000000000000004 R13=0000000007f09880 R14=0000000000000010 R15=0000000007f09980
RIP=0000000006cacc11 RFL=00000202 [-------] CPL=0 II=0 A20=1 SMM=0 HLT=0
ES =0030 0000000000000000 ffffffff 00cf9300 DPL=0 DS   [-WA]
CS =0038 0000000000000000 ffffffff 00af9a00 DPL=0 CS64 [-R-]
SS =0030 0000000000000000 ffffffff 00cf9300 DPL=0 DS   [-WA]
DS =0030 0000000000000000 ffffffff 00cf9300 DPL=0 DS   [-WA]
FS =0030 0000000000000000 ffffffff 00cf9300 DPL=0 DS   [-WA]
GS =0030 0000000000000000 ffffffff 00cf9300 DPL=0 DS   [-WA]
LDT=0000 0000000000000000 0000ffff 00008200 DPL=0 LDT
TR =0048 00000000075db058 00000067 00008900 DPL=0 TSS64-avl
GDT=     00000000075db000 00000057
IDT=     00000000070e8018 00000fff
CR0=80010033 CR2=0000000000000000 CR3=0000000007801000 CR4=00000668
DR0=0000000000000000 DR1=0000000000000000 DR2=0000000000000000 DR3=0000000000000000 
DR6=00000000ffff0ff0 DR7=0000000000000400
CCS=0000000000000000 CCD=00000000c0c43101 CCO=EFLAGS
EFER=0000000000000d00
Servicing hardware INT=0x20
    39: v=20 e=0000 i=0 cpl=0 IP=0038:0000000006cacc11 pc=0000000006cacc11 SP=0030:0000000007ee34b8 env->regs[R_EAX]=00000000c0c43101
RAX=00000000c0c43101 RBX=00000000070e7498 RCX=00000000070e7498 RDX=0000000000000000
RSI=0000000007f09980 RDI=44515fc33c8d294c RBP=0000000007ee3520 RSP=0000000007ee34b8
R8 =0000000007ee3620 R9 =00000000068b3698 R10=00000000067a37c8 R11=0000000000000004
R12=0000000000000004 R13=0000000007f09880 R14=0000000000000010 R15=0000000007f09980
RIP=0000000006cacc11 RFL=00000202 [-------] CPL=0 II=0 A20=1 SMM=0 HLT=0
ES =0030 0000000000000000 ffffffff 00cf9300 DPL=0 DS   [-WA]
CS =0038 0000000000000000 ffffffff 00af9a00 DPL=0 CS64 [-R-]
SS =0030 0000000000000000 ffffffff 00cf9300 DPL=0 DS   [-WA]
DS =0030 0000000000000000 ffffffff 00cf9300 DPL=0 DS   [-WA]
FS =0030 0000000000000000 ffffffff 00cf9300 DPL=0 DS   [-WA]
GS =0030 0000000000000000 ffffffff 00cf9300 DPL=0 DS   [-WA]
LDT=0000 0000000000000000 0000ffff 00008200 DPL=0 LDT
TR =0048 00000000075db058 00000067 00008900 DPL=0 TSS64-avl
GDT=     00000000075db000 00000057
IDT=     00000000070e8018 00000fff
CR0=80010033 CR2=0000000000000000 CR3=0000000007801000 CR4=00000668
DR0=0000000000000000 DR1=0000000000000000 DR2=0000000000000000 DR3=0000000000000000 
DR6=00000000ffff0ff0 DR7=0000000000000400
CCS=0000000000000000 CCD=00000000c0c43101 CCO=EFLAGS
EFER=0000000000000d00
Servicing hardware INT=0x20
    40: v=20 e=0000 i=0 cpl=0 IP=0038:0000000006cacc11 pc=0000000006cacc11 SP=0030:0000000007ee34b8 env->regs[R_EAX]=00000000c0c43101
RAX=00000000c0c43101 RBX=00000000070e7498 RCX=00000000070e7498 RDX=0000000000000000
RSI=0000000007f09980 RDI=44515fc33c8d294c RBP=0000000007ee3520 RSP=0000000007ee34b8
R8 =0000000007ee3620 R9 =00000000068b3698 R10=00000000067a37c8 R11=0000000000000004
R12=0000000000000004 R13=0000000007f09880 R14=0000000000000010 R15=0000000007f09980
RIP=0000000006cacc11 RFL=00000202 [-------] CPL=0 II=0 A20=1 SMM=0 HLT=0
ES =0030 0000000000000000 ffffffff 00cf9300 DPL=0 DS   [-WA]
CS =0038 0000000000000000 ffffffff 00af9a00 DPL=0 CS64 [-R-]
SS =0030 0000000000000000 ffffffff 00cf9300 DPL=0 DS   [-WA]
DS =0030 0000000000000000 ffffffff 00cf9300 DPL=0 DS   [-WA]
FS =0030 0000000000000000 ffffffff 00cf9300 DPL=0 DS   [-WA]
GS =0030 0000000000000000 ffffffff 00cf9300 DPL=0 DS   [-WA]
LDT=0000 0000000000000000 0000ffff 00008200 DPL=0 LDT
TR =0048 00000000075db058 00000067 00008900 DPL=0 TSS64-avl
GDT=     00000000075db000 00000057
IDT=     00000000070e8018 00000fff
CR0=80010033 CR2=0000000000000000 CR3=0000000007801000 CR4=00000668
DR0=0000000000000000 DR1=0000000000000000 DR2=0000000000000000 DR3=0000000000000000 
DR6=00000000ffff0ff0 DR7=0000000000000400
CCS=0000000000000000 CCD=00000000c0c43101 CCO=EFLAGS
EFER=0000000000000d00
Servicing hardware INT=0x20
    41: v=20 e=0000 i=0 cpl=0 IP=0038:0000000006cacc11 pc=0000000006cacc11 SP=0030:0000000007ee34b8 env->regs[R_EAX]=00000000c0c43101
RAX=00000000c0c43101 RBX=00000000070e7498 RCX=00000000070e7498 RDX=0000000000000000
RSI=0000000007f09980 RDI=44515fc33c8d294c RBP=0000000007ee3520 RSP=0000000007ee34b8
R8 =0000000007ee3620 R9 =00000000068b3698 R10=00000000067a37c8 R11=0000000000000004
R12=0000000000000004 R13=0000000007f09880 R14=0000000000000010 R15=0000000007f09980
RIP=0000000006cacc11 RFL=00000202 [-------] CPL=0 II=0 A20=1 SMM=0 HLT=0
ES =0030 0000000000000000 ffffffff 00cf9300 DPL=0 DS   [-WA]
CS =0038 0000000000000000 ffffffff 00af9a00 DPL=0 CS64 [-R-]
SS =0030 0000000000000000 ffffffff 00cf9300 DPL=0 DS   [-WA]
DS =0030 0000000000000000 ffffffff 00cf9300 DPL=0 DS   [-WA]
FS =0030 0000000000000000 ffffffff 00cf9300 DPL=0 DS   [-WA]
GS =0030 0000000000000000 ffffffff 00cf9300 DPL=0 DS   [-WA]
LDT=0000 0000000000000000 0000ffff 00008200 DPL=0 LDT
TR =0048 00000000075db058 00000067 00008900 DPL=0 TSS64-avl
GDT=     00000000075db000 00000057
IDT=     00000000070e8018 00000fff
CR0=80010033 CR2=0000000000000000 CR3=0000000007801000 CR4=00000668
DR0=0000000000000000 DR1=0000000000000000 DR2=0000000000000000 DR3=0000000000000000 
DR6=00000000ffff0ff0 DR7=0000000000000400
CCS=0000000000000000 CCD=00000000c0c43101 CCO=EFLAGS
EFER=0000000000000d00
Servicing hardware INT=0x20
    42: v=20 e=0000 i=0 cpl=0 IP=0038:0000000006cacc11 pc=0000000006cacc11 SP=0030:0000000007ee34b8 env->regs[R_EAX]=00000000c0c43101
RAX=00000000c0c43101 RBX=00000000070e7498 RCX=00000000070e7498 RDX=0000000000000000
RSI=0000000007f09980 RDI=44515fc33c8d294c RBP=0000000007ee3520 RSP=0000000007ee34b8
R8 =0000000007ee3620 R9 =00000000068b3698 R10=00000000067a37c8 R11=0000000000000004
R12=0000000000000004 R13=0000000007f09880 R14=0000000000000010 R15=0000000007f09980
RIP=0000000006cacc11 RFL=00000202 [-------] CPL=0 II=0 A20=1 SMM=0 HLT=0
ES =0030 0000000000000000 ffffffff 00cf9300 DPL=0 DS   [-WA]
CS =0038 0000000000000000 ffffffff 00af9a00 DPL=0 CS64 [-R-]
SS =0030 0000000000000000 ffffffff 00cf9300 DPL=0 DS   [-WA]
DS =0030 0000000000000000 ffffffff 00cf9300 DPL=0 DS   [-WA]
FS =0030 0000000000000000 ffffffff 00cf9300 DPL=0 DS   [-WA]
GS =0030 0000000000000000 ffffffff 00cf9300 DPL=0 DS   [-WA]
LDT=0000 0000000000000000 0000ffff 00008200 DPL=0 LDT
TR =0048 00000000075db058 00000067 00008900 DPL=0 TSS64-avl
GDT=     00000000075db000 00000057
IDT=     00000000070e8018 00000fff
CR0=80010033 CR2=0000000000000000 CR3=0000000007801000 CR4=00000668
DR0=0000000000000000 DR1=0000000000000000 DR2=0000000000000000 DR3=0000000000000000 
DR6=00000000ffff0ff0 DR7=0000000000000400
CCS=0000000000000000 CCD=00000000c0c43101 CCO=EFLAGS
EFER=0000000000000d00
Servicing hardware INT=0x20
    43: v=20 e=0000 i=0 cpl=0 IP=0038:0000000006cacc11 pc=0000000006cacc11 SP=0030:0000000007ee34b8 env->regs[R_EAX]=00000000c0c43101
RAX=00000000c0c43101 RBX=00000000070e7498 RCX=00000000070e7498 RDX=0000000000000000
RSI=0000000007f09980 RDI=44515fc33c8d294c RBP=0000000007ee3520 RSP=0000000007ee34b8
R8 =0000000007ee3620 R9 =00000000068b3698 R10=00000000067a37c8 R11=0000000000000004
R12=0000000000000004 R13=0000000007f09880 R14=0000000000000010 R15=0000000007f09980
RIP=0000000006cacc11 RFL=00000202 [-------] CPL=0 II=0 A20=1 SMM=0 HLT=0
ES =0030 0000000000000000 ffffffff 00cf9300 DPL=0 DS   [-WA]
CS =0038 0000000000000000 ffffffff 00af9a00 DPL=0 CS64 [-R-]
SS =0030 0000000000000000 ffffffff 00cf9300 DPL=0 DS   [-WA]
DS =0030 0000000000000000 ffffffff 00cf9300 DPL=0 DS   [-WA]
FS =0030 0000000000000000 ffffffff 00cf9300 DPL=0 DS   [-WA]
GS =0030 0000000000000000 ffffffff 00cf9300 DPL=0 DS   [-WA]
LDT=0000 0000000000000000 0000ffff 00008200 DPL=0 LDT
TR =0048 00000000075db058 00000067 00008900 DPL=0 TSS64-avl
GDT=     00000000075db000 00000057
IDT=     00000000070e8018 00000fff
CR0=80010033 CR2=0000000000000000 CR3=0000000007801000 CR4=00000668
DR0=0000000000000000 DR1=0000000000000000 DR2=0000000000000000 DR3=0000000000000000 
DR6=00000000ffff0ff0 DR7=0000000000000400
CCS=0000000000000000 CCD=00000000c0c43101 CCO=EFLAGS
EFER=0000000000000d00
Servicing hardware INT=0x20
    44: v=20 e=0000 i=0 cpl=0 IP=0038:0000000006cacc11 pc=0000000006cacc11 SP=0030:0000000007ee34b8 env->regs[R_EAX]=00000000c0c43101
RAX=00000000c0c43101 RBX=00000000070e7498 RCX=00000000070e7498 RDX=0000000000000000
RSI=0000000007f09980 RDI=44515fc33c8d294c RBP=0000000007ee3520 RSP=0000000007ee34b8
R8 =0000000007ee3620 R9 =00000000068b3698 R10=00000000067a37c8 R11=0000000000000004
R12=0000000000000004 R13=0000000007f09880 R14=0000000000000010 R15=0000000007f09980
RIP=0000000006cacc11 RFL=00000202 [-------] CPL=0 II=0 A20=1 SMM=0 HLT=0
ES =0030 0000000000000000 ffffffff 00cf9300 DPL=0 DS   [-WA]
CS =0038 0000000000000000 ffffffff 00af9a00 DPL=0 CS64 [-R-]
SS =0030 0000000000000000 ffffffff 00cf9300 DPL=0 DS   [-WA]
DS =0030 0000000000000000 ffffffff 00cf9300 DPL=0 DS   [-WA]
FS =0030 0000000000000000 ffffffff 00cf9300 DPL=0 DS   [-WA]
GS =0030 0000000000000000 ffffffff 00cf9300 DPL=0 DS   [-WA]
LDT=0000 0000000000000000 0000ffff 00008200 DPL=0 LDT
TR =0048 00000000075db058 00000067 00008900 DPL=0 TSS64-avl
GDT=     00000000075db000 00000057
IDT=     00000000070e8018 00000fff
CR0=80010033 CR2=0000000000000000 CR3=0000000007801000 CR4=00000668
DR0=0000000000000000 DR1=0000000000000000 DR2=0000000000000000 DR3=0000000000000000 
DR6=00000000ffff0ff0 DR7=0000000000000400
CCS=0000000000000000 CCD=00000000c0c43101 CCO=EFLAGS
EFER=0000000000000d00
Servicing hardware INT=0x20
    45: v=20 e=0000 i=0 cpl=0 IP=0038:0000000006cacc11 pc=0000000006cacc11 SP=0030:0000000007ee34b8 env->regs[R_EAX]=00000000c0c43101
RAX=00000000c0c43101 RBX=00000000070e7498 RCX=00000000070e7498 RDX=0000000000000000
RSI=0000000007f09980 RDI=44515fc33c8d294c RBP=0000000007ee3520 RSP=0000000007ee34b8
R8 =0000000007ee3620 R9 =00000000068b3698 R10=00000000067a37c8 R11=0000000000000004
R12=0000000000000004 R13=0000000007f09880 R14=0000000000000010 R15=0000000007f09980
RIP=0000000006cacc11 RFL=00000202 [-------] CPL=0 II=0 A20=1 SMM=0 HLT=0
ES =0030 0000000000000000 ffffffff 00cf9300 DPL=0 DS   [-WA]
CS =0038 0000000000000000 ffffffff 00af9a00 DPL=0 CS64 [-R-]
SS =0030 0000000000000000 ffffffff 00cf9300 DPL=0 DS   [-WA]
DS =0030 0000000000000000 ffffffff 00cf9300 DPL=0 DS   [-WA]
FS =0030 0000000000000000 ffffffff 00cf9300 DPL=0 DS   [-WA]
GS =0030 0000000000000000 ffffffff 00cf9300 DPL=0 DS   [-WA]
LDT=0000 0000000000000000 0000ffff 00008200 DPL=0 LDT
TR =0048 00000000075db058 00000067 00008900 DPL=0 TSS64-avl
GDT=     00000000075db000 00000057
IDT=     00000000070e8018 00000fff
CR0=80010033 CR2=0000000000000000 CR3=0000000007801000 CR4=00000668
DR0=0000000000000000 DR1=0000000000000000 DR2=0000000000000000 DR3=0000000000000000 
DR6=00000000ffff0ff0 DR7=0000000000000400
CCS=0000000000000000 CCD=00000000c0c43101 CCO=EFLAGS
EFER=0000000000000d00
Servicing hardware INT=0x20
    46: v=20 e=0000 i=0 cpl=0 IP=0038:0000000006cacc11 pc=0000000006cacc11 SP=0030:0000000007ee34b8 env->regs[R_EAX]=00000000c0c43101
RAX=00000000c0c43101 RBX=00000000070e7498 RCX=00000000070e7498 RDX=0000000000000000
RSI=0000000007f09980 RDI=44515fc33c8d294c RBP=0000000007ee3520 RSP=0000000007ee34b8
R8 =0000000007ee3620 R9 =00000000068b3698 R10=00000000067a37c8 R11=0000000000000004
R12=0000000000000004 R13=0000000007f09880 R14=0000000000000010 R15=0000000007f09980
RIP=0000000006cacc11 RFL=00000202 [-------] CPL=0 II=0 A20=1 SMM=0 HLT=0
ES =0030 0000000000000000 ffffffff 00cf9300 DPL=0 DS   [-WA]
CS =0038 0000000000000000 ffffffff 00af9a00 DPL=0 CS64 [-R-]
SS =0030 0000000000000000 ffffffff 00cf9300 DPL=0 DS   [-WA]
DS =0030 0000000000000000 ffffffff 00cf9300 DPL=0 DS   [-WA]
FS =0030 0000000000000000 ffffffff 00cf9300 DPL=0 DS   [-WA]
GS =0030 0000000000000000 ffffffff 00cf9300 DPL=0 DS   [-WA]
LDT=0000 0000000000000000 0000ffff 00008200 DPL=0 LDT
TR =0048 00000000075db058 00000067 00008900 DPL=0 TSS64-avl
GDT=     00000000075db000 00000057
IDT=     00000000070e8018 00000fff
CR0=80010033 CR2=0000000000000000 CR3=0000000007801000 CR4=00000668
DR0=0000000000000000 DR1=0000000000000000 DR2=0000000000000000 DR3=0000000000000000 
DR6=00000000ffff0ff0 DR7=0000000000000400
CCS=0000000000000000 CCD=00000000c0c43101 CCO=EFLAGS
EFER=0000000000000d00
Servicing hardware INT=0x20
    47: v=20 e=0000 i=0 cpl=0 IP=0038:0000000006cacc11 pc=0000000006cacc11 SP=0030:0000000007ee34b8 env->regs[R_EAX]=00000000c0c43101
RAX=00000000c0c43101 RBX=00000000070e7498 RCX=00000000070e7498 RDX=0000000000000000
RSI=0000000007f09980 RDI=44515fc33c8d294c RBP=0000000007ee3520 RSP=0000000007ee34b8
R8 =0000000007ee3620 R9 =00000000068b3698 R10=00000000067a37c8 R11=0000000000000004
R12=0000000000000004 R13=0000000007f09880 R14=0000000000000010 R15=0000000007f09980
RIP=0000000006cacc11 RFL=00000202 [-------] CPL=0 II=0 A20=1 SMM=0 HLT=0
ES =0030 0000000000000000 ffffffff 00cf9300 DPL=0 DS   [-WA]
CS =0038 0000000000000000 ffffffff 00af9a00 DPL=0 CS64 [-R-]
SS =0030 0000000000000000 ffffffff 00cf9300 DPL=0 DS   [-WA]
DS =0030 0000000000000000 ffffffff 00cf9300 DPL=0 DS   [-WA]
FS =0030 0000000000000000 ffffffff 00cf9300 DPL=0 DS   [-WA]
GS =0030 0000000000000000 ffffffff 00cf9300 DPL=0 DS   [-WA]
LDT=0000 0000000000000000 0000ffff 00008200 DPL=0 LDT
TR =0048 00000000075db058 00000067 00008900 DPL=0 TSS64-avl
GDT=     00000000075db000 00000057
IDT=     00000000070e8018 00000fff
CR0=80010033 CR2=0000000000000000 CR3=0000000007801000 CR4=00000668
DR0=0000000000000000 DR1=0000000000000000 DR2=0000000000000000 DR3=0000000000000000 
DR6=00000000ffff0ff0 DR7=0000000000000400
CCS=0000000000000000 CCD=00000000c0c43101 CCO=EFLAGS
EFER=0000000000000d00
Servicing hardware INT=0x20
    48: v=20 e=0000 i=0 cpl=0 IP=0038:0000000006cacc11 pc=0000000006cacc11 SP=0030:0000000007ee34b8 env->regs[R_EAX]=00000000c0c43101
RAX=00000000c0c43101 RBX=00000000070e7498 RCX=00000000070e7498 RDX=0000000000000000
RSI=0000000007f09980 RDI=44515fc33c8d294c RBP=0000000007ee3520 RSP=0000000007ee34b8
R8 =0000000007ee3620 R9 =00000000068b3698 R10=00000000067a37c8 R11=0000000000000004
R12=0000000000000004 R13=0000000007f09880 R14=0000000000000010 R15=0000000007f09980
RIP=0000000006cacc11 RFL=00000202 [-------] CPL=0 II=0 A20=1 SMM=0 HLT=0
ES =0030 0000000000000000 ffffffff 00cf9300 DPL=0 DS   [-WA]
CS =0038 0000000000000000 ffffffff 00af9a00 DPL=0 CS64 [-R-]
SS =0030 0000000000000000 ffffffff 00cf9300 DPL=0 DS   [-WA]
DS =0030 0000000000000000 ffffffff 00cf9300 DPL=0 DS   [-WA]
FS =0030 0000000000000000 ffffffff 00cf9300 DPL=0 DS   [-WA]
GS =0030 0000000000000000 ffffffff 00cf9300 DPL=0 DS   [-WA]
LDT=0000 0000000000000000 0000ffff 00008200 DPL=0 LDT
TR =0048 00000000075db058 00000067 00008900 DPL=0 TSS64-avl
GDT=     00000000075db000 00000057
IDT=     00000000070e8018 00000fff
CR0=80010033 CR2=0000000000000000 CR3=0000000007801000 CR4=00000668
DR0=0000000000000000 DR1=0000000000000000 DR2=0000000000000000 DR3=0000000000000000 
DR6=00000000ffff0ff0 DR7=0000000000000400
CCS=0000000000000000 CCD=00000000c0c43101 CCO=EFLAGS
EFER=0000000000000d00
Servicing hardware INT=0x20
    49: v=20 e=0000 i=0 cpl=0 IP=0038:0000000006cacc11 pc=0000000006cacc11 SP=0030:0000000007ee34b8 env->regs[R_EAX]=00000000c0c43101
RAX=00000000c0c43101 RBX=00000000070e7498 RCX=00000000070e7498 RDX=0000000000000000
RSI=0000000007f09980 RDI=44515fc33c8d294c RBP=0000000007ee3520 RSP=0000000007ee34b8
R8 =0000000007ee3620 R9 =00000000068b3698 R10=00000000067a37c8 R11=0000000000000004
R12=0000000000000004 R13=0000000007f09880 R14=0000000000000010 R15=0000000007f09980
RIP=0000000006cacc11 RFL=00000202 [-------] CPL=0 II=0 A20=1 SMM=0 HLT=0
ES =0030 0000000000000000 ffffffff 00cf9300 DPL=0 DS   [-WA]
CS =0038 0000000000000000 ffffffff 00af9a00 DPL=0 CS64 [-R-]
SS =0030 0000000000000000 ffffffff 00cf9300 DPL=0 DS   [-WA]
DS =0030 0000000000000000 ffffffff 00cf9300 DPL=0 DS   [-WA]
FS =0030 0000000000000000 ffffffff 00cf9300 DPL=0 DS   [-WA]
GS =0030 0000000000000000 ffffffff 00cf9300 DPL=0 DS   [-WA]
LDT=0000 0000000000000000 0000ffff 00008200 DPL=0 LDT
TR =0048 00000000075db058 00000067 00008900 DPL=0 TSS64-avl
GDT=     00000000075db000 00000057
IDT=     00000000070e8018 00000fff
CR0=80010033 CR2=0000000000000000 CR3=0000000007801000 CR4=00000668
DR0=0000000000000000 DR1=0000000000000000 DR2=0000000000000000 DR3=0000000000000000 
DR6=00000000ffff0ff0 DR7=0000000000000400
CCS=0000000000000000 CCD=00000000c0c43101 CCO=EFLAGS
EFER=0000000000000d00
Servicing hardware INT=0x20
    50: v=20 e=0000 i=0 cpl=0 IP=0038:0000000006cacc11 pc=0000000006cacc11 SP=0030:0000000007ee34b8 env->regs[R_EAX]=00000000c0c43101
RAX=00000000c0c43101 RBX=00000000070e7498 RCX=00000000070e7498 RDX=0000000000000000
RSI=0000000007f09980 RDI=44515fc33c8d294c RBP=0000000007ee3520 RSP=0000000007ee34b8
R8 =0000000007ee3620 R9 =00000000068b3698 R10=00000000067a37c8 R11=0000000000000004
R12=0000000000000004 R13=0000000007f09880 R14=0000000000000010 R15=0000000007f09980
RIP=0000000006cacc11 RFL=00000202 [-------] CPL=0 II=0 A20=1 SMM=0 HLT=0
ES =0030 0000000000000000 ffffffff 00cf9300 DPL=0 DS   [-WA]
CS =0038 0000000000000000 ffffffff 00af9a00 DPL=0 CS64 [-R-]
SS =0030 0000000000000000 ffffffff 00cf9300 DPL=0 DS   [-WA]
DS =0030 0000000000000000 ffffffff 00cf9300 DPL=0 DS   [-WA]
FS =0030 0000000000000000 ffffffff 00cf9300 DPL=0 DS   [-WA]
GS =0030 0000000000000000 ffffffff 00cf9300 DPL=0 DS   [-WA]
LDT=0000 0000000000000000 0000ffff 00008200 DPL=0 LDT
TR =0048 00000000075db058 00000067 00008900 DPL=0 TSS64-avl
GDT=     00000000075db000 00000057
IDT=     00000000070e8018 00000fff
CR0=80010033 CR2=0000000000000000 CR3=0000000007801000 CR4=00000668
DR0=0000000000000000 DR1=0000000000000000 DR2=0000000000000000 DR3=0000000000000000 
DR6=00000000ffff0ff0 DR7=0000000000000400
CCS=0000000000000000 CCD=00000000c0c43101 CCO=EFLAGS
EFER=0000000000000d00
Servicing hardware INT=0x20
    51: v=20 e=0000 i=0 cpl=0 IP=0038:0000000006cacc11 pc=0000000006cacc11 SP=0030:0000000007ee34b8 env->regs[R_EAX]=00000000c0c43101
RAX=00000000c0c43101 RBX=00000000070e7498 RCX=00000000070e7498 RDX=0000000000000000
RSI=0000000007f09980 RDI=44515fc33c8d294c RBP=0000000007ee3520 RSP=0000000007ee34b8
R8 =0000000007ee3620 R9 =00000000068b3698 R10=00000000067a37c8 R11=0000000000000004
R12=0000000000000004 R13=0000000007f09880 R14=0000000000000010 R15=0000000007f09980
RIP=0000000006cacc11 RFL=00000202 [-------] CPL=0 II=0 A20=1 SMM=0 HLT=0
ES =0030 0000000000000000 ffffffff 00cf9300 DPL=0 DS   [-WA]
CS =0038 0000000000000000 ffffffff 00af9a00 DPL=0 CS64 [-R-]
SS =0030 0000000000000000 ffffffff 00cf9300 DPL=0 DS   [-WA]
DS =0030 0000000000000000 ffffffff 00cf9300 DPL=0 DS   [-WA]
FS =0030 0000000000000000 ffffffff 00cf9300 DPL=0 DS   [-WA]
GS =0030 0000000000000000 ffffffff 00cf9300 DPL=0 DS   [-WA]
LDT=0000 0000000000000000 0000ffff 00008200 DPL=0 LDT
TR =0048 00000000075db058 00000067 00008900 DPL=0 TSS64-avl
GDT=     00000000075db000 00000057
IDT=     00000000070e8018 00000fff
CR0=80010033 CR2=0000000000000000 CR3=0000000007801000 CR4=00000668
DR0=0000000000000000 DR1=0000000000000000 DR2=0000000000000000 DR3=0000000000000000 
DR6=00000000ffff0ff0 DR7=0000000000000400
CCS=0000000000000000 CCD=00000000c0c43101 CCO=EFLAGS
EFER=0000000000000d00
Servicing hardware INT=0x20
    52: v=20 e=0000 i=0 cpl=0 IP=0038:0000000006cacc11 pc=0000000006cacc11 SP=0030:0000000007ee34b8 env->regs[R_EAX]=00000000c0c43101
RAX=00000000c0c43101 RBX=00000000070e7498 RCX=00000000070e7498 RDX=0000000000000000
RSI=0000000007f09980 RDI=44515fc33c8d294c RBP=0000000007ee3520 RSP=0000000007ee34b8
R8 =0000000007ee3620 R9 =00000000068b3698 R10=00000000067a37c8 R11=0000000000000004
R12=0000000000000004 R13=0000000007f09880 R14=0000000000000010 R15=0000000007f09980
RIP=0000000006cacc11 RFL=00000202 [-------] CPL=0 II=0 A20=1 SMM=0 HLT=0
ES =0030 0000000000000000 ffffffff 00cf9300 DPL=0 DS   [-WA]
CS =0038 0000000000000000 ffffffff 00af9a00 DPL=0 CS64 [-R-]
SS =0030 0000000000000000 ffffffff 00cf9300 DPL=0 DS   [-WA]
DS =0030 0000000000000000 ffffffff 00cf9300 DPL=0 DS   [-WA]
FS =0030 0000000000000000 ffffffff 00cf9300 DPL=0 DS   [-WA]
GS =0030 0000000000000000 ffffffff 00cf9300 DPL=0 DS   [-WA]
LDT=0000 0000000000000000 0000ffff 00008200 DPL=0 LDT
TR =0048 00000000075db058 00000067 00008900 DPL=0 TSS64-avl
GDT=     00000000075db000 00000057
IDT=     00000000070e8018 00000fff
CR0=80010033 CR2=0000000000000000 CR3=0000000007801000 CR4=00000668
DR0=0000000000000000 DR1=0000000000000000 DR2=0000000000000000 DR3=0000000000000000 
DR6=00000000ffff0ff0 DR7=0000000000000400
CCS=0000000000000000 CCD=00000000c0c43101 CCO=EFLAGS
EFER=0000000000000d00
Servicing hardware INT=0x20
    53: v=20 e=0000 i=0 cpl=0 IP=0038:0000000006cacc11 pc=0000000006cacc11 SP=0030:0000000007ee34b8 env->regs[R_EAX]=00000000c0c43101
RAX=00000000c0c43101 RBX=00000000070e7498 RCX=00000000070e7498 RDX=0000000000000000
RSI=0000000007f09980 RDI=44515fc33c8d294c RBP=0000000007ee3520 RSP=0000000007ee34b8
R8 =0000000007ee3620 R9 =00000000068b3698 R10=00000000067a37c8 R11=0000000000000004
R12=0000000000000004 R13=0000000007f09880 R14=0000000000000010 R15=0000000007f09980
RIP=0000000006cacc11 RFL=00000202 [-------] CPL=0 II=0 A20=1 SMM=0 HLT=0
ES =0030 0000000000000000 ffffffff 00cf9300 DPL=0 DS   [-WA]
CS =0038 0000000000000000 ffffffff 00af9a00 DPL=0 CS64 [-R-]
SS =0030 0000000000000000 ffffffff 00cf9300 DPL=0 DS   [-WA]
DS =0030 0000000000000000 ffffffff 00cf9300 DPL=0 DS   [-WA]
FS =0030 0000000000000000 ffffffff 00cf9300 DPL=0 DS   [-WA]
GS =0030 0000000000000000 ffffffff 00cf9300 DPL=0 DS   [-WA]
LDT=0000 0000000000000000 0000ffff 00008200 DPL=0 LDT
TR =0048 00000000075db058 00000067 00008900 DPL=0 TSS64-avl
GDT=     00000000075db000 00000057
IDT=     00000000070e8018 00000fff
CR0=80010033 CR2=0000000000000000 CR3=0000000007801000 CR4=00000668
DR0=0000000000000000 DR1=0000000000000000 DR2=0000000000000000 DR3=0000000000000000 
DR6=00000000ffff0ff0 DR7=0000000000000400
CCS=0000000000000000 CCD=00000000c0c43101 CCO=EFLAGS
EFER=0000000000000d00
Servicing hardware INT=0x20
    54: v=20 e=0000 i=0 cpl=0 IP=0038:0000000006cacc11 pc=0000000006cacc11 SP=0030:0000000007ee34b8 env->regs[R_EAX]=00000000c0c43101
RAX=00000000c0c43101 RBX=00000000070e7498 RCX=00000000070e7498 RDX=0000000000000000
RSI=0000000007f09980 RDI=44515fc33c8d294c RBP=0000000007ee3520 RSP=0000000007ee34b8
R8 =0000000007ee3620 R9 =00000000068b3698 R10=00000000067a37c8 R11=0000000000000004
R12=0000000000000004 R13=0000000007f09880 R14=0000000000000010 R15=0000000007f09980
RIP=0000000006cacc11 RFL=00000202 [-------] CPL=0 II=0 A20=1 SMM=0 HLT=0
ES =0030 0000000000000000 ffffffff 00cf9300 DPL=0 DS   [-WA]
CS =0038 0000000000000000 ffffffff 00af9a00 DPL=0 CS64 [-R-]
SS =0030 0000000000000000 ffffffff 00cf9300 DPL=0 DS   [-WA]
DS =0030 0000000000000000 ffffffff 00cf9300 DPL=0 DS   [-WA]
FS =0030 0000000000000000 ffffffff 00cf9300 DPL=0 DS   [-WA]
GS =0030 0000000000000000 ffffffff 00cf9300 DPL=0 DS   [-WA]
LDT=0000 0000000000000000 0000ffff 00008200 DPL=0 LDT
TR =0048 00000000075db058 00000067 00008900 DPL=0 TSS64-avl
GDT=     00000000075db000 00000057
IDT=     00000000070e8018 00000fff
CR0=80010033 CR2=0000000000000000 CR3=0000000007801000 CR4=00000668
DR0=0000000000000000 DR1=0000000000000000 DR2=0000000000000000 DR3=0000000000000000 
DR6=00000000ffff0ff0 DR7=0000000000000400
CCS=0000000000000000 CCD=00000000c0c43101 CCO=EFLAGS
EFER=0000000000000d00
Servicing hardware INT=0x20
    55: v=20 e=0000 i=0 cpl=0 IP=0038:0000000006cacc11 pc=0000000006cacc11 SP=0030:0000000007ee34b8 env->regs[R_EAX]=00000000c0c43101
RAX=00000000c0c43101 RBX=00000000070e7498 RCX=00000000070e7498 RDX=0000000000000000
RSI=0000000007f09980 RDI=44515fc33c8d294c RBP=0000000007ee3520 RSP=0000000007ee34b8
R8 =0000000007ee3620 R9 =00000000068b3698 R10=00000000067a37c8 R11=0000000000000004
R12=0000000000000004 R13=0000000007f09880 R14=0000000000000010 R15=0000000007f09980
RIP=0000000006cacc11 RFL=00000202 [-------] CPL=0 II=0 A20=1 SMM=0 HLT=0
ES =0030 0000000000000000 ffffffff 00cf9300 DPL=0 DS   [-WA]
CS =0038 0000000000000000 ffffffff 00af9a00 DPL=0 CS64 [-R-]
SS =0030 0000000000000000 ffffffff 00cf9300 DPL=0 DS   [-WA]
DS =0030 0000000000000000 ffffffff 00cf9300 DPL=0 DS   [-WA]
FS =0030 0000000000000000 ffffffff 00cf9300 DPL=0 DS   [-WA]
GS =0030 0000000000000000 ffffffff 00cf9300 DPL=0 DS   [-WA]
LDT=0000 0000000000000000 0000ffff 00008200 DPL=0 LDT
TR =0048 00000000075db058 00000067 00008900 DPL=0 TSS64-avl
GDT=     00000000075db000 00000057
IDT=     00000000070e8018 00000fff
CR0=80010033 CR2=0000000000000000 CR3=0000000007801000 CR4=00000668
DR0=0000000000000000 DR1=0000000000000000 DR2=0000000000000000 DR3=0000000000000000 
DR6=00000000ffff0ff0 DR7=0000000000000400
CCS=0000000000000000 CCD=00000000c0c43101 CCO=EFLAGS
EFER=0000000000000d00
Servicing hardware INT=0x20
    56: v=20 e=0000 i=0 cpl=0 IP=0038:0000000006cacc11 pc=0000000006cacc11 SP=0030:0000000007ee34b8 env->regs[R_EAX]=00000000c0c43101
RAX=00000000c0c43101 RBX=00000000070e7498 RCX=00000000070e7498 RDX=0000000000000000
RSI=0000000007f09980 RDI=44515fc33c8d294c RBP=0000000007ee3520 RSP=0000000007ee34b8
R8 =0000000007ee3620 R9 =00000000068b3698 R10=00000000067a37c8 R11=0000000000000004
R12=0000000000000004 R13=0000000007f09880 R14=0000000000000010 R15=0000000007f09980
RIP=0000000006cacc11 RFL=00000202 [-------] CPL=0 II=0 A20=1 SMM=0 HLT=0
ES =0030 0000000000000000 ffffffff 00cf9300 DPL=0 DS   [-WA]
CS =0038 0000000000000000 ffffffff 00af9a00 DPL=0 CS64 [-R-]
SS =0030 0000000000000000 ffffffff 00cf9300 DPL=0 DS   [-WA]
DS =0030 0000000000000000 ffffffff 00cf9300 DPL=0 DS   [-WA]
FS =0030 0000000000000000 ffffffff 00cf9300 DPL=0 DS   [-WA]
GS =0030 0000000000000000 ffffffff 00cf9300 DPL=0 DS   [-WA]
LDT=0000 0000000000000000 0000ffff 00008200 DPL=0 LDT
TR =0048 00000000075db058 00000067 00008900 DPL=0 TSS64-avl
GDT=     00000000075db000 00000057
IDT=     00000000070e8018 00000fff
CR0=80010033 CR2=0000000000000000 CR3=0000000007801000 CR4=00000668
DR0=0000000000000000 DR1=0000000000000000 DR2=0000000000000000 DR3=0000000000000000 
DR6=00000000ffff0ff0 DR7=0000000000000400
CCS=0000000000000000 CCD=00000000c0c43101 CCO=EFLAGS
EFER=0000000000000d00
Servicing hardware INT=0x20
    57: v=20 e=0000 i=0 cpl=0 IP=0038:0000000006cacc11 pc=0000000006cacc11 SP=0030:0000000007ee34b8 env->regs[R_EAX]=00000000c0c43101
RAX=00000000c0c43101 RBX=00000000070e7498 RCX=00000000070e7498 RDX=0000000000000000
RSI=0000000007f09980 RDI=44515fc33c8d294c RBP=0000000007ee3520 RSP=0000000007ee34b8
R8 =0000000007ee3620 R9 =00000000068b3698 R10=00000000067a37c8 R11=0000000000000004
R12=0000000000000004 R13=0000000007f09880 R14=0000000000000010 R15=0000000007f09980
RIP=0000000006cacc11 RFL=00000202 [-------] CPL=0 II=0 A20=1 SMM=0 HLT=0
ES =0030 0000000000000000 ffffffff 00cf9300 DPL=0 DS   [-WA]
CS =0038 0000000000000000 ffffffff 00af9a00 DPL=0 CS64 [-R-]
SS =0030 0000000000000000 ffffffff 00cf9300 DPL=0 DS   [-WA]
DS =0030 0000000000000000 ffffffff 00cf9300 DPL=0 DS   [-WA]
FS =0030 0000000000000000 ffffffff 00cf9300 DPL=0 DS   [-WA]
GS =0030 0000000000000000 ffffffff 00cf9300 DPL=0 DS   [-WA]
LDT=0000 0000000000000000 0000ffff 00008200 DPL=0 LDT
TR =0048 00000000075db058 00000067 00008900 DPL=0 TSS64-avl
GDT=     00000000075db000 00000057
IDT=     00000000070e8018 00000fff
CR0=80010033 CR2=0000000000000000 CR3=0000000007801000 CR4=00000668
DR0=0000000000000000 DR1=0000000000000000 DR2=0000000000000000 DR3=0000000000000000 
DR6=00000000ffff0ff0 DR7=0000000000000400
CCS=0000000000000000 CCD=00000000c0c43101 CCO=EFLAGS
EFER=0000000000000d00
Servicing hardware INT=0x20
    58: v=20 e=0000 i=0 cpl=0 IP=0038:0000000006cacc11 pc=0000000006cacc11 SP=0030:0000000007ee34b8 env->regs[R_EAX]=00000000c0c43101
RAX=00000000c0c43101 RBX=00000000070e7498 RCX=00000000070e7498 RDX=0000000000000000
RSI=0000000007f09980 RDI=44515fc33c8d294c RBP=0000000007ee3520 RSP=0000000007ee34b8
R8 =0000000007ee3620 R9 =00000000068b3698 R10=00000000067a37c8 R11=0000000000000004
R12=0000000000000004 R13=0000000007f09880 R14=0000000000000010 R15=0000000007f09980
RIP=0000000006cacc11 RFL=00000202 [-------] CPL=0 II=0 A20=1 SMM=0 HLT=0
ES =0030 0000000000000000 ffffffff 00cf9300 DPL=0 DS   [-WA]
CS =0038 0000000000000000 ffffffff 00af9a00 DPL=0 CS64 [-R-]
SS =0030 0000000000000000 ffffffff 00cf9300 DPL=0 DS   [-WA]
DS =0030 0000000000000000 ffffffff 00cf9300 DPL=0 DS   [-WA]
FS =0030 0000000000000000 ffffffff 00cf9300 DPL=0 DS   [-WA]
GS =0030 0000000000000000 ffffffff 00cf9300 DPL=0 DS   [-WA]
LDT=0000 0000000000000000 0000ffff 00008200 DPL=0 LDT
TR =0048 00000000075db058 00000067 00008900 DPL=0 TSS64-avl
GDT=     00000000075db000 00000057
IDT=     00000000070e8018 00000fff
CR0=80010033 CR2=0000000000000000 CR3=0000000007801000 CR4=00000668
DR0=0000000000000000 DR1=0000000000000000 DR2=0000000000000000 DR3=0000000000000000 
DR6=00000000ffff0ff0 DR7=0000000000000400
CCS=0000000000000000 CCD=00000000c0c43101 CCO=EFLAGS
EFER=0000000000000d00
Servicing hardware INT=0x20
    59: v=20 e=0000 i=0 cpl=0 IP=0038:0000000006cacc11 pc=0000000006cacc11 SP=0030:0000000007ee34b8 env->regs[R_EAX]=00000000c0c43101
RAX=00000000c0c43101 RBX=00000000070e7498 RCX=00000000070e7498 RDX=0000000000000000
RSI=0000000007f09980 RDI=44515fc33c8d294c RBP=0000000007ee3520 RSP=0000000007ee34b8
R8 =0000000007ee3620 R9 =00000000068b3698 R10=00000000067a37c8 R11=0000000000000004
R12=0000000000000004 R13=0000000007f09880 R14=0000000000000010 R15=0000000007f09980
RIP=0000000006cacc11 RFL=00000202 [-------] CPL=0 II=0 A20=1 SMM=0 HLT=0
ES =0030 0000000000000000 ffffffff 00cf9300 DPL=0 DS   [-WA]
CS =0038 0000000000000000 ffffffff 00af9a00 DPL=0 CS64 [-R-]
SS =0030 0000000000000000 ffffffff 00cf9300 DPL=0 DS   [-WA]
DS =0030 0000000000000000 ffffffff 00cf9300 DPL=0 DS   [-WA]
FS =0030 0000000000000000 ffffffff 00cf9300 DPL=0 DS   [-WA]
GS =0030 0000000000000000 ffffffff 00cf9300 DPL=0 DS   [-WA]
LDT=0000 0000000000000000 0000ffff 00008200 DPL=0 LDT
TR =0048 00000000075db058 00000067 00008900 DPL=0 TSS64-avl
GDT=     00000000075db000 00000057
IDT=     00000000070e8018 00000fff
CR0=80010033 CR2=0000000000000000 CR3=0000000007801000 CR4=00000668
DR0=0000000000000000 DR1=0000000000000000 DR2=0000000000000000 DR3=0000000000000000 
DR6=00000000ffff0ff0 DR7=0000000000000400
CCS=0000000000000000 CCD=00000000c0c43101 CCO=EFLAGS
EFER=0000000000000d00
Servicing hardware INT=0x20
    60: v=20 e=0000 i=0 cpl=0 IP=0038:0000000006cacc11 pc=0000000006cacc11 SP=0030:0000000007ee34b8 env->regs[R_EAX]=00000000c0c43101
RAX=00000000c0c43101 RBX=00000000070e7498 RCX=00000000070e7498 RDX=0000000000000000
RSI=0000000007f09980 RDI=44515fc33c8d294c RBP=0000000007ee3520 RSP=0000000007ee34b8
R8 =0000000007ee3620 R9 =00000000068b3698 R10=00000000067a37c8 R11=0000000000000004
R12=0000000000000004 R13=0000000007f09880 R14=0000000000000010 R15=0000000007f09980
RIP=0000000006cacc11 RFL=00000202 [-------] CPL=0 II=0 A20=1 SMM=0 HLT=0
ES =0030 0000000000000000 ffffffff 00cf9300 DPL=0 DS   [-WA]
CS =0038 0000000000000000 ffffffff 00af9a00 DPL=0 CS64 [-R-]
SS =0030 0000000000000000 ffffffff 00cf9300 DPL=0 DS   [-WA]
DS =0030 0000000000000000 ffffffff 00cf9300 DPL=0 DS   [-WA]
FS =0030 0000000000000000 ffffffff 00cf9300 DPL=0 DS   [-WA]
GS =0030 0000000000000000 ffffffff 00cf9300 DPL=0 DS   [-WA]
LDT=0000 0000000000000000 0000ffff 00008200 DPL=0 LDT
TR =0048 00000000075db058 00000067 00008900 DPL=0 TSS64-avl
GDT=     00000000075db000 00000057
IDT=     00000000070e8018 00000fff
CR0=80010033 CR2=0000000000000000 CR3=0000000007801000 CR4=00000668
DR0=0000000000000000 DR1=0000000000000000 DR2=0000000000000000 DR3=0000000000000000 
DR6=00000000ffff0ff0 DR7=0000000000000400
CCS=0000000000000000 CCD=00000000c0c43101 CCO=EFLAGS
EFER=0000000000000d00
Servicing hardware INT=0x20
    61: v=20 e=0000 i=0 cpl=0 IP=0038:0000000006cacc11 pc=0000000006cacc11 SP=0030:0000000007ee34b8 env->regs[R_EAX]=00000000c0c43101
RAX=00000000c0c43101 RBX=00000000070e7498 RCX=00000000070e7498 RDX=0000000000000000
RSI=0000000007f09980 RDI=44515fc33c8d294c RBP=0000000007ee3520 RSP=0000000007ee34b8
R8 =0000000007ee3620 R9 =00000000068b3698 R10=00000000067a37c8 R11=0000000000000004
R12=0000000000000004 R13=0000000007f09880 R14=0000000000000010 R15=0000000007f09980
RIP=0000000006cacc11 RFL=00000202 [-------] CPL=0 II=0 A20=1 SMM=0 HLT=0
ES =0030 0000000000000000 ffffffff 00cf9300 DPL=0 DS   [-WA]
CS =0038 0000000000000000 ffffffff 00af9a00 DPL=0 CS64 [-R-]
SS =0030 0000000000000000 ffffffff 00cf9300 DPL=0 DS   [-WA]
DS =0030 0000000000000000 ffffffff 00cf9300 DPL=0 DS   [-WA]
FS =0030 0000000000000000 ffffffff 00cf9300 DPL=0 DS   [-WA]
GS =0030 0000000000000000 ffffffff 00cf9300 DPL=0 DS   [-WA]
LDT=0000 0000000000000000 0000ffff 00008200 DPL=0 LDT
TR =0048 00000000075db058 00000067 00008900 DPL=0 TSS64-avl
GDT=     00000000075db000 00000057
IDT=     00000000070e8018 00000fff
CR0=80010033 CR2=0000000000000000 CR3=0000000007801000 CR4=00000668
DR0=0000000000000000 DR1=0000000000000000 DR2=0000000000000000 DR3=0000000000000000 
DR6=00000000ffff0ff0 DR7=0000000000000400
CCS=0000000000000000 CCD=00000000c0c43101 CCO=EFLAGS
EFER=0000000000000d00
Servicing hardware INT=0x20
    62: v=20 e=0000 i=0 cpl=0 IP=0038:0000000006cacc11 pc=0000000006cacc11 SP=0030:0000000007ee34b8 env->regs[R_EAX]=00000000c0c43101
RAX=00000000c0c43101 RBX=00000000070e7498 RCX=00000000070e7498 RDX=0000000000000000
RSI=0000000007f09980 RDI=44515fc33c8d294c RBP=0000000007ee3520 RSP=0000000007ee34b8
R8 =0000000007ee3620 R9 =00000000068b3698 R10=00000000067a37c8 R11=0000000000000004
R12=0000000000000004 R13=0000000007f09880 R14=0000000000000010 R15=0000000007f09980
RIP=0000000006cacc11 RFL=00000202 [-------] CPL=0 II=0 A20=1 SMM=0 HLT=0
ES =0030 0000000000000000 ffffffff 00cf9300 DPL=0 DS   [-WA]
CS =0038 0000000000000000 ffffffff 00af9a00 DPL=0 CS64 [-R-]
SS =0030 0000000000000000 ffffffff 00cf9300 DPL=0 DS   [-WA]
DS =0030 0000000000000000 ffffffff 00cf9300 DPL=0 DS   [-WA]
FS =0030 0000000000000000 ffffffff 00cf9300 DPL=0 DS   [-WA]
GS =0030 0000000000000000 ffffffff 00cf9300 DPL=0 DS   [-WA]
LDT=0000 0000000000000000 0000ffff 00008200 DPL=0 LDT
TR =0048 00000000075db058 00000067 00008900 DPL=0 TSS64-avl
GDT=     00000000075db000 00000057
IDT=     00000000070e8018 00000fff
CR0=80010033 CR2=0000000000000000 CR3=0000000007801000 CR4=00000668
DR0=0000000000000000 DR1=0000000000000000 DR2=0000000000000000 DR3=0000000000000000 
DR6=00000000ffff0ff0 DR7=0000000000000400
CCS=0000000000000000 CCD=00000000c0c43101 CCO=EFLAGS
EFER=0000000000000d00
Servicing hardware INT=0x20
    63: v=20 e=0000 i=0 cpl=0 IP=0038:0000000006cacc11 pc=0000000006cacc11 SP=0030:0000000007ee34b8 env->regs[R_EAX]=00000000c0c43101
RAX=00000000c0c43101 RBX=00000000070e7498 RCX=00000000070e7498 RDX=0000000000000000
RSI=0000000007f09980 RDI=44515fc33c8d294c RBP=0000000007ee3520 RSP=0000000007ee34b8
R8 =0000000007ee3620 R9 =00000000068b3698 R10=00000000067a37c8 R11=0000000000000004
R12=0000000000000004 R13=0000000007f09880 R14=0000000000000010 R15=0000000007f09980
RIP=0000000006cacc11 RFL=00000202 [-------] CPL=0 II=0 A20=1 SMM=0 HLT=0
ES =0030 0000000000000000 ffffffff 00cf9300 DPL=0 DS   [-WA]
CS =0038 0000000000000000 ffffffff 00af9a00 DPL=0 CS64 [-R-]
SS =0030 0000000000000000 ffffffff 00cf9300 DPL=0 DS   [-WA]
DS =0030 0000000000000000 ffffffff 00cf9300 DPL=0 DS   [-WA]
FS =0030 0000000000000000 ffffffff 00cf9300 DPL=0 DS   [-WA]
GS =0030 0000000000000000 ffffffff 00cf9300 DPL=0 DS   [-WA]
LDT=0000 0000000000000000 0000ffff 00008200 DPL=0 LDT
TR =0048 00000000075db058 00000067 00008900 DPL=0 TSS64-avl
GDT=     00000000075db000 00000057
IDT=     00000000070e8018 00000fff
CR0=80010033 CR2=0000000000000000 CR3=0000000007801000 CR4=00000668
DR0=0000000000000000 DR1=0000000000000000 DR2=0000000000000000 DR3=0000000000000000 
DR6=00000000ffff0ff0 DR7=0000000000000400
CCS=0000000000000000 CCD=00000000c0c43101 CCO=EFLAGS
EFER=0000000000000d00
Servicing hardware INT=0x20
    64: v=20 e=0000 i=0 cpl=0 IP=0038:0000000006cacc11 pc=0000000006cacc11 SP=0030:0000000007ee34b8 env->regs[R_EAX]=00000000c0c43101
RAX=00000000c0c43101 RBX=00000000070e7498 RCX=00000000070e7498 RDX=0000000000000000
RSI=0000000007f09980 RDI=44515fc33c8d294c RBP=0000000007ee3520 RSP=0000000007ee34b8
R8 =0000000007ee3620 R9 =00000000068b3698 R10=00000000067a37c8 R11=0000000000000004
R12=0000000000000004 R13=0000000007f09880 R14=0000000000000010 R15=0000000007f09980
RIP=0000000006cacc11 RFL=00000202 [-------] CPL=0 II=0 A20=1 SMM=0 HLT=0
ES =0030 0000000000000000 ffffffff 00cf9300 DPL=0 DS   [-WA]
CS =0038 0000000000000000 ffffffff 00af9a00 DPL=0 CS64 [-R-]
SS =0030 0000000000000000 ffffffff 00cf9300 DPL=0 DS   [-WA]
DS =0030 0000000000000000 ffffffff 00cf9300 DPL=0 DS   [-WA]
FS =0030 0000000000000000 ffffffff 00cf9300 DPL=0 DS   [-WA]
GS =0030 0000000000000000 ffffffff 00cf9300 DPL=0 DS   [-WA]
LDT=0000 0000000000000000 0000ffff 00008200 DPL=0 LDT
TR =0048 00000000075db058 00000067 00008900 DPL=0 TSS64-avl
GDT=     00000000075db000 00000057
IDT=     00000000070e8018 00000fff
CR0=80010033 CR2=0000000000000000 CR3=0000000007801000 CR4=00000668
DR0=0000000000000000 DR1=0000000000000000 DR2=0000000000000000 DR3=0000000000000000 
DR6=00000000ffff0ff0 DR7=0000000000000400
CCS=0000000000000000 CCD=00000000c0c43101 CCO=EFLAGS
EFER=0000000000000d00
Servicing hardware INT=0x20
    65: v=20 e=0000 i=0 cpl=0 IP=0038:0000000006cacc11 pc=0000000006cacc11 SP=0030:0000000007ee34b8 env->regs[R_EAX]=00000000c0c43101
RAX=00000000c0c43101 RBX=00000000070e7498 RCX=00000000070e7498 RDX=0000000000000000
RSI=0000000007f09980 RDI=44515fc33c8d294c RBP=0000000007ee3520 RSP=0000000007ee34b8
R8 =0000000007ee3620 R9 =00000000068b3698 R10=00000000067a37c8 R11=0000000000000004
R12=0000000000000004 R13=0000000007f09880 R14=0000000000000010 R15=0000000007f09980
RIP=0000000006cacc11 RFL=00000202 [-------] CPL=0 II=0 A20=1 SMM=0 HLT=0
ES =0030 0000000000000000 ffffffff 00cf9300 DPL=0 DS   [-WA]
CS =0038 0000000000000000 ffffffff 00af9a00 DPL=0 CS64 [-R-]
SS =0030 0000000000000000 ffffffff 00cf9300 DPL=0 DS   [-WA]
DS =0030 0000000000000000 ffffffff 00cf9300 DPL=0 DS   [-WA]
FS =0030 0000000000000000 ffffffff 00cf9300 DPL=0 DS   [-WA]
GS =0030 0000000000000000 ffffffff 00cf9300 DPL=0 DS   [-WA]
LDT=0000 0000000000000000 0000ffff 00008200 DPL=0 LDT
TR =0048 00000000075db058 00000067 00008900 DPL=0 TSS64-avl
GDT=     00000000075db000 00000057
IDT=     00000000070e8018 00000fff
CR0=80010033 CR2=0000000000000000 CR3=0000000007801000 CR4=00000668
DR0=0000000000000000 DR1=0000000000000000 DR2=0000000000000000 DR3=0000000000000000 
DR6=00000000ffff0ff0 DR7=0000000000000400
CCS=0000000000000000 CCD=00000000c0c43101 CCO=EFLAGS
EFER=0000000000000d00
Servicing hardware INT=0x20
    66: v=20 e=0000 i=0 cpl=0 IP=0038:0000000006cacc11 pc=0000000006cacc11 SP=0030:0000000007ee34b8 env->regs[R_EAX]=00000000c0c43101
RAX=00000000c0c43101 RBX=00000000070e7498 RCX=00000000070e7498 RDX=0000000000000000
RSI=0000000007f09980 RDI=44515fc33c8d294c RBP=0000000007ee3520 RSP=0000000007ee34b8
R8 =0000000007ee3620 R9 =00000000068b3698 R10=00000000067a37c8 R11=0000000000000004
R12=0000000000000004 R13=0000000007f09880 R14=0000000000000010 R15=0000000007f09980
RIP=0000000006cacc11 RFL=00000202 [-------] CPL=0 II=0 A20=1 SMM=0 HLT=0
ES =0030 0000000000000000 ffffffff 00cf9300 DPL=0 DS   [-WA]
CS =0038 0000000000000000 ffffffff 00af9a00 DPL=0 CS64 [-R-]
SS =0030 0000000000000000 ffffffff 00cf9300 DPL=0 DS   [-WA]
DS =0030 0000000000000000 ffffffff 00cf9300 DPL=0 DS   [-WA]
FS =0030 0000000000000000 ffffffff 00cf9300 DPL=0 DS   [-WA]
GS =0030 0000000000000000 ffffffff 00cf9300 DPL=0 DS   [-WA]
LDT=0000 0000000000000000 0000ffff 00008200 DPL=0 LDT
TR =0048 00000000075db058 00000067 00008900 DPL=0 TSS64-avl
GDT=     00000000075db000 00000057
IDT=     00000000070e8018 00000fff
CR0=80010033 CR2=0000000000000000 CR3=0000000007801000 CR4=00000668
DR0=0000000000000000 DR1=0000000000000000 DR2=0000000000000000 DR3=0000000000000000 
DR6=00000000ffff0ff0 DR7=0000000000000400
CCS=0000000000000000 CCD=00000000c0c43101 CCO=EFLAGS
EFER=0000000000000d00
Servicing hardware INT=0x20
    67: v=20 e=0000 i=0 cpl=0 IP=0038:0000000006cacc11 pc=0000000006cacc11 SP=0030:0000000007ee34b8 env->regs[R_EAX]=00000000c0c43101
RAX=00000000c0c43101 RBX=00000000070e7498 RCX=00000000070e7498 RDX=0000000000000000
RSI=0000000007f09980 RDI=44515fc33c8d294c RBP=0000000007ee3520 RSP=0000000007ee34b8
R8 =0000000007ee3620 R9 =00000000068b3698 R10=00000000067a37c8 R11=0000000000000004
R12=0000000000000004 R13=0000000007f09880 R14=0000000000000010 R15=0000000007f09980
RIP=0000000006cacc11 RFL=00000202 [-------] CPL=0 II=0 A20=1 SMM=0 HLT=0
ES =0030 0000000000000000 ffffffff 00cf9300 DPL=0 DS   [-WA]
CS =0038 0000000000000000 ffffffff 00af9a00 DPL=0 CS64 [-R-]
SS =0030 0000000000000000 ffffffff 00cf9300 DPL=0 DS   [-WA]
DS =0030 0000000000000000 ffffffff 00cf9300 DPL=0 DS   [-WA]
FS =0030 0000000000000000 ffffffff 00cf9300 DPL=0 DS   [-WA]
GS =0030 0000000000000000 ffffffff 00cf9300 DPL=0 DS   [-WA]
LDT=0000 0000000000000000 0000ffff 00008200 DPL=0 LDT
TR =0048 00000000075db058 00000067 00008900 DPL=0 TSS64-avl
GDT=     00000000075db000 00000057
IDT=     00000000070e8018 00000fff
CR0=80010033 CR2=0000000000000000 CR3=0000000007801000 CR4=00000668
DR0=0000000000000000 DR1=0000000000000000 DR2=0000000000000000 DR3=0000000000000000 
DR6=00000000ffff0ff0 DR7=0000000000000400
CCS=0000000000000000 CCD=00000000c0c43101 CCO=EFLAGS
EFER=0000000000000d00
Servicing hardware INT=0x20
    68: v=20 e=0000 i=0 cpl=0 IP=0038:0000000006cacc11 pc=0000000006cacc11 SP=0030:0000000007ee34b8 env->regs[R_EAX]=00000000c0c43101
RAX=00000000c0c43101 RBX=00000000070e7498 RCX=00000000070e7498 RDX=0000000000000000
RSI=0000000007f09980 RDI=44515fc33c8d294c RBP=0000000007ee3520 RSP=0000000007ee34b8
R8 =0000000007ee3620 R9 =00000000068b3698 R10=00000000067a37c8 R11=0000000000000004
R12=0000000000000004 R13=0000000007f09880 R14=0000000000000010 R15=0000000007f09980
RIP=0000000006cacc11 RFL=00000202 [-------] CPL=0 II=0 A20=1 SMM=0 HLT=0
ES =0030 0000000000000000 ffffffff 00cf9300 DPL=0 DS   [-WA]
CS =0038 0000000000000000 ffffffff 00af9a00 DPL=0 CS64 [-R-]
SS =0030 0000000000000000 ffffffff 00cf9300 DPL=0 DS   [-WA]
DS =0030 0000000000000000 ffffffff 00cf9300 DPL=0 DS   [-WA]
FS =0030 0000000000000000 ffffffff 00cf9300 DPL=0 DS   [-WA]
GS =0030 0000000000000000 ffffffff 00cf9300 DPL=0 DS   [-WA]
LDT=0000 0000000000000000 0000ffff 00008200 DPL=0 LDT
TR =0048 00000000075db058 00000067 00008900 DPL=0 TSS64-avl
GDT=     00000000075db000 00000057
IDT=     00000000070e8018 00000fff
CR0=80010033 CR2=0000000000000000 CR3=0000000007801000 CR4=00000668
DR0=0000000000000000 DR1=0000000000000000 DR2=0000000000000000 DR3=0000000000000000 
DR6=00000000ffff0ff0 DR7=0000000000000400
CCS=0000000000000000 CCD=00000000c0c43101 CCO=EFLAGS
EFER=0000000000000d00
Servicing hardware INT=0x20
    69: v=20 e=0000 i=0 cpl=0 IP=0038:0000000006cacc11 pc=0000000006cacc11 SP=0030:0000000007ee34b8 env->regs[R_EAX]=00000000c0c43101
RAX=00000000c0c43101 RBX=00000000070e7498 RCX=00000000070e7498 RDX=0000000000000000
RSI=0000000007f09980 RDI=44515fc33c8d294c RBP=0000000007ee3520 RSP=0000000007ee34b8
R8 =0000000007ee3620 R9 =00000000068b3698 R10=00000000067a37c8 R11=0000000000000004
R12=0000000000000004 R13=0000000007f09880 R14=0000000000000010 R15=0000000007f09980
RIP=0000000006cacc11 RFL=00000202 [-------] CPL=0 II=0 A20=1 SMM=0 HLT=0
ES =0030 0000000000000000 ffffffff 00cf9300 DPL=0 DS   [-WA]
CS =0038 0000000000000000 ffffffff 00af9a00 DPL=0 CS64 [-R-]
SS =0030 0000000000000000 ffffffff 00cf9300 DPL=0 DS   [-WA]
DS =0030 0000000000000000 ffffffff 00cf9300 DPL=0 DS   [-WA]
FS =0030 0000000000000000 ffffffff 00cf9300 DPL=0 DS   [-WA]
GS =0030 0000000000000000 ffffffff 00cf9300 DPL=0 DS   [-WA]
LDT=0000 0000000000000000 0000ffff 00008200 DPL=0 LDT
TR =0048 00000000075db058 00000067 00008900 DPL=0 TSS64-avl
GDT=     00000000075db000 00000057
IDT=     00000000070e8018 00000fff
CR0=80010033 CR2=0000000000000000 CR3=0000000007801000 CR4=00000668
DR0=0000000000000000 DR1=0000000000000000 DR2=0000000000000000 DR3=0000000000000000 
DR6=00000000ffff0ff0 DR7=0000000000000400
CCS=0000000000000000 CCD=00000000c0c43101 CCO=EFLAGS
EFER=0000000000000d00
Servicing hardware INT=0x20
    70: v=20 e=0000 i=0 cpl=0 IP=0038:0000000006cacc11 pc=0000000006cacc11 SP=0030:0000000007ee34b8 env->regs[R_EAX]=00000000c0c43101
RAX=00000000c0c43101 RBX=00000000070e7498 RCX=00000000070e7498 RDX=0000000000000000
RSI=0000000007f09980 RDI=44515fc33c8d294c RBP=0000000007ee3520 RSP=0000000007ee34b8
R8 =0000000007ee3620 R9 =00000000068b3698 R10=00000000067a37c8 R11=0000000000000004
R12=0000000000000004 R13=0000000007f09880 R14=0000000000000010 R15=0000000007f09980
RIP=0000000006cacc11 RFL=00000202 [-------] CPL=0 II=0 A20=1 SMM=0 HLT=0
ES =0030 0000000000000000 ffffffff 00cf9300 DPL=0 DS   [-WA]
CS =0038 0000000000000000 ffffffff 00af9a00 DPL=0 CS64 [-R-]
SS =0030 0000000000000000 ffffffff 00cf9300 DPL=0 DS   [-WA]
DS =0030 0000000000000000 ffffffff 00cf9300 DPL=0 DS   [-WA]
FS =0030 0000000000000000 ffffffff 00cf9300 DPL=0 DS   [-WA]
GS =0030 0000000000000000 ffffffff 00cf9300 DPL=0 DS   [-WA]
LDT=0000 0000000000000000 0000ffff 00008200 DPL=0 LDT
TR =0048 00000000075db058 00000067 00008900 DPL=0 TSS64-avl
GDT=     00000000075db000 00000057
IDT=     00000000070e8018 00000fff
CR0=80010033 CR2=0000000000000000 CR3=0000000007801000 CR4=00000668
DR0=0000000000000000 DR1=0000000000000000 DR2=0000000000000000 DR3=0000000000000000 
DR6=00000000ffff0ff0 DR7=0000000000000400
CCS=0000000000000000 CCD=00000000c0c43101 CCO=EFLAGS
EFER=0000000000000d00
Servicing hardware INT=0x20
    71: v=20 e=0000 i=0 cpl=0 IP=0038:0000000006cacc11 pc=0000000006cacc11 SP=0030:0000000007ee34b8 env->regs[R_EAX]=00000000c0c43101
RAX=00000000c0c43101 RBX=00000000070e7498 RCX=00000000070e7498 RDX=0000000000000000
RSI=0000000007f09980 RDI=44515fc33c8d294c RBP=0000000007ee3520 RSP=0000000007ee34b8
R8 =0000000007ee3620 R9 =00000000068b3698 R10=00000000067a37c8 R11=0000000000000004
R12=0000000000000004 R13=0000000007f09880 R14=0000000000000010 R15=0000000007f09980
RIP=0000000006cacc11 RFL=00000202 [-------] CPL=0 II=0 A20=1 SMM=0 HLT=0
ES =0030 0000000000000000 ffffffff 00cf9300 DPL=0 DS   [-WA]
CS =0038 0000000000000000 ffffffff 00af9a00 DPL=0 CS64 [-R-]
SS =0030 0000000000000000 ffffffff 00cf9300 DPL=0 DS   [-WA]
DS =0030 0000000000000000 ffffffff 00cf9300 DPL=0 DS   [-WA]
FS =0030 0000000000000000 ffffffff 00cf9300 DPL=0 DS   [-WA]
GS =0030 0000000000000000 ffffffff 00cf9300 DPL=0 DS   [-WA]
LDT=0000 0000000000000000 0000ffff 00008200 DPL=0 LDT
TR =0048 00000000075db058 00000067 00008900 DPL=0 TSS64-avl
GDT=     00000000075db000 00000057
IDT=     00000000070e8018 00000fff
CR0=80010033 CR2=0000000000000000 CR3=0000000007801000 CR4=00000668
DR0=0000000000000000 DR1=0000000000000000 DR2=0000000000000000 DR3=0000000000000000 
DR6=00000000ffff0ff0 DR7=0000000000000400
CCS=0000000000000000 CCD=00000000c0c43101 CCO=EFLAGS
EFER=0000000000000d00
Servicing hardware INT=0x20
    72: v=20 e=0000 i=0 cpl=0 IP=0038:0000000006cacc11 pc=0000000006cacc11 SP=0030:0000000007ee34b8 env->regs[R_EAX]=00000000c0c43101
RAX=00000000c0c43101 RBX=00000000070e7498 RCX=00000000070e7498 RDX=0000000000000000
RSI=0000000007f09980 RDI=44515fc33c8d294c RBP=0000000007ee3520 RSP=0000000007ee34b8
R8 =0000000007ee3620 R9 =00000000068b3698 R10=00000000067a37c8 R11=0000000000000004
R12=0000000000000004 R13=0000000007f09880 R14=0000000000000010 R15=0000000007f09980
RIP=0000000006cacc11 RFL=00000202 [-------] CPL=0 II=0 A20=1 SMM=0 HLT=0
ES =0030 0000000000000000 ffffffff 00cf9300 DPL=0 DS   [-WA]
CS =0038 0000000000000000 ffffffff 00af9a00 DPL=0 CS64 [-R-]
SS =0030 0000000000000000 ffffffff 00cf9300 DPL=0 DS   [-WA]
DS =0030 0000000000000000 ffffffff 00cf9300 DPL=0 DS   [-WA]
FS =0030 0000000000000000 ffffffff 00cf9300 DPL=0 DS   [-WA]
GS =0030 0000000000000000 ffffffff 00cf9300 DPL=0 DS   [-WA]
LDT=0000 0000000000000000 0000ffff 00008200 DPL=0 LDT
TR =0048 00000000075db058 00000067 00008900 DPL=0 TSS64-avl
GDT=     00000000075db000 00000057
IDT=     00000000070e8018 00000fff
CR0=80010033 CR2=0000000000000000 CR3=0000000007801000 CR4=00000668
DR0=0000000000000000 DR1=0000000000000000 DR2=0000000000000000 DR3=0000000000000000 
DR6=00000000ffff0ff0 DR7=0000000000000400
CCS=0000000000000000 CCD=00000000c0c43101 CCO=EFLAGS
EFER=0000000000000d00
Servicing hardware INT=0x20
    73: v=20 e=0000 i=0 cpl=0 IP=0038:0000000006cacc11 pc=0000000006cacc11 SP=0030:0000000007ee34b8 env->regs[R_EAX]=00000000c0c43101
RAX=00000000c0c43101 RBX=00000000070e7498 RCX=00000000070e7498 RDX=0000000000000000
RSI=0000000007f09980 RDI=44515fc33c8d294c RBP=0000000007ee3520 RSP=0000000007ee34b8
R8 =0000000007ee3620 R9 =00000000068b3698 R10=00000000067a37c8 R11=0000000000000004
R12=0000000000000004 R13=0000000007f09880 R14=0000000000000010 R15=0000000007f09980
RIP=0000000006cacc11 RFL=00000202 [-------] CPL=0 II=0 A20=1 SMM=0 HLT=0
ES =0030 0000000000000000 ffffffff 00cf9300 DPL=0 DS   [-WA]
CS =0038 0000000000000000 ffffffff 00af9a00 DPL=0 CS64 [-R-]
SS =0030 0000000000000000 ffffffff 00cf9300 DPL=0 DS   [-WA]
DS =0030 0000000000000000 ffffffff 00cf9300 DPL=0 DS   [-WA]
FS =0030 0000000000000000 ffffffff 00cf9300 DPL=0 DS   [-WA]
GS =0030 0000000000000000 ffffffff 00cf9300 DPL=0 DS   [-WA]
LDT=0000 0000000000000000 0000ffff 00008200 DPL=0 LDT
TR =0048 00000000075db058 00000067 00008900 DPL=0 TSS64-avl
GDT=     00000000075db000 00000057
IDT=     00000000070e8018 00000fff
CR0=80010033 CR2=0000000000000000 CR3=0000000007801000 CR4=00000668
DR0=0000000000000000 DR1=0000000000000000 DR2=0000000000000000 DR3=0000000000000000 
DR6=00000000ffff0ff0 DR7=0000000000000400
CCS=0000000000000000 CCD=00000000c0c43101 CCO=EFLAGS
EFER=0000000000000d00
Servicing hardware INT=0x20
    74: v=20 e=0000 i=0 cpl=0 IP=0038:0000000006cacc11 pc=0000000006cacc11 SP=0030:0000000007ee34b8 env->regs[R_EAX]=00000000c0c43101
RAX=00000000c0c43101 RBX=00000000070e7498 RCX=00000000070e7498 RDX=0000000000000000
RSI=0000000007f09980 RDI=44515fc33c8d294c RBP=0000000007ee3520 RSP=0000000007ee34b8
R8 =0000000007ee3620 R9 =00000000068b3698 R10=00000000067a37c8 R11=0000000000000004
R12=0000000000000004 R13=0000000007f09880 R14=0000000000000010 R15=0000000007f09980
RIP=0000000006cacc11 RFL=00000202 [-------] CPL=0 II=0 A20=1 SMM=0 HLT=0
ES =0030 0000000000000000 ffffffff 00cf9300 DPL=0 DS   [-WA]
CS =0038 0000000000000000 ffffffff 00af9a00 DPL=0 CS64 [-R-]
SS =0030 0000000000000000 ffffffff 00cf9300 DPL=0 DS   [-WA]
DS =0030 0000000000000000 ffffffff 00cf9300 DPL=0 DS   [-WA]
FS =0030 0000000000000000 ffffffff 00cf9300 DPL=0 DS   [-WA]
GS =0030 0000000000000000 ffffffff 00cf9300 DPL=0 DS   [-WA]
LDT=0000 0000000000000000 0000ffff 00008200 DPL=0 LDT
TR =0048 00000000075db058 00000067 00008900 DPL=0 TSS64-avl
GDT=     00000000075db000 00000057
IDT=     00000000070e8018 00000fff
CR0=80010033 CR2=0000000000000000 CR3=0000000007801000 CR4=00000668
DR0=0000000000000000 DR1=0000000000000000 DR2=0000000000000000 DR3=0000000000000000 
DR6=00000000ffff0ff0 DR7=0000000000000400
CCS=0000000000000000 CCD=00000000c0c43101 CCO=EFLAGS
EFER=0000000000000d00
Servicing hardware INT=0x20
    75: v=20 e=0000 i=0 cpl=0 IP=0038:0000000006cacc11 pc=0000000006cacc11 SP=0030:0000000007ee34b8 env->regs[R_EAX]=00000000c0c43101
RAX=00000000c0c43101 RBX=00000000070e7498 RCX=00000000070e7498 RDX=0000000000000000
RSI=0000000007f09980 RDI=44515fc33c8d294c RBP=0000000007ee3520 RSP=0000000007ee34b8
R8 =0000000007ee3620 R9 =00000000068b3698 R10=00000000067a37c8 R11=0000000000000004
R12=0000000000000004 R13=0000000007f09880 R14=0000000000000010 R15=0000000007f09980
RIP=0000000006cacc11 RFL=00000202 [-------] CPL=0 II=0 A20=1 SMM=0 HLT=0
ES =0030 0000000000000000 ffffffff 00cf9300 DPL=0 DS   [-WA]
CS =0038 0000000000000000 ffffffff 00af9a00 DPL=0 CS64 [-R-]
SS =0030 0000000000000000 ffffffff 00cf9300 DPL=0 DS   [-WA]
DS =0030 0000000000000000 ffffffff 00cf9300 DPL=0 DS   [-WA]
FS =0030 0000000000000000 ffffffff 00cf9300 DPL=0 DS   [-WA]
GS =0030 0000000000000000 ffffffff 00cf9300 DPL=0 DS   [-WA]
LDT=0000 0000000000000000 0000ffff 00008200 DPL=0 LDT
TR =0048 00000000075db058 00000067 00008900 DPL=0 TSS64-avl
GDT=     00000000075db000 00000057
IDT=     00000000070e8018 00000fff
CR0=80010033 CR2=0000000000000000 CR3=0000000007801000 CR4=00000668
DR0=0000000000000000 DR1=0000000000000000 DR2=0000000000000000 DR3=0000000000000000 
DR6=00000000ffff0ff0 DR7=0000000000000400
CCS=0000000000000000 CCD=00000000c0c43101 CCO=EFLAGS
EFER=0000000000000d00
Servicing hardware INT=0x20
    76: v=20 e=0000 i=0 cpl=0 IP=0038:0000000006cacc11 pc=0000000006cacc11 SP=0030:0000000007ee34b8 env->regs[R_EAX]=00000000c0c43101
RAX=00000000c0c43101 RBX=00000000070e7498 RCX=00000000070e7498 RDX=0000000000000000
RSI=0000000007f09980 RDI=44515fc33c8d294c RBP=0000000007ee3520 RSP=0000000007ee34b8
R8 =0000000007ee3620 R9 =00000000068b3698 R10=00000000067a37c8 R11=0000000000000004
R12=0000000000000004 R13=0000000007f09880 R14=0000000000000010 R15=0000000007f09980
RIP=0000000006cacc11 RFL=00000202 [-------] CPL=0 II=0 A20=1 SMM=0 HLT=0
ES =0030 0000000000000000 ffffffff 00cf9300 DPL=0 DS   [-WA]
CS =0038 0000000000000000 ffffffff 00af9a00 DPL=0 CS64 [-R-]
SS =0030 0000000000000000 ffffffff 00cf9300 DPL=0 DS   [-WA]
DS =0030 0000000000000000 ffffffff 00cf9300 DPL=0 DS   [-WA]
FS =0030 0000000000000000 ffffffff 00cf9300 DPL=0 DS   [-WA]
GS =0030 0000000000000000 ffffffff 00cf9300 DPL=0 DS   [-WA]
LDT=0000 0000000000000000 0000ffff 00008200 DPL=0 LDT
TR =0048 00000000075db058 00000067 00008900 DPL=0 TSS64-avl
GDT=     00000000075db000 00000057
IDT=     00000000070e8018 00000fff
CR0=80010033 CR2=0000000000000000 CR3=0000000007801000 CR4=00000668
DR0=0000000000000000 DR1=0000000000000000 DR2=0000000000000000 DR3=0000000000000000 
DR6=00000000ffff0ff0 DR7=0000000000000400
CCS=0000000000000000 CCD=00000000c0c43101 CCO=EFLAGS
EFER=0000000000000d00
Servicing hardware INT=0x20
    77: v=20 e=0000 i=0 cpl=0 IP=0038:0000000006cacc11 pc=0000000006cacc11 SP=0030:0000000007ee34b8 env->regs[R_EAX]=00000000c0c43101
RAX=00000000c0c43101 RBX=00000000070e7498 RCX=00000000070e7498 RDX=0000000000000000
RSI=0000000007f09980 RDI=44515fc33c8d294c RBP=0000000007ee3520 RSP=0000000007ee34b8
R8 =0000000007ee3620 R9 =00000000068b3698 R10=00000000067a37c8 R11=0000000000000004
R12=0000000000000004 R13=0000000007f09880 R14=0000000000000010 R15=0000000007f09980
RIP=0000000006cacc11 RFL=00000202 [-------] CPL=0 II=0 A20=1 SMM=0 HLT=0
ES =0030 0000000000000000 ffffffff 00cf9300 DPL=0 DS   [-WA]
CS =0038 0000000000000000 ffffffff 00af9a00 DPL=0 CS64 [-R-]
SS =0030 0000000000000000 ffffffff 00cf9300 DPL=0 DS   [-WA]
DS =0030 0000000000000000 ffffffff 00cf9300 DPL=0 DS   [-WA]
FS =0030 0000000000000000 ffffffff 00cf9300 DPL=0 DS   [-WA]
GS =0030 0000000000000000 ffffffff 00cf9300 DPL=0 DS   [-WA]
LDT=0000 0000000000000000 0000ffff 00008200 DPL=0 LDT
TR =0048 00000000075db058 00000067 00008900 DPL=0 TSS64-avl
GDT=     00000000075db000 00000057
IDT=     00000000070e8018 00000fff
CR0=80010033 CR2=0000000000000000 CR3=0000000007801000 CR4=00000668
DR0=0000000000000000 DR1=0000000000000000 DR2=0000000000000000 DR3=0000000000000000 
DR6=00000000ffff0ff0 DR7=0000000000000400
CCS=0000000000000000 CCD=00000000c0c43101 CCO=EFLAGS
EFER=0000000000000d00
Servicing hardware INT=0x20
    78: v=20 e=0000 i=0 cpl=0 IP=0038:0000000006cacc11 pc=0000000006cacc11 SP=0030:0000000007ee34b8 env->regs[R_EAX]=00000000c0c43101
RAX=00000000c0c43101 RBX=00000000070e7498 RCX=00000000070e7498 RDX=0000000000000000
RSI=0000000007f09980 RDI=44515fc33c8d294c RBP=0000000007ee3520 RSP=0000000007ee34b8
R8 =0000000007ee3620 R9 =00000000068b3698 R10=00000000067a37c8 R11=0000000000000004
R12=0000000000000004 R13=0000000007f09880 R14=0000000000000010 R15=0000000007f09980
RIP=0000000006cacc11 RFL=00000202 [-------] CPL=0 II=0 A20=1 SMM=0 HLT=0
ES =0030 0000000000000000 ffffffff 00cf9300 DPL=0 DS   [-WA]
CS =0038 0000000000000000 ffffffff 00af9a00 DPL=0 CS64 [-R-]
SS =0030 0000000000000000 ffffffff 00cf9300 DPL=0 DS   [-WA]
DS =0030 0000000000000000 ffffffff 00cf9300 DPL=0 DS   [-WA]
FS =0030 0000000000000000 ffffffff 00cf9300 DPL=0 DS   [-WA]
GS =0030 0000000000000000 ffffffff 00cf9300 DPL=0 DS   [-WA]
LDT=0000 0000000000000000 0000ffff 00008200 DPL=0 LDT
TR =0048 00000000075db058 00000067 00008900 DPL=0 TSS64-avl
GDT=     00000000075db000 00000057
IDT=     00000000070e8018 00000fff
CR0=80010033 CR2=0000000000000000 CR3=0000000007801000 CR4=00000668
DR0=0000000000000000 DR1=0000000000000000 DR2=0000000000000000 DR3=0000000000000000 
DR6=00000000ffff0ff0 DR7=0000000000000400
CCS=0000000000000000 CCD=00000000c0c43101 CCO=EFLAGS
EFER=0000000000000d00
Servicing hardware INT=0x20
    79: v=20 e=0000 i=0 cpl=0 IP=0038:0000000006cacc11 pc=0000000006cacc11 SP=0030:0000000007ee34b8 env->regs[R_EAX]=00000000c0c43101
RAX=00000000c0c43101 RBX=00000000070e7498 RCX=00000000070e7498 RDX=0000000000000000
RSI=0000000007f09980 RDI=44515fc33c8d294c RBP=0000000007ee3520 RSP=0000000007ee34b8
R8 =0000000007ee3620 R9 =00000000068b3698 R10=00000000067a37c8 R11=0000000000000004
R12=0000000000000004 R13=0000000007f09880 R14=0000000000000010 R15=0000000007f09980
RIP=0000000006cacc11 RFL=00000202 [-------] CPL=0 II=0 A20=1 SMM=0 HLT=0
ES =0030 0000000000000000 ffffffff 00cf9300 DPL=0 DS   [-WA]
CS =0038 0000000000000000 ffffffff 00af9a00 DPL=0 CS64 [-R-]
SS =0030 0000000000000000 ffffffff 00cf9300 DPL=0 DS   [-WA]
DS =0030 0000000000000000 ffffffff 00cf9300 DPL=0 DS   [-WA]
FS =0030 0000000000000000 ffffffff 00cf9300 DPL=0 DS   [-WA]
GS =0030 0000000000000000 ffffffff 00cf9300 DPL=0 DS   [-WA]
LDT=0000 0000000000000000 0000ffff 00008200 DPL=0 LDT
TR =0048 00000000075db058 00000067 00008900 DPL=0 TSS64-avl
GDT=     00000000075db000 00000057
IDT=     00000000070e8018 00000fff
CR0=80010033 CR2=0000000000000000 CR3=0000000007801000 CR4=00000668
DR0=0000000000000000 DR1=0000000000000000 DR2=0000000000000000 DR3=0000000000000000 
DR6=00000000ffff0ff0 DR7=0000000000000400
CCS=0000000000000000 CCD=00000000c0c43101 CCO=EFLAGS
EFER=0000000000000d00
Servicing hardware INT=0x20
    80: v=20 e=0000 i=0 cpl=0 IP=0038:0000000006cacc11 pc=0000000006cacc11 SP=0030:0000000007ee34b8 env->regs[R_EAX]=00000000c0c43101
RAX=00000000c0c43101 RBX=00000000070e7498 RCX=00000000070e7498 RDX=0000000000000000
RSI=0000000007f09980 RDI=44515fc33c8d294c RBP=0000000007ee3520 RSP=0000000007ee34b8
R8 =0000000007ee3620 R9 =00000000068b3698 R10=00000000067a37c8 R11=0000000000000004
R12=0000000000000004 R13=0000000007f09880 R14=0000000000000010 R15=0000000007f09980
RIP=0000000006cacc11 RFL=00000202 [-------] CPL=0 II=0 A20=1 SMM=0 HLT=0
ES =0030 0000000000000000 ffffffff 00cf9300 DPL=0 DS   [-WA]
CS =0038 0000000000000000 ffffffff 00af9a00 DPL=0 CS64 [-R-]
SS =0030 0000000000000000 ffffffff 00cf9300 DPL=0 DS   [-WA]
DS =0030 0000000000000000 ffffffff 00cf9300 DPL=0 DS   [-WA]
FS =0030 0000000000000000 ffffffff 00cf9300 DPL=0 DS   [-WA]
GS =0030 0000000000000000 ffffffff 00cf9300 DPL=0 DS   [-WA]
LDT=0000 0000000000000000 0000ffff 00008200 DPL=0 LDT
TR =0048 00000000075db058 00000067 00008900 DPL=0 TSS64-avl
GDT=     00000000075db000 00000057
IDT=     00000000070e8018 00000fff
CR0=80010033 CR2=0000000000000000 CR3=0000000007801000 CR4=00000668
DR0=0000000000000000 DR1=0000000000000000 DR2=0000000000000000 DR3=0000000000000000 
DR6=00000000ffff0ff0 DR7=0000000000000400
CCS=0000000000000000 CCD=00000000c0c43101 CCO=EFLAGS
EFER=0000000000000d00
Servicing hardware INT=0x20
    81: v=20 e=0000 i=0 cpl=0 IP=0038:0000000006cacc11 pc=0000000006cacc11 SP=0030:0000000007ee34b8 env->regs[R_EAX]=00000000c0c43101
RAX=00000000c0c43101 RBX=00000000070e7498 RCX=00000000070e7498 RDX=0000000000000000
RSI=0000000007f09980 RDI=44515fc33c8d294c RBP=0000000007ee3520 RSP=0000000007ee34b8
R8 =0000000007ee3620 R9 =00000000068b3698 R10=00000000067a37c8 R11=0000000000000004
R12=0000000000000004 R13=0000000007f09880 R14=0000000000000010 R15=0000000007f09980
RIP=0000000006cacc11 RFL=00000202 [-------] CPL=0 II=0 A20=1 SMM=0 HLT=0
ES =0030 0000000000000000 ffffffff 00cf9300 DPL=0 DS   [-WA]
CS =0038 0000000000000000 ffffffff 00af9a00 DPL=0 CS64 [-R-]
SS =0030 0000000000000000 ffffffff 00cf9300 DPL=0 DS   [-WA]
DS =0030 0000000000000000 ffffffff 00cf9300 DPL=0 DS   [-WA]
FS =0030 0000000000000000 ffffffff 00cf9300 DPL=0 DS   [-WA]
GS =0030 0000000000000000 ffffffff 00cf9300 DPL=0 DS   [-WA]
LDT=0000 0000000000000000 0000ffff 00008200 DPL=0 LDT
TR =0048 00000000075db058 00000067 00008900 DPL=0 TSS64-avl
GDT=     00000000075db000 00000057
IDT=     00000000070e8018 00000fff
CR0=80010033 CR2=0000000000000000 CR3=0000000007801000 CR4=00000668
DR0=0000000000000000 DR1=0000000000000000 DR2=0000000000000000 DR3=0000000000000000 
DR6=00000000ffff0ff0 DR7=0000000000000400
CCS=0000000000000000 CCD=00000000c0c43101 CCO=EFLAGS
EFER=0000000000000d00
Servicing hardware INT=0x20
    82: v=20 e=0000 i=0 cpl=0 IP=0038:0000000006cacc11 pc=0000000006cacc11 SP=0030:0000000007ee34b8 env->regs[R_EAX]=00000000c0c43101
RAX=00000000c0c43101 RBX=00000000070e7498 RCX=00000000070e7498 RDX=0000000000000000
RSI=0000000007f09980 RDI=44515fc33c8d294c RBP=0000000007ee3520 RSP=0000000007ee34b8
R8 =0000000007ee3620 R9 =00000000068b3698 R10=00000000067a37c8 R11=0000000000000004
R12=0000000000000004 R13=0000000007f09880 R14=0000000000000010 R15=0000000007f09980
RIP=0000000006cacc11 RFL=00000202 [-------] CPL=0 II=0 A20=1 SMM=0 HLT=0
ES =0030 0000000000000000 ffffffff 00cf9300 DPL=0 DS   [-WA]
CS =0038 0000000000000000 ffffffff 00af9a00 DPL=0 CS64 [-R-]
SS =0030 0000000000000000 ffffffff 00cf9300 DPL=0 DS   [-WA]
DS =0030 0000000000000000 ffffffff 00cf9300 DPL=0 DS   [-WA]
FS =0030 0000000000000000 ffffffff 00cf9300 DPL=0 DS   [-WA]
GS =0030 0000000000000000 ffffffff 00cf9300 DPL=0 DS   [-WA]
LDT=0000 0000000000000000 0000ffff 00008200 DPL=0 LDT
TR =0048 00000000075db058 00000067 00008900 DPL=0 TSS64-avl
GDT=     00000000075db000 00000057
IDT=     00000000070e8018 00000fff
CR0=80010033 CR2=0000000000000000 CR3=0000000007801000 CR4=00000668
DR0=0000000000000000 DR1=0000000000000000 DR2=0000000000000000 DR3=0000000000000000 
DR6=00000000ffff0ff0 DR7=0000000000000400
CCS=0000000000000000 CCD=00000000c0c43101 CCO=EFLAGS
EFER=0000000000000d00
Servicing hardware INT=0x20
    83: v=20 e=0000 i=0 cpl=0 IP=0038:0000000006cacc11 pc=0000000006cacc11 SP=0030:0000000007ee34b8 env->regs[R_EAX]=00000000c0c43101
RAX=00000000c0c43101 RBX=00000000070e7498 RCX=00000000070e7498 RDX=0000000000000000
RSI=0000000007f09980 RDI=44515fc33c8d294c RBP=0000000007ee3520 RSP=0000000007ee34b8
R8 =0000000007ee3620 R9 =00000000068b3698 R10=00000000067a37c8 R11=0000000000000004
R12=0000000000000004 R13=0000000007f09880 R14=0000000000000010 R15=0000000007f09980
RIP=0000000006cacc11 RFL=00000202 [-------] CPL=0 II=0 A20=1 SMM=0 HLT=0
ES =0030 0000000000000000 ffffffff 00cf9300 DPL=0 DS   [-WA]
CS =0038 0000000000000000 ffffffff 00af9a00 DPL=0 CS64 [-R-]
SS =0030 0000000000000000 ffffffff 00cf9300 DPL=0 DS   [-WA]
DS =0030 0000000000000000 ffffffff 00cf9300 DPL=0 DS   [-WA]
FS =0030 0000000000000000 ffffffff 00cf9300 DPL=0 DS   [-WA]
GS =0030 0000000000000000 ffffffff 00cf9300 DPL=0 DS   [-WA]
LDT=0000 0000000000000000 0000ffff 00008200 DPL=0 LDT
TR =0048 00000000075db058 00000067 00008900 DPL=0 TSS64-avl
GDT=     00000000075db000 00000057
IDT=     00000000070e8018 00000fff
CR0=80010033 CR2=0000000000000000 CR3=0000000007801000 CR4=00000668
DR0=0000000000000000 DR1=0000000000000000 DR2=0000000000000000 DR3=0000000000000000 
DR6=00000000ffff0ff0 DR7=0000000000000400
CCS=0000000000000000 CCD=00000000c0c43101 CCO=EFLAGS
EFER=0000000000000d00
Servicing hardware INT=0x20
    84: v=20 e=0000 i=0 cpl=0 IP=0038:0000000006cacc11 pc=0000000006cacc11 SP=0030:0000000007ee34b8 env->regs[R_EAX]=00000000c0c43101
RAX=00000000c0c43101 RBX=00000000070e7498 RCX=00000000070e7498 RDX=0000000000000000
RSI=0000000007f09980 RDI=44515fc33c8d294c RBP=0000000007ee3520 RSP=0000000007ee34b8
R8 =0000000007ee3620 R9 =00000000068b3698 R10=00000000067a37c8 R11=0000000000000004
R12=0000000000000004 R13=0000000007f09880 R14=0000000000000010 R15=0000000007f09980
RIP=0000000006cacc11 RFL=00000202 [-------] CPL=0 II=0 A20=1 SMM=0 HLT=0
ES =0030 0000000000000000 ffffffff 00cf9300 DPL=0 DS   [-WA]
CS =0038 0000000000000000 ffffffff 00af9a00 DPL=0 CS64 [-R-]
SS =0030 0000000000000000 ffffffff 00cf9300 DPL=0 DS   [-WA]
DS =0030 0000000000000000 ffffffff 00cf9300 DPL=0 DS   [-WA]
FS =0030 0000000000000000 ffffffff 00cf9300 DPL=0 DS   [-WA]
GS =0030 0000000000000000 ffffffff 00cf9300 DPL=0 DS   [-WA]
LDT=0000 0000000000000000 0000ffff 00008200 DPL=0 LDT
TR =0048 00000000075db058 00000067 00008900 DPL=0 TSS64-avl
GDT=     00000000075db000 00000057
IDT=     00000000070e8018 00000fff
CR0=80010033 CR2=0000000000000000 CR3=0000000007801000 CR4=00000668
DR0=0000000000000000 DR1=0000000000000000 DR2=0000000000000000 DR3=0000000000000000 
DR6=00000000ffff0ff0 DR7=0000000000000400
CCS=0000000000000000 CCD=00000000c0c43101 CCO=EFLAGS
EFER=0000000000000d00
Servicing hardware INT=0x20
    85: v=20 e=0000 i=0 cpl=0 IP=0038:0000000006cacc11 pc=0000000006cacc11 SP=0030:0000000007ee34b8 env->regs[R_EAX]=00000000c0c43101
RAX=00000000c0c43101 RBX=00000000070e7498 RCX=00000000070e7498 RDX=0000000000000000
RSI=0000000007f09980 RDI=44515fc33c8d294c RBP=0000000007ee3520 RSP=0000000007ee34b8
R8 =0000000007ee3620 R9 =00000000068b3698 R10=00000000067a37c8 R11=0000000000000004
R12=0000000000000004 R13=0000000007f09880 R14=0000000000000010 R15=0000000007f09980
RIP=0000000006cacc11 RFL=00000202 [-------] CPL=0 II=0 A20=1 SMM=0 HLT=0
ES =0030 0000000000000000 ffffffff 00cf9300 DPL=0 DS   [-WA]
CS =0038 0000000000000000 ffffffff 00af9a00 DPL=0 CS64 [-R-]
SS =0030 0000000000000000 ffffffff 00cf9300 DPL=0 DS   [-WA]
DS =0030 0000000000000000 ffffffff 00cf9300 DPL=0 DS   [-WA]
FS =0030 0000000000000000 ffffffff 00cf9300 DPL=0 DS   [-WA]
GS =0030 0000000000000000 ffffffff 00cf9300 DPL=0 DS   [-WA]
LDT=0000 0000000000000000 0000ffff 00008200 DPL=0 LDT
TR =0048 00000000075db058 00000067 00008900 DPL=0 TSS64-avl
GDT=     00000000075db000 00000057
IDT=     00000000070e8018 00000fff
CR0=80010033 CR2=0000000000000000 CR3=0000000007801000 CR4=00000668
DR0=0000000000000000 DR1=0000000000000000 DR2=0000000000000000 DR3=0000000000000000 
DR6=00000000ffff0ff0 DR7=0000000000000400
CCS=0000000000000000 CCD=00000000c0c43101 CCO=EFLAGS
EFER=0000000000000d00
Servicing hardware INT=0x20
    86: v=20 e=0000 i=0 cpl=0 IP=0038:0000000006cacc11 pc=0000000006cacc11 SP=0030:0000000007ee34b8 env->regs[R_EAX]=00000000c0c43101
RAX=00000000c0c43101 RBX=00000000070e7498 RCX=00000000070e7498 RDX=0000000000000000
RSI=0000000007f09980 RDI=44515fc33c8d294c RBP=0000000007ee3520 RSP=0000000007ee34b8
R8 =0000000007ee3620 R9 =00000000068b3698 R10=00000000067a37c8 R11=0000000000000004
R12=0000000000000004 R13=0000000007f09880 R14=0000000000000010 R15=0000000007f09980
RIP=0000000006cacc11 RFL=00000202 [-------] CPL=0 II=0 A20=1 SMM=0 HLT=0
ES =0030 0000000000000000 ffffffff 00cf9300 DPL=0 DS   [-WA]
CS =0038 0000000000000000 ffffffff 00af9a00 DPL=0 CS64 [-R-]
SS =0030 0000000000000000 ffffffff 00cf9300 DPL=0 DS   [-WA]
DS =0030 0000000000000000 ffffffff 00cf9300 DPL=0 DS   [-WA]
FS =0030 0000000000000000 ffffffff 00cf9300 DPL=0 DS   [-WA]
GS =0030 0000000000000000 ffffffff 00cf9300 DPL=0 DS   [-WA]
LDT=0000 0000000000000000 0000ffff 00008200 DPL=0 LDT
TR =0048 00000000075db058 00000067 00008900 DPL=0 TSS64-avl
GDT=     00000000075db000 00000057
IDT=     00000000070e8018 00000fff
CR0=80010033 CR2=0000000000000000 CR3=0000000007801000 CR4=00000668
DR0=0000000000000000 DR1=0000000000000000 DR2=0000000000000000 DR3=0000000000000000 
DR6=00000000ffff0ff0 DR7=0000000000000400
CCS=0000000000000000 CCD=00000000c0c43101 CCO=EFLAGS
EFER=0000000000000d00
Servicing hardware INT=0x20
    87: v=20 e=0000 i=0 cpl=0 IP=0038:0000000006cacc11 pc=0000000006cacc11 SP=0030:0000000007ee34b8 env->regs[R_EAX]=00000000c0c43101
RAX=00000000c0c43101 RBX=00000000070e7498 RCX=00000000070e7498 RDX=0000000000000000
RSI=0000000007f09980 RDI=44515fc33c8d294c RBP=0000000007ee3520 RSP=0000000007ee34b8
R8 =0000000007ee3620 R9 =00000000068b3698 R10=00000000067a37c8 R11=0000000000000004
R12=0000000000000004 R13=0000000007f09880 R14=0000000000000010 R15=0000000007f09980
RIP=0000000006cacc11 RFL=00000202 [-------] CPL=0 II=0 A20=1 SMM=0 HLT=0
ES =0030 0000000000000000 ffffffff 00cf9300 DPL=0 DS   [-WA]
CS =0038 0000000000000000 ffffffff 00af9a00 DPL=0 CS64 [-R-]
SS =0030 0000000000000000 ffffffff 00cf9300 DPL=0 DS   [-WA]
DS =0030 0000000000000000 ffffffff 00cf9300 DPL=0 DS   [-WA]
FS =0030 0000000000000000 ffffffff 00cf9300 DPL=0 DS   [-WA]
GS =0030 0000000000000000 ffffffff 00cf9300 DPL=0 DS   [-WA]
LDT=0000 0000000000000000 0000ffff 00008200 DPL=0 LDT
TR =0048 00000000075db058 00000067 00008900 DPL=0 TSS64-avl
GDT=     00000000075db000 00000057
IDT=     00000000070e8018 00000fff
CR0=80010033 CR2=0000000000000000 CR3=0000000007801000 CR4=00000668
DR0=0000000000000000 DR1=0000000000000000 DR2=0000000000000000 DR3=0000000000000000 
DR6=00000000ffff0ff0 DR7=0000000000000400
CCS=0000000000000000 CCD=00000000c0c43101 CCO=EFLAGS
EFER=0000000000000d00
Servicing hardware INT=0x20
    88: v=20 e=0000 i=0 cpl=0 IP=0038:0000000006cacc11 pc=0000000006cacc11 SP=0030:0000000007ee34b8 env->regs[R_EAX]=00000000c0c43101
RAX=00000000c0c43101 RBX=00000000070e7498 RCX=00000000070e7498 RDX=0000000000000000
RSI=0000000007f09980 RDI=44515fc33c8d294c RBP=0000000007ee3520 RSP=0000000007ee34b8
R8 =0000000007ee3620 R9 =00000000068b3698 R10=00000000067a37c8 R11=0000000000000004
R12=0000000000000004 R13=0000000007f09880 R14=0000000000000010 R15=0000000007f09980
RIP=0000000006cacc11 RFL=00000202 [-------] CPL=0 II=0 A20=1 SMM=0 HLT=0
ES =0030 0000000000000000 ffffffff 00cf9300 DPL=0 DS   [-WA]
CS =0038 0000000000000000 ffffffff 00af9a00 DPL=0 CS64 [-R-]
SS =0030 0000000000000000 ffffffff 00cf9300 DPL=0 DS   [-WA]
DS =0030 0000000000000000 ffffffff 00cf9300 DPL=0 DS   [-WA]
FS =0030 0000000000000000 ffffffff 00cf9300 DPL=0 DS   [-WA]
GS =0030 0000000000000000 ffffffff 00cf9300 DPL=0 DS   [-WA]
LDT=0000 0000000000000000 0000ffff 00008200 DPL=0 LDT
TR =0048 00000000075db058 00000067 00008900 DPL=0 TSS64-avl
GDT=     00000000075db000 00000057
IDT=     00000000070e8018 00000fff
CR0=80010033 CR2=0000000000000000 CR3=0000000007801000 CR4=00000668
DR0=0000000000000000 DR1=0000000000000000 DR2=0000000000000000 DR3=0000000000000000 
DR6=00000000ffff0ff0 DR7=0000000000000400
CCS=0000000000000000 CCD=00000000c0c43101 CCO=EFLAGS
EFER=0000000000000d00
Servicing hardware INT=0x20
    89: v=20 e=0000 i=0 cpl=0 IP=0038:0000000006cacc11 pc=0000000006cacc11 SP=0030:0000000007ee34b8 env->regs[R_EAX]=00000000c0c43101
RAX=00000000c0c43101 RBX=00000000070e7498 RCX=00000000070e7498 RDX=0000000000000000
RSI=0000000007f09980 RDI=44515fc33c8d294c RBP=0000000007ee3520 RSP=0000000007ee34b8
R8 =0000000007ee3620 R9 =00000000068b3698 R10=00000000067a37c8 R11=0000000000000004
R12=0000000000000004 R13=0000000007f09880 R14=0000000000000010 R15=0000000007f09980
RIP=0000000006cacc11 RFL=00000202 [-------] CPL=0 II=0 A20=1 SMM=0 HLT=0
ES =0030 0000000000000000 ffffffff 00cf9300 DPL=0 DS   [-WA]
CS =0038 0000000000000000 ffffffff 00af9a00 DPL=0 CS64 [-R-]
SS =0030 0000000000000000 ffffffff 00cf9300 DPL=0 DS   [-WA]
DS =0030 0000000000000000 ffffffff 00cf9300 DPL=0 DS   [-WA]
FS =0030 0000000000000000 ffffffff 00cf9300 DPL=0 DS   [-WA]
GS =0030 0000000000000000 ffffffff 00cf9300 DPL=0 DS   [-WA]
LDT=0000 0000000000000000 0000ffff 00008200 DPL=0 LDT
TR =0048 00000000075db058 00000067 00008900 DPL=0 TSS64-avl
GDT=     00000000075db000 00000057
IDT=     00000000070e8018 00000fff
CR0=80010033 CR2=0000000000000000 CR3=0000000007801000 CR4=00000668
DR0=0000000000000000 DR1=0000000000000000 DR2=0000000000000000 DR3=0000000000000000 
DR6=00000000ffff0ff0 DR7=0000000000000400
CCS=0000000000000000 CCD=00000000c0c43101 CCO=EFLAGS
EFER=0000000000000d00
Servicing hardware INT=0x20
    90: v=20 e=0000 i=0 cpl=0 IP=0038:0000000006cacc11 pc=0000000006cacc11 SP=0030:0000000007ee34b8 env->regs[R_EAX]=00000000c0c43101
RAX=00000000c0c43101 RBX=00000000070e7498 RCX=00000000070e7498 RDX=0000000000000000
RSI=0000000007f09980 RDI=44515fc33c8d294c RBP=0000000007ee3520 RSP=0000000007ee34b8
R8 =0000000007ee3620 R9 =00000000068b3698 R10=00000000067a37c8 R11=0000000000000004
R12=0000000000000004 R13=0000000007f09880 R14=0000000000000010 R15=0000000007f09980
RIP=0000000006cacc11 RFL=00000202 [-------] CPL=0 II=0 A20=1 SMM=0 HLT=0
ES =0030 0000000000000000 ffffffff 00cf9300 DPL=0 DS   [-WA]
CS =0038 0000000000000000 ffffffff 00af9a00 DPL=0 CS64 [-R-]
SS =0030 0000000000000000 ffffffff 00cf9300 DPL=0 DS   [-WA]
DS =0030 0000000000000000 ffffffff 00cf9300 DPL=0 DS   [-WA]
FS =0030 0000000000000000 ffffffff 00cf9300 DPL=0 DS   [-WA]
GS =0030 0000000000000000 ffffffff 00cf9300 DPL=0 DS   [-WA]
LDT=0000 0000000000000000 0000ffff 00008200 DPL=0 LDT
TR =0048 00000000075db058 00000067 00008900 DPL=0 TSS64-avl
GDT=     00000000075db000 00000057
IDT=     00000000070e8018 00000fff
CR0=80010033 CR2=0000000000000000 CR3=0000000007801000 CR4=00000668
DR0=0000000000000000 DR1=0000000000000000 DR2=0000000000000000 DR3=0000000000000000 
DR6=00000000ffff0ff0 DR7=0000000000000400
CCS=0000000000000000 CCD=00000000c0c43101 CCO=EFLAGS
EFER=0000000000000d00
Servicing hardware INT=0x20
    91: v=20 e=0000 i=0 cpl=0 IP=0038:0000000006cacc11 pc=0000000006cacc11 SP=0030:0000000007ee34b8 env->regs[R_EAX]=00000000c0c43101
RAX=00000000c0c43101 RBX=00000000070e7498 RCX=00000000070e7498 RDX=0000000000000000
RSI=0000000007f09980 RDI=44515fc33c8d294c RBP=0000000007ee3520 RSP=0000000007ee34b8
R8 =0000000007ee3620 R9 =00000000068b3698 R10=00000000067a37c8 R11=0000000000000004
R12=0000000000000004 R13=0000000007f09880 R14=0000000000000010 R15=0000000007f09980
RIP=0000000006cacc11 RFL=00000202 [-------] CPL=0 II=0 A20=1 SMM=0 HLT=0
ES =0030 0000000000000000 ffffffff 00cf9300 DPL=0 DS   [-WA]
CS =0038 0000000000000000 ffffffff 00af9a00 DPL=0 CS64 [-R-]
SS =0030 0000000000000000 ffffffff 00cf9300 DPL=0 DS   [-WA]
DS =0030 0000000000000000 ffffffff 00cf9300 DPL=0 DS   [-WA]
FS =0030 0000000000000000 ffffffff 00cf9300 DPL=0 DS   [-WA]
GS =0030 0000000000000000 ffffffff 00cf9300 DPL=0 DS   [-WA]
LDT=0000 0000000000000000 0000ffff 00008200 DPL=0 LDT
TR =0048 00000000075db058 00000067 00008900 DPL=0 TSS64-avl
GDT=     00000000075db000 00000057
IDT=     00000000070e8018 00000fff
CR0=80010033 CR2=0000000000000000 CR3=0000000007801000 CR4=00000668
DR0=0000000000000000 DR1=0000000000000000 DR2=0000000000000000 DR3=0000000000000000 
DR6=00000000ffff0ff0 DR7=0000000000000400
CCS=0000000000000000 CCD=00000000c0c43101 CCO=EFLAGS
EFER=0000000000000d00
Servicing hardware INT=0x20
    92: v=20 e=0000 i=0 cpl=0 IP=0038:0000000006cacc11 pc=0000000006cacc11 SP=0030:0000000007ee34b8 env->regs[R_EAX]=00000000c0c43101
RAX=00000000c0c43101 RBX=00000000070e7498 RCX=00000000070e7498 RDX=0000000000000000
RSI=0000000007f09980 RDI=44515fc33c8d294c RBP=0000000007ee3520 RSP=0000000007ee34b8
R8 =0000000007ee3620 R9 =00000000068b3698 R10=00000000067a37c8 R11=0000000000000004
R12=0000000000000004 R13=0000000007f09880 R14=0000000000000010 R15=0000000007f09980
RIP=0000000006cacc11 RFL=00000202 [-------] CPL=0 II=0 A20=1 SMM=0 HLT=0
ES =0030 0000000000000000 ffffffff 00cf9300 DPL=0 DS   [-WA]
CS =0038 0000000000000000 ffffffff 00af9a00 DPL=0 CS64 [-R-]
SS =0030 0000000000000000 ffffffff 00cf9300 DPL=0 DS   [-WA]
DS =0030 0000000000000000 ffffffff 00cf9300 DPL=0 DS   [-WA]
FS =0030 0000000000000000 ffffffff 00cf9300 DPL=0 DS   [-WA]
GS =0030 0000000000000000 ffffffff 00cf9300 DPL=0 DS   [-WA]
LDT=0000 0000000000000000 0000ffff 00008200 DPL=0 LDT
TR =0048 00000000075db058 00000067 00008900 DPL=0 TSS64-avl
GDT=     00000000075db000 00000057
IDT=     00000000070e8018 00000fff
CR0=80010033 CR2=0000000000000000 CR3=0000000007801000 CR4=00000668
DR0=0000000000000000 DR1=0000000000000000 DR2=0000000000000000 DR3=0000000000000000 
DR6=00000000ffff0ff0 DR7=0000000000000400
CCS=0000000000000000 CCD=00000000c0c43101 CCO=EFLAGS
EFER=0000000000000d00
Servicing hardware INT=0x20
    93: v=20 e=0000 i=0 cpl=0 IP=0038:0000000006cacc11 pc=0000000006cacc11 SP=0030:0000000007ee34b8 env->regs[R_EAX]=00000000c0c43101
RAX=00000000c0c43101 RBX=00000000070e7498 RCX=00000000070e7498 RDX=0000000000000000
RSI=0000000007f09980 RDI=44515fc33c8d294c RBP=0000000007ee3520 RSP=0000000007ee34b8
R8 =0000000007ee3620 R9 =00000000068b3698 R10=00000000067a37c8 R11=0000000000000004
R12=0000000000000004 R13=0000000007f09880 R14=0000000000000010 R15=0000000007f09980
RIP=0000000006cacc11 RFL=00000202 [-------] CPL=0 II=0 A20=1 SMM=0 HLT=0
ES =0030 0000000000000000 ffffffff 00cf9300 DPL=0 DS   [-WA]
CS =0038 0000000000000000 ffffffff 00af9a00 DPL=0 CS64 [-R-]
SS =0030 0000000000000000 ffffffff 00cf9300 DPL=0 DS   [-WA]
DS =0030 0000000000000000 ffffffff 00cf9300 DPL=0 DS   [-WA]
FS =0030 0000000000000000 ffffffff 00cf9300 DPL=0 DS   [-WA]
GS =0030 0000000000000000 ffffffff 00cf9300 DPL=0 DS   [-WA]
LDT=0000 0000000000000000 0000ffff 00008200 DPL=0 LDT
TR =0048 00000000075db058 00000067 00008900 DPL=0 TSS64-avl
GDT=     00000000075db000 00000057
IDT=     00000000070e8018 00000fff
CR0=80010033 CR2=0000000000000000 CR3=0000000007801000 CR4=00000668
DR0=0000000000000000 DR1=0000000000000000 DR2=0000000000000000 DR3=0000000000000000 
DR6=00000000ffff0ff0 DR7=0000000000000400
CCS=0000000000000000 CCD=00000000c0c43101 CCO=EFLAGS
EFER=0000000000000d00
Servicing hardware INT=0x20
    94: v=20 e=0000 i=0 cpl=0 IP=0038:0000000006cacc11 pc=0000000006cacc11 SP=0030:0000000007ee34b8 env->regs[R_EAX]=00000000c0c43101
RAX=00000000c0c43101 RBX=00000000070e7498 RCX=00000000070e7498 RDX=0000000000000000
RSI=0000000007f09980 RDI=44515fc33c8d294c RBP=0000000007ee3520 RSP=0000000007ee34b8
R8 =0000000007ee3620 R9 =00000000068b3698 R10=00000000067a37c8 R11=0000000000000004
R12=0000000000000004 R13=0000000007f09880 R14=0000000000000010 R15=0000000007f09980
RIP=0000000006cacc11 RFL=00000202 [-------] CPL=0 II=0 A20=1 SMM=0 HLT=0
ES =0030 0000000000000000 ffffffff 00cf9300 DPL=0 DS   [-WA]
CS =0038 0000000000000000 ffffffff 00af9a00 DPL=0 CS64 [-R-]
SS =0030 0000000000000000 ffffffff 00cf9300 DPL=0 DS   [-WA]
DS =0030 0000000000000000 ffffffff 00cf9300 DPL=0 DS   [-WA]
FS =0030 0000000000000000 ffffffff 00cf9300 DPL=0 DS   [-WA]
GS =0030 0000000000000000 ffffffff 00cf9300 DPL=0 DS   [-WA]
LDT=0000 0000000000000000 0000ffff 00008200 DPL=0 LDT
TR =0048 00000000075db058 00000067 00008900 DPL=0 TSS64-avl
GDT=     00000000075db000 00000057
IDT=     00000000070e8018 00000fff
CR0=80010033 CR2=0000000000000000 CR3=0000000007801000 CR4=00000668
DR0=0000000000000000 DR1=0000000000000000 DR2=0000000000000000 DR3=0000000000000000 
DR6=00000000ffff0ff0 DR7=0000000000000400
CCS=0000000000000000 CCD=00000000c0c43101 CCO=EFLAGS
EFER=0000000000000d00
Servicing hardware INT=0x20
    95: v=20 e=0000 i=0 cpl=0 IP=0038:0000000006cacc11 pc=0000000006cacc11 SP=0030:0000000007ee34b8 env->regs[R_EAX]=00000000c0c43101
RAX=00000000c0c43101 RBX=00000000070e7498 RCX=00000000070e7498 RDX=0000000000000000
RSI=0000000007f09980 RDI=44515fc33c8d294c RBP=0000000007ee3520 RSP=0000000007ee34b8
R8 =0000000007ee3620 R9 =00000000068b3698 R10=00000000067a37c8 R11=0000000000000004
R12=0000000000000004 R13=0000000007f09880 R14=0000000000000010 R15=0000000007f09980
RIP=0000000006cacc11 RFL=00000202 [-------] CPL=0 II=0 A20=1 SMM=0 HLT=0
ES =0030 0000000000000000 ffffffff 00cf9300 DPL=0 DS   [-WA]
CS =0038 0000000000000000 ffffffff 00af9a00 DPL=0 CS64 [-R-]
SS =0030 0000000000000000 ffffffff 00cf9300 DPL=0 DS   [-WA]
DS =0030 0000000000000000 ffffffff 00cf9300 DPL=0 DS   [-WA]
FS =0030 0000000000000000 ffffffff 00cf9300 DPL=0 DS   [-WA]
GS =0030 0000000000000000 ffffffff 00cf9300 DPL=0 DS   [-WA]
LDT=0000 0000000000000000 0000ffff 00008200 DPL=0 LDT
TR =0048 00000000075db058 00000067 00008900 DPL=0 TSS64-avl
GDT=     00000000075db000 00000057
IDT=     00000000070e8018 00000fff
CR0=80010033 CR2=0000000000000000 CR3=0000000007801000 CR4=00000668
DR0=0000000000000000 DR1=0000000000000000 DR2=0000000000000000 DR3=0000000000000000 
DR6=00000000ffff0ff0 DR7=0000000000000400
CCS=0000000000000000 CCD=00000000c0c43101 CCO=EFLAGS
EFER=0000000000000d00
Servicing hardware INT=0x20
    96: v=20 e=0000 i=0 cpl=0 IP=0038:0000000006cacc11 pc=0000000006cacc11 SP=0030:0000000007ee34b8 env->regs[R_EAX]=00000000c0c43101
RAX=00000000c0c43101 RBX=00000000070e7498 RCX=00000000070e7498 RDX=0000000000000000
RSI=0000000007f09980 RDI=44515fc33c8d294c RBP=0000000007ee3520 RSP=0000000007ee34b8
R8 =0000000007ee3620 R9 =00000000068b3698 R10=00000000067a37c8 R11=0000000000000004
R12=0000000000000004 R13=0000000007f09880 R14=0000000000000010 R15=0000000007f09980
RIP=0000000006cacc11 RFL=00000202 [-------] CPL=0 II=0 A20=1 SMM=0 HLT=0
ES =0030 0000000000000000 ffffffff 00cf9300 DPL=0 DS   [-WA]
CS =0038 0000000000000000 ffffffff 00af9a00 DPL=0 CS64 [-R-]
SS =0030 0000000000000000 ffffffff 00cf9300 DPL=0 DS   [-WA]
DS =0030 0000000000000000 ffffffff 00cf9300 DPL=0 DS   [-WA]
FS =0030 0000000000000000 ffffffff 00cf9300 DPL=0 DS   [-WA]
GS =0030 0000000000000000 ffffffff 00cf9300 DPL=0 DS   [-WA]
LDT=0000 0000000000000000 0000ffff 00008200 DPL=0 LDT
TR =0048 00000000075db058 00000067 00008900 DPL=0 TSS64-avl
GDT=     00000000075db000 00000057
IDT=     00000000070e8018 00000fff
CR0=80010033 CR2=0000000000000000 CR3=0000000007801000 CR4=00000668
DR0=0000000000000000 DR1=0000000000000000 DR2=0000000000000000 DR3=0000000000000000 
DR6=00000000ffff0ff0 DR7=0000000000000400
CCS=0000000000000000 CCD=00000000c0c43101 CCO=EFLAGS
EFER=0000000000000d00
Servicing hardware INT=0x20
    97: v=20 e=0000 i=0 cpl=0 IP=0038:0000000006cacc11 pc=0000000006cacc11 SP=0030:0000000007ee34b8 env->regs[R_EAX]=00000000c0c43101
RAX=00000000c0c43101 RBX=00000000070e7498 RCX=00000000070e7498 RDX=0000000000000000
RSI=0000000007f09980 RDI=44515fc33c8d294c RBP=0000000007ee3520 RSP=0000000007ee34b8
R8 =0000000007ee3620 R9 =00000000068b3698 R10=00000000067a37c8 R11=0000000000000004
R12=0000000000000004 R13=0000000007f09880 R14=0000000000000010 R15=0000000007f09980
RIP=0000000006cacc11 RFL=00000202 [-------] CPL=0 II=0 A20=1 SMM=0 HLT=0
ES =0030 0000000000000000 ffffffff 00cf9300 DPL=0 DS   [-WA]
CS =0038 0000000000000000 ffffffff 00af9a00 DPL=0 CS64 [-R-]
SS =0030 0000000000000000 ffffffff 00cf9300 DPL=0 DS   [-WA]
DS =0030 0000000000000000 ffffffff 00cf9300 DPL=0 DS   [-WA]
FS =0030 0000000000000000 ffffffff 00cf9300 DPL=0 DS   [-WA]
GS =0030 0000000000000000 ffffffff 00cf9300 DPL=0 DS   [-WA]
LDT=0000 0000000000000000 0000ffff 00008200 DPL=0 LDT
TR =0048 00000000075db058 00000067 00008900 DPL=0 TSS64-avl
GDT=     00000000075db000 00000057
IDT=     00000000070e8018 00000fff
CR0=80010033 CR2=0000000000000000 CR3=0000000007801000 CR4=00000668
DR0=0000000000000000 DR1=0000000000000000 DR2=0000000000000000 DR3=0000000000000000 
DR6=00000000ffff0ff0 DR7=0000000000000400
CCS=0000000000000000 CCD=00000000c0c43101 CCO=EFLAGS
EFER=0000000000000d00
Servicing hardware INT=0x20
    98: v=20 e=0000 i=0 cpl=0 IP=0038:0000000006cacc11 pc=0000000006cacc11 SP=0030:0000000007ee34b8 env->regs[R_EAX]=00000000c0c43101
RAX=00000000c0c43101 RBX=00000000070e7498 RCX=00000000070e7498 RDX=0000000000000000
RSI=0000000007f09980 RDI=44515fc33c8d294c RBP=0000000007ee3520 RSP=0000000007ee34b8
R8 =0000000007ee3620 R9 =00000000068b3698 R10=00000000067a37c8 R11=0000000000000004
R12=0000000000000004 R13=0000000007f09880 R14=0000000000000010 R15=0000000007f09980
RIP=0000000006cacc11 RFL=00000202 [-------] CPL=0 II=0 A20=1 SMM=0 HLT=0
ES =0030 0000000000000000 ffffffff 00cf9300 DPL=0 DS   [-WA]
CS =0038 0000000000000000 ffffffff 00af9a00 DPL=0 CS64 [-R-]
SS =0030 0000000000000000 ffffffff 00cf9300 DPL=0 DS   [-WA]
DS =0030 0000000000000000 ffffffff 00cf9300 DPL=0 DS   [-WA]
FS =0030 0000000000000000 ffffffff 00cf9300 DPL=0 DS   [-WA]
GS =0030 0000000000000000 ffffffff 00cf9300 DPL=0 DS   [-WA]
LDT=0000 0000000000000000 0000ffff 00008200 DPL=0 LDT
TR =0048 00000000075db058 00000067 00008900 DPL=0 TSS64-avl
GDT=     00000000075db000 00000057
IDT=     00000000070e8018 00000fff
CR0=80010033 CR2=0000000000000000 CR3=0000000007801000 CR4=00000668
DR0=0000000000000000 DR1=0000000000000000 DR2=0000000000000000 DR3=0000000000000000 
DR6=00000000ffff0ff0 DR7=0000000000000400
CCS=0000000000000000 CCD=00000000c0c43101 CCO=EFLAGS
EFER=0000000000000d00
Servicing hardware INT=0x20
    99: v=20 e=0000 i=0 cpl=0 IP=0038:0000000006cacc11 pc=0000000006cacc11 SP=0030:0000000007ee34b8 env->regs[R_EAX]=00000000c0c43101
RAX=00000000c0c43101 RBX=00000000070e7498 RCX=00000000070e7498 RDX=0000000000000000
RSI=0000000007f09980 RDI=44515fc33c8d294c RBP=0000000007ee3520 RSP=0000000007ee34b8
R8 =0000000007ee3620 R9 =00000000068b3698 R10=00000000067a37c8 R11=0000000000000004
R12=0000000000000004 R13=0000000007f09880 R14=0000000000000010 R15=0000000007f09980
RIP=0000000006cacc11 RFL=00000202 [-------] CPL=0 II=0 A20=1 SMM=0 HLT=0
ES =0030 0000000000000000 ffffffff 00cf9300 DPL=0 DS   [-WA]
CS =0038 0000000000000000 ffffffff 00af9a00 DPL=0 CS64 [-R-]
SS =0030 0000000000000000 ffffffff 00cf9300 DPL=0 DS   [-WA]
DS =0030 0000000000000000 ffffffff 00cf9300 DPL=0 DS   [-WA]
FS =0030 0000000000000000 ffffffff 00cf9300 DPL=0 DS   [-WA]
GS =0030 0000000000000000 ffffffff 00cf9300 DPL=0 DS   [-WA]
LDT=0000 0000000000000000 0000ffff 00008200 DPL=0 LDT
TR =0048 00000000075db058 00000067 00008900 DPL=0 TSS64-avl
GDT=     00000000075db000 00000057
IDT=     00000000070e8018 00000fff
CR0=80010033 CR2=0000000000000000 CR3=0000000007801000 CR4=00000668
DR0=0000000000000000 DR1=0000000000000000 DR2=0000000000000000 DR3=0000000000000000 
DR6=00000000ffff0ff0 DR7=0000000000000400
CCS=0000000000000000 CCD=00000000c0c43101 CCO=EFLAGS
EFER=0000000000000d00
Servicing hardware INT=0x20
   100: v=20 e=0000 i=0 cpl=0 IP=0038:0000000006cacc11 pc=0000000006cacc11 SP=0030:0000000007ee34b8 env->regs[R_EAX]=00000000c0c43101
RAX=00000000c0c43101 RBX=00000000070e7498 RCX=00000000070e7498 RDX=0000000000000000
RSI=0000000007f09980 RDI=44515fc33c8d294c RBP=0000000007ee3520 RSP=0000000007ee34b8
R8 =0000000007ee3620 R9 =00000000068b3698 R10=00000000067a37c8 R11=0000000000000004
R12=0000000000000004 R13=0000000007f09880 R14=0000000000000010 R15=0000000007f09980
RIP=0000000006cacc11 RFL=00000202 [-------] CPL=0 II=0 A20=1 SMM=0 HLT=0
ES =0030 0000000000000000 ffffffff 00cf9300 DPL=0 DS   [-WA]
CS =0038 0000000000000000 ffffffff 00af9a00 DPL=0 CS64 [-R-]
SS =0030 0000000000000000 ffffffff 00cf9300 DPL=0 DS   [-WA]
DS =0030 0000000000000000 ffffffff 00cf9300 DPL=0 DS   [-WA]
FS =0030 0000000000000000 ffffffff 00cf9300 DPL=0 DS   [-WA]
GS =0030 0000000000000000 ffffffff 00cf9300 DPL=0 DS   [-WA]
LDT=0000 0000000000000000 0000ffff 00008200 DPL=0 LDT
TR =0048 00000000075db058 00000067 00008900 DPL=0 TSS64-avl
GDT=     00000000075db000 00000057
IDT=     00000000070e8018 00000fff
CR0=80010033 CR2=0000000000000000 CR3=0000000007801000 CR4=00000668
DR0=0000000000000000 DR1=0000000000000000 DR2=0000000000000000 DR3=0000000000000000 
DR6=00000000ffff0ff0 DR7=0000000000000400
CCS=0000000000000000 CCD=00000000c0c43101 CCO=EFLAGS
EFER=0000000000000d00
Servicing hardware INT=0x20
   101: v=20 e=0000 i=0 cpl=0 IP=0038:0000000006cacc11 pc=0000000006cacc11 SP=0030:0000000007ee34b8 env->regs[R_EAX]=00000000c0c43101
RAX=00000000c0c43101 RBX=00000000070e7498 RCX=00000000070e7498 RDX=0000000000000000
RSI=0000000007f09980 RDI=44515fc33c8d294c RBP=0000000007ee3520 RSP=0000000007ee34b8
R8 =0000000007ee3620 R9 =00000000068b3698 R10=00000000067a37c8 R11=0000000000000004
R12=0000000000000004 R13=0000000007f09880 R14=0000000000000010 R15=0000000007f09980
RIP=0000000006cacc11 RFL=00000202 [-------] CPL=0 II=0 A20=1 SMM=0 HLT=0
ES =0030 0000000000000000 ffffffff 00cf9300 DPL=0 DS   [-WA]
CS =0038 0000000000000000 ffffffff 00af9a00 DPL=0 CS64 [-R-]
SS =0030 0000000000000000 ffffffff 00cf9300 DPL=0 DS   [-WA]
DS =0030 0000000000000000 ffffffff 00cf9300 DPL=0 DS   [-WA]
FS =0030 0000000000000000 ffffffff 00cf9300 DPL=0 DS   [-WA]
GS =0030 0000000000000000 ffffffff 00cf9300 DPL=0 DS   [-WA]
LDT=0000 0000000000000000 0000ffff 00008200 DPL=0 LDT
TR =0048 00000000075db058 00000067 00008900 DPL=0 TSS64-avl
GDT=     00000000075db000 00000057
IDT=     00000000070e8018 00000fff
CR0=80010033 CR2=0000000000000000 CR3=0000000007801000 CR4=00000668
DR0=0000000000000000 DR1=0000000000000000 DR2=0000000000000000 DR3=0000000000000000 
DR6=00000000ffff0ff0 DR7=0000000000000400
CCS=0000000000000000 CCD=00000000c0c43101 CCO=EFLAGS
EFER=0000000000000d00
Servicing hardware INT=0x20
   102: v=20 e=0000 i=0 cpl=0 IP=0038:0000000006cacc11 pc=0000000006cacc11 SP=0030:0000000007ee34b8 env->regs[R_EAX]=00000000c0c43101
RAX=00000000c0c43101 RBX=00000000070e7498 RCX=00000000070e7498 RDX=0000000000000000
RSI=0000000007f09980 RDI=44515fc33c8d294c RBP=0000000007ee3520 RSP=0000000007ee34b8
R8 =0000000007ee3620 R9 =00000000068b3698 R10=00000000067a37c8 R11=0000000000000004
R12=0000000000000004 R13=0000000007f09880 R14=0000000000000010 R15=0000000007f09980
RIP=0000000006cacc11 RFL=00000202 [-------] CPL=0 II=0 A20=1 SMM=0 HLT=0
ES =0030 0000000000000000 ffffffff 00cf9300 DPL=0 DS   [-WA]
CS =0038 0000000000000000 ffffffff 00af9a00 DPL=0 CS64 [-R-]
SS =0030 0000000000000000 ffffffff 00cf9300 DPL=0 DS   [-WA]
DS =0030 0000000000000000 ffffffff 00cf9300 DPL=0 DS   [-WA]
FS =0030 0000000000000000 ffffffff 00cf9300 DPL=0 DS   [-WA]
GS =0030 0000000000000000 ffffffff 00cf9300 DPL=0 DS   [-WA]
LDT=0000 0000000000000000 0000ffff 00008200 DPL=0 LDT
TR =0048 00000000075db058 00000067 00008900 DPL=0 TSS64-avl
GDT=     00000000075db000 00000057
IDT=     00000000070e8018 00000fff
CR0=80010033 CR2=0000000000000000 CR3=0000000007801000 CR4=00000668
DR0=0000000000000000 DR1=0000000000000000 DR2=0000000000000000 DR3=0000000000000000 
DR6=00000000ffff0ff0 DR7=0000000000000400
CCS=0000000000000000 CCD=00000000c0c43101 CCO=EFLAGS
EFER=0000000000000d00
Servicing hardware INT=0x20
   103: v=20 e=0000 i=0 cpl=0 IP=0038:0000000006cacc11 pc=0000000006cacc11 SP=0030:0000000007ee34b8 env->regs[R_EAX]=00000000c0c43101
RAX=00000000c0c43101 RBX=00000000070e7498 RCX=00000000070e7498 RDX=0000000000000000
RSI=0000000007f09980 RDI=44515fc33c8d294c RBP=0000000007ee3520 RSP=0000000007ee34b8
R8 =0000000007ee3620 R9 =00000000068b3698 R10=00000000067a37c8 R11=0000000000000004
R12=0000000000000004 R13=0000000007f09880 R14=0000000000000010 R15=0000000007f09980
RIP=0000000006cacc11 RFL=00000202 [-------] CPL=0 II=0 A20=1 SMM=0 HLT=0
ES =0030 0000000000000000 ffffffff 00cf9300 DPL=0 DS   [-WA]
CS =0038 0000000000000000 ffffffff 00af9a00 DPL=0 CS64 [-R-]
SS =0030 0000000000000000 ffffffff 00cf9300 DPL=0 DS   [-WA]
DS =0030 0000000000000000 ffffffff 00cf9300 DPL=0 DS   [-WA]
FS =0030 0000000000000000 ffffffff 00cf9300 DPL=0 DS   [-WA]
GS =0030 0000000000000000 ffffffff 00cf9300 DPL=0 DS   [-WA]
LDT=0000 0000000000000000 0000ffff 00008200 DPL=0 LDT
TR =0048 00000000075db058 00000067 00008900 DPL=0 TSS64-avl
GDT=     00000000075db000 00000057
IDT=     00000000070e8018 00000fff
CR0=80010033 CR2=0000000000000000 CR3=0000000007801000 CR4=00000668
DR0=0000000000000000 DR1=0000000000000000 DR2=0000000000000000 DR3=0000000000000000 
DR6=00000000ffff0ff0 DR7=0000000000000400
CCS=0000000000000000 CCD=00000000c0c43101 CCO=EFLAGS
EFER=0000000000000d00
Servicing hardware INT=0x20
   104: v=20 e=0000 i=0 cpl=0 IP=0038:0000000006cacc11 pc=0000000006cacc11 SP=0030:0000000007ee34b8 env->regs[R_EAX]=00000000c0c43101
RAX=00000000c0c43101 RBX=00000000070e7498 RCX=00000000070e7498 RDX=0000000000000000
RSI=0000000007f09980 RDI=44515fc33c8d294c RBP=0000000007ee3520 RSP=0000000007ee34b8
R8 =0000000007ee3620 R9 =00000000068b3698 R10=00000000067a37c8 R11=0000000000000004
R12=0000000000000004 R13=0000000007f09880 R14=0000000000000010 R15=0000000007f09980
RIP=0000000006cacc11 RFL=00000202 [-------] CPL=0 II=0 A20=1 SMM=0 HLT=0
ES =0030 0000000000000000 ffffffff 00cf9300 DPL=0 DS   [-WA]
CS =0038 0000000000000000 ffffffff 00af9a00 DPL=0 CS64 [-R-]
SS =0030 0000000000000000 ffffffff 00cf9300 DPL=0 DS   [-WA]
DS =0030 0000000000000000 ffffffff 00cf9300 DPL=0 DS   [-WA]
FS =0030 0000000000000000 ffffffff 00cf9300 DPL=0 DS   [-WA]
GS =0030 0000000000000000 ffffffff 00cf9300 DPL=0 DS   [-WA]
LDT=0000 0000000000000000 0000ffff 00008200 DPL=0 LDT
TR =0048 00000000075db058 00000067 00008900 DPL=0 TSS64-avl
GDT=     00000000075db000 00000057
IDT=     00000000070e8018 00000fff
CR0=80010033 CR2=0000000000000000 CR3=0000000007801000 CR4=00000668
DR0=0000000000000000 DR1=0000000000000000 DR2=0000000000000000 DR3=0000000000000000 
DR6=00000000ffff0ff0 DR7=0000000000000400
CCS=0000000000000000 CCD=00000000c0c43101 CCO=EFLAGS
EFER=0000000000000d00
Servicing hardware INT=0x20
   105: v=20 e=0000 i=0 cpl=0 IP=0038:0000000006cacc11 pc=0000000006cacc11 SP=0030:0000000007ee34b8 env->regs[R_EAX]=00000000c0c43101
RAX=00000000c0c43101 RBX=00000000070e7498 RCX=00000000070e7498 RDX=0000000000000000
RSI=0000000007f09980 RDI=44515fc33c8d294c RBP=0000000007ee3520 RSP=0000000007ee34b8
R8 =0000000007ee3620 R9 =00000000068b3698 R10=00000000067a37c8 R11=0000000000000004
R12=0000000000000004 R13=0000000007f09880 R14=0000000000000010 R15=0000000007f09980
RIP=0000000006cacc11 RFL=00000202 [-------] CPL=0 II=0 A20=1 SMM=0 HLT=0
ES =0030 0000000000000000 ffffffff 00cf9300 DPL=0 DS   [-WA]
CS =0038 0000000000000000 ffffffff 00af9a00 DPL=0 CS64 [-R-]
SS =0030 0000000000000000 ffffffff 00cf9300 DPL=0 DS   [-WA]
DS =0030 0000000000000000 ffffffff 00cf9300 DPL=0 DS   [-WA]
FS =0030 0000000000000000 ffffffff 00cf9300 DPL=0 DS   [-WA]
GS =0030 0000000000000000 ffffffff 00cf9300 DPL=0 DS   [-WA]
LDT=0000 0000000000000000 0000ffff 00008200 DPL=0 LDT
TR =0048 00000000075db058 00000067 00008900 DPL=0 TSS64-avl
GDT=     00000000075db000 00000057
IDT=     00000000070e8018 00000fff
CR0=80010033 CR2=0000000000000000 CR3=0000000007801000 CR4=00000668
DR0=0000000000000000 DR1=0000000000000000 DR2=0000000000000000 DR3=0000000000000000 
DR6=00000000ffff0ff0 DR7=0000000000000400
CCS=0000000000000000 CCD=00000000c0c43101 CCO=EFLAGS
EFER=0000000000000d00
Servicing hardware INT=0x20
   106: v=20 e=0000 i=0 cpl=0 IP=0038:0000000006cacc11 pc=0000000006cacc11 SP=0030:0000000007ee34b8 env->regs[R_EAX]=00000000c0c43101
RAX=00000000c0c43101 RBX=00000000070e7498 RCX=00000000070e7498 RDX=0000000000000000
RSI=0000000007f09980 RDI=44515fc33c8d294c RBP=0000000007ee3520 RSP=0000000007ee34b8
R8 =0000000007ee3620 R9 =00000000068b3698 R10=00000000067a37c8 R11=0000000000000004
R12=0000000000000004 R13=0000000007f09880 R14=0000000000000010 R15=0000000007f09980
RIP=0000000006cacc11 RFL=00000202 [-------] CPL=0 II=0 A20=1 SMM=0 HLT=0
ES =0030 0000000000000000 ffffffff 00cf9300 DPL=0 DS   [-WA]
CS =0038 0000000000000000 ffffffff 00af9a00 DPL=0 CS64 [-R-]
SS =0030 0000000000000000 ffffffff 00cf9300 DPL=0 DS   [-WA]
DS =0030 0000000000000000 ffffffff 00cf9300 DPL=0 DS   [-WA]
FS =0030 0000000000000000 ffffffff 00cf9300 DPL=0 DS   [-WA]
GS =0030 0000000000000000 ffffffff 00cf9300 DPL=0 DS   [-WA]
LDT=0000 0000000000000000 0000ffff 00008200 DPL=0 LDT
TR =0048 00000000075db058 00000067 00008900 DPL=0 TSS64-avl
GDT=     00000000075db000 00000057
IDT=     00000000070e8018 00000fff
CR0=80010033 CR2=0000000000000000 CR3=0000000007801000 CR4=00000668
DR0=0000000000000000 DR1=0000000000000000 DR2=0000000000000000 DR3=0000000000000000 
DR6=00000000ffff0ff0 DR7=0000000000000400
CCS=0000000000000000 CCD=00000000c0c43101 CCO=EFLAGS
EFER=0000000000000d00
Servicing hardware INT=0x20
   107: v=20 e=0000 i=0 cpl=0 IP=0038:0000000006cacc11 pc=0000000006cacc11 SP=0030:0000000007ee34b8 env->regs[R_EAX]=00000000c0c43101
RAX=00000000c0c43101 RBX=00000000070e7498 RCX=00000000070e7498 RDX=0000000000000000
RSI=0000000007f09980 RDI=44515fc33c8d294c RBP=0000000007ee3520 RSP=0000000007ee34b8
R8 =0000000007ee3620 R9 =00000000068b3698 R10=00000000067a37c8 R11=0000000000000004
R12=0000000000000004 R13=0000000007f09880 R14=0000000000000010 R15=0000000007f09980
RIP=0000000006cacc11 RFL=00000202 [-------] CPL=0 II=0 A20=1 SMM=0 HLT=0
ES =0030 0000000000000000 ffffffff 00cf9300 DPL=0 DS   [-WA]
CS =0038 0000000000000000 ffffffff 00af9a00 DPL=0 CS64 [-R-]
SS =0030 0000000000000000 ffffffff 00cf9300 DPL=0 DS   [-WA]
DS =0030 0000000000000000 ffffffff 00cf9300 DPL=0 DS   [-WA]
FS =0030 0000000000000000 ffffffff 00cf9300 DPL=0 DS   [-WA]
GS =0030 0000000000000000 ffffffff 00cf9300 DPL=0 DS   [-WA]
LDT=0000 0000000000000000 0000ffff 00008200 DPL=0 LDT
TR =0048 00000000075db058 00000067 00008900 DPL=0 TSS64-avl
GDT=     00000000075db000 00000057
IDT=     00000000070e8018 00000fff
CR0=80010033 CR2=0000000000000000 CR3=0000000007801000 CR4=00000668
DR0=0000000000000000 DR1=0000000000000000 DR2=0000000000000000 DR3=0000000000000000 
DR6=00000000ffff0ff0 DR7=0000000000000400
CCS=0000000000000000 CCD=00000000c0c43101 CCO=EFLAGS
EFER=0000000000000d00
Servicing hardware INT=0x20
   108: v=20 e=0000 i=0 cpl=0 IP=0038:0000000006cacc11 pc=0000000006cacc11 SP=0030:0000000007ee34b8 env->regs[R_EAX]=00000000c0c43101
RAX=00000000c0c43101 RBX=00000000070e7498 RCX=00000000070e7498 RDX=0000000000000000
RSI=0000000007f09980 RDI=44515fc33c8d294c RBP=0000000007ee3520 RSP=0000000007ee34b8
R8 =0000000007ee3620 R9 =00000000068b3698 R10=00000000067a37c8 R11=0000000000000004
R12=0000000000000004 R13=0000000007f09880 R14=0000000000000010 R15=0000000007f09980
RIP=0000000006cacc11 RFL=00000202 [-------] CPL=0 II=0 A20=1 SMM=0 HLT=0
ES =0030 0000000000000000 ffffffff 00cf9300 DPL=0 DS   [-WA]
CS =0038 0000000000000000 ffffffff 00af9a00 DPL=0 CS64 [-R-]
SS =0030 0000000000000000 ffffffff 00cf9300 DPL=0 DS   [-WA]
DS =0030 0000000000000000 ffffffff 00cf9300 DPL=0 DS   [-WA]
FS =0030 0000000000000000 ffffffff 00cf9300 DPL=0 DS   [-WA]
GS =0030 0000000000000000 ffffffff 00cf9300 DPL=0 DS   [-WA]
LDT=0000 0000000000000000 0000ffff 00008200 DPL=0 LDT
TR =0048 00000000075db058 00000067 00008900 DPL=0 TSS64-avl
GDT=     00000000075db000 00000057
IDT=     00000000070e8018 00000fff
CR0=80010033 CR2=0000000000000000 CR3=0000000007801000 CR4=00000668
DR0=0000000000000000 DR1=0000000000000000 DR2=0000000000000000 DR3=0000000000000000 
DR6=00000000ffff0ff0 DR7=0000000000000400
CCS=0000000000000000 CCD=00000000c0c43101 CCO=EFLAGS
EFER=0000000000000d00
Servicing hardware INT=0x20
   109: v=20 e=0000 i=0 cpl=0 IP=0038:0000000006cacc11 pc=0000000006cacc11 SP=0030:0000000007ee34b8 env->regs[R_EAX]=00000000c0c43101
RAX=00000000c0c43101 RBX=00000000070e7498 RCX=00000000070e7498 RDX=0000000000000000
RSI=0000000007f09980 RDI=44515fc33c8d294c RBP=0000000007ee3520 RSP=0000000007ee34b8
R8 =0000000007ee3620 R9 =00000000068b3698 R10=00000000067a37c8 R11=0000000000000004
R12=0000000000000004 R13=0000000007f09880 R14=0000000000000010 R15=0000000007f09980
RIP=0000000006cacc11 RFL=00000202 [-------] CPL=0 II=0 A20=1 SMM=0 HLT=0
ES =0030 0000000000000000 ffffffff 00cf9300 DPL=0 DS   [-WA]
CS =0038 0000000000000000 ffffffff 00af9a00 DPL=0 CS64 [-R-]
SS =0030 0000000000000000 ffffffff 00cf9300 DPL=0 DS   [-WA]
DS =0030 0000000000000000 ffffffff 00cf9300 DPL=0 DS   [-WA]
FS =0030 0000000000000000 ffffffff 00cf9300 DPL=0 DS   [-WA]
GS =0030 0000000000000000 ffffffff 00cf9300 DPL=0 DS   [-WA]
LDT=0000 0000000000000000 0000ffff 00008200 DPL=0 LDT
TR =0048 00000000075db058 00000067 00008900 DPL=0 TSS64-avl
GDT=     00000000075db000 00000057
IDT=     00000000070e8018 00000fff
CR0=80010033 CR2=0000000000000000 CR3=0000000007801000 CR4=00000668
DR0=0000000000000000 DR1=0000000000000000 DR2=0000000000000000 DR3=0000000000000000 
DR6=00000000ffff0ff0 DR7=0000000000000400
CCS=0000000000000000 CCD=00000000c0c43101 CCO=EFLAGS
EFER=0000000000000d00
Servicing hardware INT=0x20
   110: v=20 e=0000 i=0 cpl=0 IP=0038:0000000006cacc11 pc=0000000006cacc11 SP=0030:0000000007ee34b8 env->regs[R_EAX]=00000000c0c43101
RAX=00000000c0c43101 RBX=00000000070e7498 RCX=00000000070e7498 RDX=0000000000000000
RSI=0000000007f09980 RDI=44515fc33c8d294c RBP=0000000007ee3520 RSP=0000000007ee34b8
R8 =0000000007ee3620 R9 =00000000068b3698 R10=00000000067a37c8 R11=0000000000000004
R12=0000000000000004 R13=0000000007f09880 R14=0000000000000010 R15=0000000007f09980
RIP=0000000006cacc11 RFL=00000202 [-------] CPL=0 II=0 A20=1 SMM=0 HLT=0
ES =0030 0000000000000000 ffffffff 00cf9300 DPL=0 DS   [-WA]
CS =0038 0000000000000000 ffffffff 00af9a00 DPL=0 CS64 [-R-]
SS =0030 0000000000000000 ffffffff 00cf9300 DPL=0 DS   [-WA]
DS =0030 0000000000000000 ffffffff 00cf9300 DPL=0 DS   [-WA]
FS =0030 0000000000000000 ffffffff 00cf9300 DPL=0 DS   [-WA]
GS =0030 0000000000000000 ffffffff 00cf9300 DPL=0 DS   [-WA]
LDT=0000 0000000000000000 0000ffff 00008200 DPL=0 LDT
TR =0048 00000000075db058 00000067 00008900 DPL=0 TSS64-avl
GDT=     00000000075db000 00000057
IDT=     00000000070e8018 00000fff
CR0=80010033 CR2=0000000000000000 CR3=0000000007801000 CR4=00000668
DR0=0000000000000000 DR1=0000000000000000 DR2=0000000000000000 DR3=0000000000000000 
DR6=00000000ffff0ff0 DR7=0000000000000400
CCS=0000000000000000 CCD=00000000c0c43101 CCO=EFLAGS
EFER=0000000000000d00
Servicing hardware INT=0x20
   111: v=20 e=0000 i=0 cpl=0 IP=0038:0000000006cacc11 pc=0000000006cacc11 SP=0030:0000000007ee34b8 env->regs[R_EAX]=00000000c0c43101
RAX=00000000c0c43101 RBX=00000000070e7498 RCX=00000000070e7498 RDX=0000000000000000
RSI=0000000007f09980 RDI=44515fc33c8d294c RBP=0000000007ee3520 RSP=0000000007ee34b8
R8 =0000000007ee3620 R9 =00000000068b3698 R10=00000000067a37c8 R11=0000000000000004
R12=0000000000000004 R13=0000000007f09880 R14=0000000000000010 R15=0000000007f09980
RIP=0000000006cacc11 RFL=00000202 [-------] CPL=0 II=0 A20=1 SMM=0 HLT=0
ES =0030 0000000000000000 ffffffff 00cf9300 DPL=0 DS   [-WA]
CS =0038 0000000000000000 ffffffff 00af9a00 DPL=0 CS64 [-R-]
SS =0030 0000000000000000 ffffffff 00cf9300 DPL=0 DS   [-WA]
DS =0030 0000000000000000 ffffffff 00cf9300 DPL=0 DS   [-WA]
FS =0030 0000000000000000 ffffffff 00cf9300 DPL=0 DS   [-WA]
GS =0030 0000000000000000 ffffffff 00cf9300 DPL=0 DS   [-WA]
LDT=0000 0000000000000000 0000ffff 00008200 DPL=0 LDT
TR =0048 00000000075db058 00000067 00008900 DPL=0 TSS64-avl
GDT=     00000000075db000 00000057
IDT=     00000000070e8018 00000fff
CR0=80010033 CR2=0000000000000000 CR3=0000000007801000 CR4=00000668
DR0=0000000000000000 DR1=0000000000000000 DR2=0000000000000000 DR3=0000000000000000 
DR6=00000000ffff0ff0 DR7=0000000000000400
CCS=0000000000000000 CCD=00000000c0c43101 CCO=EFLAGS
EFER=0000000000000d00
Servicing hardware INT=0x20
   112: v=20 e=0000 i=0 cpl=0 IP=0038:0000000006cacc11 pc=0000000006cacc11 SP=0030:0000000007ee34b8 env->regs[R_EAX]=00000000c0c43101
RAX=00000000c0c43101 RBX=00000000070e7498 RCX=00000000070e7498 RDX=0000000000000000
RSI=0000000007f09980 RDI=44515fc33c8d294c RBP=0000000007ee3520 RSP=0000000007ee34b8
R8 =0000000007ee3620 R9 =00000000068b3698 R10=00000000067a37c8 R11=0000000000000004
R12=0000000000000004 R13=0000000007f09880 R14=0000000000000010 R15=0000000007f09980
RIP=0000000006cacc11 RFL=00000202 [-------] CPL=0 II=0 A20=1 SMM=0 HLT=0
ES =0030 0000000000000000 ffffffff 00cf9300 DPL=0 DS   [-WA]
CS =0038 0000000000000000 ffffffff 00af9a00 DPL=0 CS64 [-R-]
SS =0030 0000000000000000 ffffffff 00cf9300 DPL=0 DS   [-WA]
DS =0030 0000000000000000 ffffffff 00cf9300 DPL=0 DS   [-WA]
FS =0030 0000000000000000 ffffffff 00cf9300 DPL=0 DS   [-WA]
GS =0030 0000000000000000 ffffffff 00cf9300 DPL=0 DS   [-WA]
LDT=0000 0000000000000000 0000ffff 00008200 DPL=0 LDT
TR =0048 00000000075db058 00000067 00008900 DPL=0 TSS64-avl
GDT=     00000000075db000 00000057
IDT=     00000000070e8018 00000fff
CR0=80010033 CR2=0000000000000000 CR3=0000000007801000 CR4=00000668
DR0=0000000000000000 DR1=0000000000000000 DR2=0000000000000000 DR3=0000000000000000 
DR6=00000000ffff0ff0 DR7=0000000000000400
CCS=0000000000000000 CCD=00000000c0c43101 CCO=EFLAGS
EFER=0000000000000d00
Servicing hardware INT=0x20
   113: v=20 e=0000 i=0 cpl=0 IP=0038:0000000006cacc11 pc=0000000006cacc11 SP=0030:0000000007ee34b8 env->regs[R_EAX]=00000000c0c43101
RAX=00000000c0c43101 RBX=00000000070e7498 RCX=00000000070e7498 RDX=0000000000000000
RSI=0000000007f09980 RDI=44515fc33c8d294c RBP=0000000007ee3520 RSP=0000000007ee34b8
R8 =0000000007ee3620 R9 =00000000068b3698 R10=00000000067a37c8 R11=0000000000000004
R12=0000000000000004 R13=0000000007f09880 R14=0000000000000010 R15=0000000007f09980
RIP=0000000006cacc11 RFL=00000202 [-------] CPL=0 II=0 A20=1 SMM=0 HLT=0
ES =0030 0000000000000000 ffffffff 00cf9300 DPL=0 DS   [-WA]
CS =0038 0000000000000000 ffffffff 00af9a00 DPL=0 CS64 [-R-]
SS =0030 0000000000000000 ffffffff 00cf9300 DPL=0 DS   [-WA]
DS =0030 0000000000000000 ffffffff 00cf9300 DPL=0 DS   [-WA]
FS =0030 0000000000000000 ffffffff 00cf9300 DPL=0 DS   [-WA]
GS =0030 0000000000000000 ffffffff 00cf9300 DPL=0 DS   [-WA]
LDT=0000 0000000000000000 0000ffff 00008200 DPL=0 LDT
TR =0048 00000000075db058 00000067 00008900 DPL=0 TSS64-avl
GDT=     00000000075db000 00000057
IDT=     00000000070e8018 00000fff
CR0=80010033 CR2=0000000000000000 CR3=0000000007801000 CR4=00000668
DR0=0000000000000000 DR1=0000000000000000 DR2=0000000000000000 DR3=0000000000000000 
DR6=00000000ffff0ff0 DR7=0000000000000400
CCS=0000000000000000 CCD=00000000c0c43101 CCO=EFLAGS
EFER=0000000000000d00
Servicing hardware INT=0x20
   114: v=20 e=0000 i=0 cpl=0 IP=0038:0000000006cacc11 pc=0000000006cacc11 SP=0030:0000000007ee34b8 env->regs[R_EAX]=00000000c0c43101
RAX=00000000c0c43101 RBX=00000000070e7498 RCX=00000000070e7498 RDX=0000000000000000
RSI=0000000007f09980 RDI=44515fc33c8d294c RBP=0000000007ee3520 RSP=0000000007ee34b8
R8 =0000000007ee3620 R9 =00000000068b3698 R10=00000000067a37c8 R11=0000000000000004
R12=0000000000000004 R13=0000000007f09880 R14=0000000000000010 R15=0000000007f09980
RIP=0000000006cacc11 RFL=00000202 [-------] CPL=0 II=0 A20=1 SMM=0 HLT=0
ES =0030 0000000000000000 ffffffff 00cf9300 DPL=0 DS   [-WA]
CS =0038 0000000000000000 ffffffff 00af9a00 DPL=0 CS64 [-R-]
SS =0030 0000000000000000 ffffffff 00cf9300 DPL=0 DS   [-WA]
DS =0030 0000000000000000 ffffffff 00cf9300 DPL=0 DS   [-WA]
FS =0030 0000000000000000 ffffffff 00cf9300 DPL=0 DS   [-WA]
GS =0030 0000000000000000 ffffffff 00cf9300 DPL=0 DS   [-WA]
LDT=0000 0000000000000000 0000ffff 00008200 DPL=0 LDT
TR =0048 00000000075db058 00000067 00008900 DPL=0 TSS64-avl
GDT=     00000000075db000 00000057
IDT=     00000000070e8018 00000fff
CR0=80010033 CR2=0000000000000000 CR3=0000000007801000 CR4=00000668
DR0=0000000000000000 DR1=0000000000000000 DR2=0000000000000000 DR3=0000000000000000 
DR6=00000000ffff0ff0 DR7=0000000000000400
CCS=0000000000000000 CCD=00000000c0c43101 CCO=EFLAGS
EFER=0000000000000d00
Servicing hardware INT=0x20
   115: v=20 e=0000 i=0 cpl=0 IP=0038:0000000006cacc11 pc=0000000006cacc11 SP=0030:0000000007ee34b8 env->regs[R_EAX]=00000000c0c43101
RAX=00000000c0c43101 RBX=00000000070e7498 RCX=00000000070e7498 RDX=0000000000000000
RSI=0000000007f09980 RDI=44515fc33c8d294c RBP=0000000007ee3520 RSP=0000000007ee34b8
R8 =0000000007ee3620 R9 =00000000068b3698 R10=00000000067a37c8 R11=0000000000000004
R12=0000000000000004 R13=0000000007f09880 R14=0000000000000010 R15=0000000007f09980
RIP=0000000006cacc11 RFL=00000202 [-------] CPL=0 II=0 A20=1 SMM=0 HLT=0
ES =0030 0000000000000000 ffffffff 00cf9300 DPL=0 DS   [-WA]
CS =0038 0000000000000000 ffffffff 00af9a00 DPL=0 CS64 [-R-]
SS =0030 0000000000000000 ffffffff 00cf9300 DPL=0 DS   [-WA]
DS =0030 0000000000000000 ffffffff 00cf9300 DPL=0 DS   [-WA]
FS =0030 0000000000000000 ffffffff 00cf9300 DPL=0 DS   [-WA]
GS =0030 0000000000000000 ffffffff 00cf9300 DPL=0 DS   [-WA]
LDT=0000 0000000000000000 0000ffff 00008200 DPL=0 LDT
TR =0048 00000000075db058 00000067 00008900 DPL=0 TSS64-avl
GDT=     00000000075db000 00000057
IDT=     00000000070e8018 00000fff
CR0=80010033 CR2=0000000000000000 CR3=0000000007801000 CR4=00000668
DR0=0000000000000000 DR1=0000000000000000 DR2=0000000000000000 DR3=0000000000000000 
DR6=00000000ffff0ff0 DR7=0000000000000400
CCS=0000000000000000 CCD=00000000c0c43101 CCO=EFLAGS
EFER=0000000000000d00
Servicing hardware INT=0x20
   116: v=20 e=0000 i=0 cpl=0 IP=0038:0000000006cacc11 pc=0000000006cacc11 SP=0030:0000000007ee34b8 env->regs[R_EAX]=00000000c0c43101
RAX=00000000c0c43101 RBX=00000000070e7498 RCX=00000000070e7498 RDX=0000000000000000
RSI=0000000007f09980 RDI=44515fc33c8d294c RBP=0000000007ee3520 RSP=0000000007ee34b8
R8 =0000000007ee3620 R9 =00000000068b3698 R10=00000000067a37c8 R11=0000000000000004
R12=0000000000000004 R13=0000000007f09880 R14=0000000000000010 R15=0000000007f09980
RIP=0000000006cacc11 RFL=00000202 [-------] CPL=0 II=0 A20=1 SMM=0 HLT=0
ES =0030 0000000000000000 ffffffff 00cf9300 DPL=0 DS   [-WA]
CS =0038 0000000000000000 ffffffff 00af9a00 DPL=0 CS64 [-R-]
SS =0030 0000000000000000 ffffffff 00cf9300 DPL=0 DS   [-WA]
DS =0030 0000000000000000 ffffffff 00cf9300 DPL=0 DS   [-WA]
FS =0030 0000000000000000 ffffffff 00cf9300 DPL=0 DS   [-WA]
GS =0030 0000000000000000 ffffffff 00cf9300 DPL=0 DS   [-WA]
LDT=0000 0000000000000000 0000ffff 00008200 DPL=0 LDT
TR =0048 00000000075db058 00000067 00008900 DPL=0 TSS64-avl
GDT=     00000000075db000 00000057
IDT=     00000000070e8018 00000fff
CR0=80010033 CR2=0000000000000000 CR3=0000000007801000 CR4=00000668
DR0=0000000000000000 DR1=0000000000000000 DR2=0000000000000000 DR3=0000000000000000 
DR6=00000000ffff0ff0 DR7=0000000000000400
CCS=0000000000000000 CCD=00000000c0c43101 CCO=EFLAGS
EFER=0000000000000d00
Servicing hardware INT=0x20
   117: v=20 e=0000 i=0 cpl=0 IP=0038:0000000006cacc11 pc=0000000006cacc11 SP=0030:0000000007ee34b8 env->regs[R_EAX]=00000000c0c43101
RAX=00000000c0c43101 RBX=00000000070e7498 RCX=00000000070e7498 RDX=0000000000000000
RSI=0000000007f09980 RDI=44515fc33c8d294c RBP=0000000007ee3520 RSP=0000000007ee34b8
R8 =0000000007ee3620 R9 =00000000068b3698 R10=00000000067a37c8 R11=0000000000000004
R12=0000000000000004 R13=0000000007f09880 R14=0000000000000010 R15=0000000007f09980
RIP=0000000006cacc11 RFL=00000202 [-------] CPL=0 II=0 A20=1 SMM=0 HLT=0
ES =0030 0000000000000000 ffffffff 00cf9300 DPL=0 DS   [-WA]
CS =0038 0000000000000000 ffffffff 00af9a00 DPL=0 CS64 [-R-]
SS =0030 0000000000000000 ffffffff 00cf9300 DPL=0 DS   [-WA]
DS =0030 0000000000000000 ffffffff 00cf9300 DPL=0 DS   [-WA]
FS =0030 0000000000000000 ffffffff 00cf9300 DPL=0 DS   [-WA]
GS =0030 0000000000000000 ffffffff 00cf9300 DPL=0 DS   [-WA]
LDT=0000 0000000000000000 0000ffff 00008200 DPL=0 LDT
TR =0048 00000000075db058 00000067 00008900 DPL=0 TSS64-avl
GDT=     00000000075db000 00000057
IDT=     00000000070e8018 00000fff
CR0=80010033 CR2=0000000000000000 CR3=0000000007801000 CR4=00000668
DR0=0000000000000000 DR1=0000000000000000 DR2=0000000000000000 DR3=0000000000000000 
DR6=00000000ffff0ff0 DR7=0000000000000400
CCS=0000000000000000 CCD=00000000c0c43101 CCO=EFLAGS
EFER=0000000000000d00
Servicing hardware INT=0x20
   118: v=20 e=0000 i=0 cpl=0 IP=0038:0000000006cacc11 pc=0000000006cacc11 SP=0030:0000000007ee34b8 env->regs[R_EAX]=00000000c0c43101
RAX=00000000c0c43101 RBX=00000000070e7498 RCX=00000000070e7498 RDX=0000000000000000
RSI=0000000007f09980 RDI=44515fc33c8d294c RBP=0000000007ee3520 RSP=0000000007ee34b8
R8 =0000000007ee3620 R9 =00000000068b3698 R10=00000000067a37c8 R11=0000000000000004
R12=0000000000000004 R13=0000000007f09880 R14=0000000000000010 R15=0000000007f09980
RIP=0000000006cacc11 RFL=00000202 [-------] CPL=0 II=0 A20=1 SMM=0 HLT=0
ES =0030 0000000000000000 ffffffff 00cf9300 DPL=0 DS   [-WA]
CS =0038 0000000000000000 ffffffff 00af9a00 DPL=0 CS64 [-R-]
SS =0030 0000000000000000 ffffffff 00cf9300 DPL=0 DS   [-WA]
DS =0030 0000000000000000 ffffffff 00cf9300 DPL=0 DS   [-WA]
FS =0030 0000000000000000 ffffffff 00cf9300 DPL=0 DS   [-WA]
GS =0030 0000000000000000 ffffffff 00cf9300 DPL=0 DS   [-WA]
LDT=0000 0000000000000000 0000ffff 00008200 DPL=0 LDT
TR =0048 00000000075db058 00000067 00008900 DPL=0 TSS64-avl
GDT=     00000000075db000 00000057
IDT=     00000000070e8018 00000fff
CR0=80010033 CR2=0000000000000000 CR3=0000000007801000 CR4=00000668
DR0=0000000000000000 DR1=0000000000000000 DR2=0000000000000000 DR3=0000000000000000 
DR6=00000000ffff0ff0 DR7=0000000000000400
CCS=0000000000000000 CCD=00000000c0c43101 CCO=EFLAGS
EFER=0000000000000d00
Servicing hardware INT=0x20
   119: v=20 e=0000 i=0 cpl=0 IP=0038:0000000006cacc11 pc=0000000006cacc11 SP=0030:0000000007ee34b8 env->regs[R_EAX]=00000000c0c43101
RAX=00000000c0c43101 RBX=00000000070e7498 RCX=00000000070e7498 RDX=0000000000000000
RSI=0000000007f09980 RDI=44515fc33c8d294c RBP=0000000007ee3520 RSP=0000000007ee34b8
R8 =0000000007ee3620 R9 =00000000068b3698 R10=00000000067a37c8 R11=0000000000000004
R12=0000000000000004 R13=0000000007f09880 R14=0000000000000010 R15=0000000007f09980
RIP=0000000006cacc11 RFL=00000202 [-------] CPL=0 II=0 A20=1 SMM=0 HLT=0
ES =0030 0000000000000000 ffffffff 00cf9300 DPL=0 DS   [-WA]
CS =0038 0000000000000000 ffffffff 00af9a00 DPL=0 CS64 [-R-]
SS =0030 0000000000000000 ffffffff 00cf9300 DPL=0 DS   [-WA]
DS =0030 0000000000000000 ffffffff 00cf9300 DPL=0 DS   [-WA]
FS =0030 0000000000000000 ffffffff 00cf9300 DPL=0 DS   [-WA]
GS =0030 0000000000000000 ffffffff 00cf9300 DPL=0 DS   [-WA]
LDT=0000 0000000000000000 0000ffff 00008200 DPL=0 LDT
TR =0048 00000000075db058 00000067 00008900 DPL=0 TSS64-avl
GDT=     00000000075db000 00000057
IDT=     00000000070e8018 00000fff
CR0=80010033 CR2=0000000000000000 CR3=0000000007801000 CR4=00000668
DR0=0000000000000000 DR1=0000000000000000 DR2=0000000000000000 DR3=0000000000000000 
DR6=00000000ffff0ff0 DR7=0000000000000400
CCS=0000000000000000 CCD=00000000c0c43101 CCO=EFLAGS
EFER=0000000000000d00
Servicing hardware INT=0x20
   120: v=20 e=0000 i=0 cpl=0 IP=0038:0000000006cacc11 pc=0000000006cacc11 SP=0030:0000000007ee34b8 env->regs[R_EAX]=00000000c0c43101
RAX=00000000c0c43101 RBX=00000000070e7498 RCX=00000000070e7498 RDX=0000000000000000
RSI=0000000007f09980 RDI=44515fc33c8d294c RBP=0000000007ee3520 RSP=0000000007ee34b8
R8 =0000000007ee3620 R9 =00000000068b3698 R10=00000000067a37c8 R11=0000000000000004
R12=0000000000000004 R13=0000000007f09880 R14=0000000000000010 R15=0000000007f09980
RIP=0000000006cacc11 RFL=00000202 [-------] CPL=0 II=0 A20=1 SMM=0 HLT=0
ES =0030 0000000000000000 ffffffff 00cf9300 DPL=0 DS   [-WA]
CS =0038 0000000000000000 ffffffff 00af9a00 DPL=0 CS64 [-R-]
SS =0030 0000000000000000 ffffffff 00cf9300 DPL=0 DS   [-WA]
DS =0030 0000000000000000 ffffffff 00cf9300 DPL=0 DS   [-WA]
FS =0030 0000000000000000 ffffffff 00cf9300 DPL=0 DS   [-WA]
GS =0030 0000000000000000 ffffffff 00cf9300 DPL=0 DS   [-WA]
LDT=0000 0000000000000000 0000ffff 00008200 DPL=0 LDT
TR =0048 00000000075db058 00000067 00008900 DPL=0 TSS64-avl
GDT=     00000000075db000 00000057
IDT=     00000000070e8018 00000fff
CR0=80010033 CR2=0000000000000000 CR3=0000000007801000 CR4=00000668
DR0=0000000000000000 DR1=0000000000000000 DR2=0000000000000000 DR3=0000000000000000 
DR6=00000000ffff0ff0 DR7=0000000000000400
CCS=0000000000000000 CCD=00000000c0c43101 CCO=EFLAGS
EFER=0000000000000d00
Servicing hardware INT=0x20
   121: v=20 e=0000 i=0 cpl=0 IP=0038:0000000006cacc11 pc=0000000006cacc11 SP=0030:0000000007ee34b8 env->regs[R_EAX]=00000000c0c43101
RAX=00000000c0c43101 RBX=00000000070e7498 RCX=00000000070e7498 RDX=0000000000000000
RSI=0000000007f09980 RDI=44515fc33c8d294c RBP=0000000007ee3520 RSP=0000000007ee34b8
R8 =0000000007ee3620 R9 =00000000068b3698 R10=00000000067a37c8 R11=0000000000000004
R12=0000000000000004 R13=0000000007f09880 R14=0000000000000010 R15=0000000007f09980
RIP=0000000006cacc11 RFL=00000202 [-------] CPL=0 II=0 A20=1 SMM=0 HLT=0
ES =0030 0000000000000000 ffffffff 00cf9300 DPL=0 DS   [-WA]
CS =0038 0000000000000000 ffffffff 00af9a00 DPL=0 CS64 [-R-]
SS =0030 0000000000000000 ffffffff 00cf9300 DPL=0 DS   [-WA]
DS =0030 0000000000000000 ffffffff 00cf9300 DPL=0 DS   [-WA]
FS =0030 0000000000000000 ffffffff 00cf9300 DPL=0 DS   [-WA]
GS =0030 0000000000000000 ffffffff 00cf9300 DPL=0 DS   [-WA]
LDT=0000 0000000000000000 0000ffff 00008200 DPL=0 LDT
TR =0048 00000000075db058 00000067 00008900 DPL=0 TSS64-avl
GDT=     00000000075db000 00000057
IDT=     00000000070e8018 00000fff
CR0=80010033 CR2=0000000000000000 CR3=0000000007801000 CR4=00000668
DR0=0000000000000000 DR1=0000000000000000 DR2=0000000000000000 DR3=0000000000000000 
DR6=00000000ffff0ff0 DR7=0000000000000400
CCS=0000000000000000 CCD=00000000c0c43101 CCO=EFLAGS
EFER=0000000000000d00
Servicing hardware INT=0x20
   122: v=20 e=0000 i=0 cpl=0 IP=0038:0000000006cacc11 pc=0000000006cacc11 SP=0030:0000000007ee34b8 env->regs[R_EAX]=00000000c0c43101
RAX=00000000c0c43101 RBX=00000000070e7498 RCX=00000000070e7498 RDX=0000000000000000
RSI=0000000007f09980 RDI=44515fc33c8d294c RBP=0000000007ee3520 RSP=0000000007ee34b8
R8 =0000000007ee3620 R9 =00000000068b3698 R10=00000000067a37c8 R11=0000000000000004
R12=0000000000000004 R13=0000000007f09880 R14=0000000000000010 R15=0000000007f09980
RIP=0000000006cacc11 RFL=00000202 [-------] CPL=0 II=0 A20=1 SMM=0 HLT=0
ES =0030 0000000000000000 ffffffff 00cf9300 DPL=0 DS   [-WA]
CS =0038 0000000000000000 ffffffff 00af9a00 DPL=0 CS64 [-R-]
SS =0030 0000000000000000 ffffffff 00cf9300 DPL=0 DS   [-WA]
DS =0030 0000000000000000 ffffffff 00cf9300 DPL=0 DS   [-WA]
FS =0030 0000000000000000 ffffffff 00cf9300 DPL=0 DS   [-WA]
GS =0030 0000000000000000 ffffffff 00cf9300 DPL=0 DS   [-WA]
LDT=0000 0000000000000000 0000ffff 00008200 DPL=0 LDT
TR =0048 00000000075db058 00000067 00008900 DPL=0 TSS64-avl
GDT=     00000000075db000 00000057
IDT=     00000000070e8018 00000fff
CR0=80010033 CR2=0000000000000000 CR3=0000000007801000 CR4=00000668
DR0=0000000000000000 DR1=0000000000000000 DR2=0000000000000000 DR3=0000000000000000 
DR6=00000000ffff0ff0 DR7=0000000000000400
CCS=0000000000000000 CCD=00000000c0c43101 CCO=EFLAGS
EFER=0000000000000d00
Servicing hardware INT=0x20
   123: v=20 e=0000 i=0 cpl=0 IP=0038:0000000006cacc11 pc=0000000006cacc11 SP=0030:0000000007ee34b8 env->regs[R_EAX]=00000000c0c43101
RAX=00000000c0c43101 RBX=00000000070e7498 RCX=00000000070e7498 RDX=0000000000000000
RSI=0000000007f09980 RDI=44515fc33c8d294c RBP=0000000007ee3520 RSP=0000000007ee34b8
R8 =0000000007ee3620 R9 =00000000068b3698 R10=00000000067a37c8 R11=0000000000000004
R12=0000000000000004 R13=0000000007f09880 R14=0000000000000010 R15=0000000007f09980
RIP=0000000006cacc11 RFL=00000202 [-------] CPL=0 II=0 A20=1 SMM=0 HLT=0
ES =0030 0000000000000000 ffffffff 00cf9300 DPL=0 DS   [-WA]
CS =0038 0000000000000000 ffffffff 00af9a00 DPL=0 CS64 [-R-]
SS =0030 0000000000000000 ffffffff 00cf9300 DPL=0 DS   [-WA]
DS =0030 0000000000000000 ffffffff 00cf9300 DPL=0 DS   [-WA]
FS =0030 0000000000000000 ffffffff 00cf9300 DPL=0 DS   [-WA]
GS =0030 0000000000000000 ffffffff 00cf9300 DPL=0 DS   [-WA]
LDT=0000 0000000000000000 0000ffff 00008200 DPL=0 LDT
TR =0048 00000000075db058 00000067 00008900 DPL=0 TSS64-avl
GDT=     00000000075db000 00000057
IDT=     00000000070e8018 00000fff
CR0=80010033 CR2=0000000000000000 CR3=0000000007801000 CR4=00000668
DR0=0000000000000000 DR1=0000000000000000 DR2=0000000000000000 DR3=0000000000000000 
DR6=00000000ffff0ff0 DR7=0000000000000400
CCS=0000000000000000 CCD=00000000c0c43101 CCO=EFLAGS
EFER=0000000000000d00
Servicing hardware INT=0x20
   124: v=20 e=0000 i=0 cpl=0 IP=0038:0000000006cacc11 pc=0000000006cacc11 SP=0030:0000000007ee34b8 env->regs[R_EAX]=00000000c0c43101
RAX=00000000c0c43101 RBX=00000000070e7498 RCX=00000000070e7498 RDX=0000000000000000
RSI=0000000007f09980 RDI=44515fc33c8d294c RBP=0000000007ee3520 RSP=0000000007ee34b8
R8 =0000000007ee3620 R9 =00000000068b3698 R10=00000000067a37c8 R11=0000000000000004
R12=0000000000000004 R13=0000000007f09880 R14=0000000000000010 R15=0000000007f09980
RIP=0000000006cacc11 RFL=00000202 [-------] CPL=0 II=0 A20=1 SMM=0 HLT=0
ES =0030 0000000000000000 ffffffff 00cf9300 DPL=0 DS   [-WA]
CS =0038 0000000000000000 ffffffff 00af9a00 DPL=0 CS64 [-R-]
SS =0030 0000000000000000 ffffffff 00cf9300 DPL=0 DS   [-WA]
DS =0030 0000000000000000 ffffffff 00cf9300 DPL=0 DS   [-WA]
FS =0030 0000000000000000 ffffffff 00cf9300 DPL=0 DS   [-WA]
GS =0030 0000000000000000 ffffffff 00cf9300 DPL=0 DS   [-WA]
LDT=0000 0000000000000000 0000ffff 00008200 DPL=0 LDT
TR =0048 00000000075db058 00000067 00008900 DPL=0 TSS64-avl
GDT=     00000000075db000 00000057
IDT=     00000000070e8018 00000fff
CR0=80010033 CR2=0000000000000000 CR3=0000000007801000 CR4=00000668
DR0=0000000000000000 DR1=0000000000000000 DR2=0000000000000000 DR3=0000000000000000 
DR6=00000000ffff0ff0 DR7=0000000000000400
CCS=0000000000000000 CCD=00000000c0c43101 CCO=EFLAGS
EFER=0000000000000d00
Servicing hardware INT=0x20
   125: v=20 e=0000 i=0 cpl=0 IP=0038:0000000006cacc11 pc=0000000006cacc11 SP=0030:0000000007ee34b8 env->regs[R_EAX]=00000000c0c43101
RAX=00000000c0c43101 RBX=00000000070e7498 RCX=00000000070e7498 RDX=0000000000000000
RSI=0000000007f09980 RDI=44515fc33c8d294c RBP=0000000007ee3520 RSP=0000000007ee34b8
R8 =0000000007ee3620 R9 =00000000068b3698 R10=00000000067a37c8 R11=0000000000000004
R12=0000000000000004 R13=0000000007f09880 R14=0000000000000010 R15=0000000007f09980
RIP=0000000006cacc11 RFL=00000202 [-------] CPL=0 II=0 A20=1 SMM=0 HLT=0
ES =0030 0000000000000000 ffffffff 00cf9300 DPL=0 DS   [-WA]
CS =0038 0000000000000000 ffffffff 00af9a00 DPL=0 CS64 [-R-]
SS =0030 0000000000000000 ffffffff 00cf9300 DPL=0 DS   [-WA]
DS =0030 0000000000000000 ffffffff 00cf9300 DPL=0 DS   [-WA]
FS =0030 0000000000000000 ffffffff 00cf9300 DPL=0 DS   [-WA]
GS =0030 0000000000000000 ffffffff 00cf9300 DPL=0 DS   [-WA]
LDT=0000 0000000000000000 0000ffff 00008200 DPL=0 LDT
TR =0048 00000000075db058 00000067 00008900 DPL=0 TSS64-avl
GDT=     00000000075db000 00000057
IDT=     00000000070e8018 00000fff
CR0=80010033 CR2=0000000000000000 CR3=0000000007801000 CR4=00000668
DR0=0000000000000000 DR1=0000000000000000 DR2=0000000000000000 DR3=0000000000000000 
DR6=00000000ffff0ff0 DR7=0000000000000400
CCS=0000000000000000 CCD=00000000c0c43101 CCO=EFLAGS
EFER=0000000000000d00
Servicing hardware INT=0x20
   126: v=20 e=0000 i=0 cpl=0 IP=0038:0000000006cacc11 pc=0000000006cacc11 SP=0030:0000000007ee34b8 env->regs[R_EAX]=00000000c0c43101
RAX=00000000c0c43101 RBX=00000000070e7498 RCX=00000000070e7498 RDX=0000000000000000
RSI=0000000007f09980 RDI=44515fc33c8d294c RBP=0000000007ee3520 RSP=0000000007ee34b8
R8 =0000000007ee3620 R9 =00000000068b3698 R10=00000000067a37c8 R11=0000000000000004
R12=0000000000000004 R13=0000000007f09880 R14=0000000000000010 R15=0000000007f09980
RIP=0000000006cacc11 RFL=00000202 [-------] CPL=0 II=0 A20=1 SMM=0 HLT=0
ES =0030 0000000000000000 ffffffff 00cf9300 DPL=0 DS   [-WA]
CS =0038 0000000000000000 ffffffff 00af9a00 DPL=0 CS64 [-R-]
SS =0030 0000000000000000 ffffffff 00cf9300 DPL=0 DS   [-WA]
DS =0030 0000000000000000 ffffffff 00cf9300 DPL=0 DS   [-WA]
FS =0030 0000000000000000 ffffffff 00cf9300 DPL=0 DS   [-WA]
GS =0030 0000000000000000 ffffffff 00cf9300 DPL=0 DS   [-WA]
LDT=0000 0000000000000000 0000ffff 00008200 DPL=0 LDT
TR =0048 00000000075db058 00000067 00008900 DPL=0 TSS64-avl
GDT=     00000000075db000 00000057
IDT=     00000000070e8018 00000fff
CR0=80010033 CR2=0000000000000000 CR3=0000000007801000 CR4=00000668
DR0=0000000000000000 DR1=0000000000000000 DR2=0000000000000000 DR3=0000000000000000 
DR6=00000000ffff0ff0 DR7=0000000000000400
CCS=0000000000000000 CCD=00000000c0c43101 CCO=EFLAGS
EFER=0000000000000d00
Servicing hardware INT=0x20
   127: v=20 e=0000 i=0 cpl=0 IP=0038:0000000006cacc11 pc=0000000006cacc11 SP=0030:0000000007ee34b8 env->regs[R_EAX]=00000000c0c43101
RAX=00000000c0c43101 RBX=00000000070e7498 RCX=00000000070e7498 RDX=0000000000000000
RSI=0000000007f09980 RDI=44515fc33c8d294c RBP=0000000007ee3520 RSP=0000000007ee34b8
R8 =0000000007ee3620 R9 =00000000068b3698 R10=00000000067a37c8 R11=0000000000000004
R12=0000000000000004 R13=0000000007f09880 R14=0000000000000010 R15=0000000007f09980
RIP=0000000006cacc11 RFL=00000202 [-------] CPL=0 II=0 A20=1 SMM=0 HLT=0
ES =0030 0000000000000000 ffffffff 00cf9300 DPL=0 DS   [-WA]
CS =0038 0000000000000000 ffffffff 00af9a00 DPL=0 CS64 [-R-]
SS =0030 0000000000000000 ffffffff 00cf9300 DPL=0 DS   [-WA]
DS =0030 0000000000000000 ffffffff 00cf9300 DPL=0 DS   [-WA]
FS =0030 0000000000000000 ffffffff 00cf9300 DPL=0 DS   [-WA]
GS =0030 0000000000000000 ffffffff 00cf9300 DPL=0 DS   [-WA]
LDT=0000 0000000000000000 0000ffff 00008200 DPL=0 LDT
TR =0048 00000000075db058 00000067 00008900 DPL=0 TSS64-avl
GDT=     00000000075db000 00000057
IDT=     00000000070e8018 00000fff
CR0=80010033 CR2=0000000000000000 CR3=0000000007801000 CR4=00000668
DR0=0000000000000000 DR1=0000000000000000 DR2=0000000000000000 DR3=0000000000000000 
DR6=00000000ffff0ff0 DR7=0000000000000400
CCS=0000000000000000 CCD=00000000c0c43101 CCO=EFLAGS
EFER=0000000000000d00
Servicing hardware INT=0x20
   128: v=20 e=0000 i=0 cpl=0 IP=0038:0000000006cacc11 pc=0000000006cacc11 SP=0030:0000000007ee34b8 env->regs[R_EAX]=00000000c0c43101
RAX=00000000c0c43101 RBX=00000000070e7498 RCX=00000000070e7498 RDX=0000000000000000
RSI=0000000007f09980 RDI=44515fc33c8d294c RBP=0000000007ee3520 RSP=0000000007ee34b8
R8 =0000000007ee3620 R9 =00000000068b3698 R10=00000000067a37c8 R11=0000000000000004
R12=0000000000000004 R13=0000000007f09880 R14=0000000000000010 R15=0000000007f09980
RIP=0000000006cacc11 RFL=00000202 [-------] CPL=0 II=0 A20=1 SMM=0 HLT=0
ES =0030 0000000000000000 ffffffff 00cf9300 DPL=0 DS   [-WA]
CS =0038 0000000000000000 ffffffff 00af9a00 DPL=0 CS64 [-R-]
SS =0030 0000000000000000 ffffffff 00cf9300 DPL=0 DS   [-WA]
DS =0030 0000000000000000 ffffffff 00cf9300 DPL=0 DS   [-WA]
FS =0030 0000000000000000 ffffffff 00cf9300 DPL=0 DS   [-WA]
GS =0030 0000000000000000 ffffffff 00cf9300 DPL=0 DS   [-WA]
LDT=0000 0000000000000000 0000ffff 00008200 DPL=0 LDT
TR =0048 00000000075db058 00000067 00008900 DPL=0 TSS64-avl
GDT=     00000000075db000 00000057
IDT=     00000000070e8018 00000fff
CR0=80010033 CR2=0000000000000000 CR3=0000000007801000 CR4=00000668
DR0=0000000000000000 DR1=0000000000000000 DR2=0000000000000000 DR3=0000000000000000 
DR6=00000000ffff0ff0 DR7=0000000000000400
CCS=0000000000000000 CCD=00000000c0c43101 CCO=EFLAGS
EFER=0000000000000d00
Servicing hardware INT=0x20
   129: v=20 e=0000 i=0 cpl=0 IP=0038:0000000006cacc11 pc=0000000006cacc11 SP=0030:0000000007ee34b8 env->regs[R_EAX]=00000000c0c43101
RAX=00000000c0c43101 RBX=00000000070e7498 RCX=00000000070e7498 RDX=0000000000000000
RSI=0000000007f09980 RDI=44515fc33c8d294c RBP=0000000007ee3520 RSP=0000000007ee34b8
R8 =0000000007ee3620 R9 =00000000068b3698 R10=00000000067a37c8 R11=0000000000000004
R12=0000000000000004 R13=0000000007f09880 R14=0000000000000010 R15=0000000007f09980
RIP=0000000006cacc11 RFL=00000202 [-------] CPL=0 II=0 A20=1 SMM=0 HLT=0
ES =0030 0000000000000000 ffffffff 00cf9300 DPL=0 DS   [-WA]
CS =0038 0000000000000000 ffffffff 00af9a00 DPL=0 CS64 [-R-]
SS =0030 0000000000000000 ffffffff 00cf9300 DPL=0 DS   [-WA]
DS =0030 0000000000000000 ffffffff 00cf9300 DPL=0 DS   [-WA]
FS =0030 0000000000000000 ffffffff 00cf9300 DPL=0 DS   [-WA]
GS =0030 0000000000000000 ffffffff 00cf9300 DPL=0 DS   [-WA]
LDT=0000 0000000000000000 0000ffff 00008200 DPL=0 LDT
TR =0048 00000000075db058 00000067 00008900 DPL=0 TSS64-avl
GDT=     00000000075db000 00000057
IDT=     00000000070e8018 00000fff
CR0=80010033 CR2=0000000000000000 CR3=0000000007801000 CR4=00000668
DR0=0000000000000000 DR1=0000000000000000 DR2=0000000000000000 DR3=0000000000000000 
DR6=00000000ffff0ff0 DR7=0000000000000400
CCS=0000000000000000 CCD=00000000c0c43101 CCO=EFLAGS
EFER=0000000000000d00
Servicing hardware INT=0x20
   130: v=20 e=0000 i=0 cpl=0 IP=0038:0000000006cacc11 pc=0000000006cacc11 SP=0030:0000000007ee34b8 env->regs[R_EAX]=00000000c0c43101
RAX=00000000c0c43101 RBX=00000000070e7498 RCX=00000000070e7498 RDX=0000000000000000
RSI=0000000007f09980 RDI=44515fc33c8d294c RBP=0000000007ee3520 RSP=0000000007ee34b8
R8 =0000000007ee3620 R9 =00000000068b3698 R10=00000000067a37c8 R11=0000000000000004
R12=0000000000000004 R13=0000000007f09880 R14=0000000000000010 R15=0000000007f09980
RIP=0000000006cacc11 RFL=00000202 [-------] CPL=0 II=0 A20=1 SMM=0 HLT=0
ES =0030 0000000000000000 ffffffff 00cf9300 DPL=0 DS   [-WA]
CS =0038 0000000000000000 ffffffff 00af9a00 DPL=0 CS64 [-R-]
SS =0030 0000000000000000 ffffffff 00cf9300 DPL=0 DS   [-WA]
DS =0030 0000000000000000 ffffffff 00cf9300 DPL=0 DS   [-WA]
FS =0030 0000000000000000 ffffffff 00cf9300 DPL=0 DS   [-WA]
GS =0030 0000000000000000 ffffffff 00cf9300 DPL=0 DS   [-WA]
LDT=0000 0000000000000000 0000ffff 00008200 DPL=0 LDT
TR =0048 00000000075db058 00000067 00008900 DPL=0 TSS64-avl
GDT=     00000000075db000 00000057
IDT=     00000000070e8018 00000fff
CR0=80010033 CR2=0000000000000000 CR3=0000000007801000 CR4=00000668
DR0=0000000000000000 DR1=0000000000000000 DR2=0000000000000000 DR3=0000000000000000 
DR6=00000000ffff0ff0 DR7=0000000000000400
CCS=0000000000000000 CCD=00000000c0c43101 CCO=EFLAGS
EFER=0000000000000d00
Servicing hardware INT=0x20
   131: v=20 e=0000 i=0 cpl=0 IP=0038:0000000006cacc11 pc=0000000006cacc11 SP=0030:0000000007ee34b8 env->regs[R_EAX]=00000000c0c43101
RAX=00000000c0c43101 RBX=00000000070e7498 RCX=00000000070e7498 RDX=0000000000000000
RSI=0000000007f09980 RDI=44515fc33c8d294c RBP=0000000007ee3520 RSP=0000000007ee34b8
R8 =0000000007ee3620 R9 =00000000068b3698 R10=00000000067a37c8 R11=0000000000000004
R12=0000000000000004 R13=0000000007f09880 R14=0000000000000010 R15=0000000007f09980
RIP=0000000006cacc11 RFL=00000202 [-------] CPL=0 II=0 A20=1 SMM=0 HLT=0
ES =0030 0000000000000000 ffffffff 00cf9300 DPL=0 DS   [-WA]
CS =0038 0000000000000000 ffffffff 00af9a00 DPL=0 CS64 [-R-]
SS =0030 0000000000000000 ffffffff 00cf9300 DPL=0 DS   [-WA]
DS =0030 0000000000000000 ffffffff 00cf9300 DPL=0 DS   [-WA]
FS =0030 0000000000000000 ffffffff 00cf9300 DPL=0 DS   [-WA]
GS =0030 0000000000000000 ffffffff 00cf9300 DPL=0 DS   [-WA]
LDT=0000 0000000000000000 0000ffff 00008200 DPL=0 LDT
TR =0048 00000000075db058 00000067 00008900 DPL=0 TSS64-avl
GDT=     00000000075db000 00000057
IDT=     00000000070e8018 00000fff
CR0=80010033 CR2=0000000000000000 CR3=0000000007801000 CR4=00000668
DR0=0000000000000000 DR1=0000000000000000 DR2=0000000000000000 DR3=0000000000000000 
DR6=00000000ffff0ff0 DR7=0000000000000400
CCS=0000000000000000 CCD=00000000c0c43101 CCO=EFLAGS
EFER=0000000000000d00
Servicing hardware INT=0x20
   132: v=20 e=0000 i=0 cpl=0 IP=0038:0000000006cacc11 pc=0000000006cacc11 SP=0030:0000000007ee34b8 env->regs[R_EAX]=00000000c0c43101
RAX=00000000c0c43101 RBX=00000000070e7498 RCX=00000000070e7498 RDX=0000000000000000
RSI=0000000007f09980 RDI=44515fc33c8d294c RBP=0000000007ee3520 RSP=0000000007ee34b8
R8 =0000000007ee3620 R9 =00000000068b3698 R10=00000000067a37c8 R11=0000000000000004
R12=0000000000000004 R13=0000000007f09880 R14=0000000000000010 R15=0000000007f09980
RIP=0000000006cacc11 RFL=00000202 [-------] CPL=0 II=0 A20=1 SMM=0 HLT=0
ES =0030 0000000000000000 ffffffff 00cf9300 DPL=0 DS   [-WA]
CS =0038 0000000000000000 ffffffff 00af9a00 DPL=0 CS64 [-R-]
SS =0030 0000000000000000 ffffffff 00cf9300 DPL=0 DS   [-WA]
DS =0030 0000000000000000 ffffffff 00cf9300 DPL=0 DS   [-WA]
FS =0030 0000000000000000 ffffffff 00cf9300 DPL=0 DS   [-WA]
GS =0030 0000000000000000 ffffffff 00cf9300 DPL=0 DS   [-WA]
LDT=0000 0000000000000000 0000ffff 00008200 DPL=0 LDT
TR =0048 00000000075db058 00000067 00008900 DPL=0 TSS64-avl
GDT=     00000000075db000 00000057
IDT=     00000000070e8018 00000fff
CR0=80010033 CR2=0000000000000000 CR3=0000000007801000 CR4=00000668
DR0=0000000000000000 DR1=0000000000000000 DR2=0000000000000000 DR3=0000000000000000 
DR6=00000000ffff0ff0 DR7=0000000000000400
CCS=0000000000000000 CCD=00000000c0c43101 CCO=EFLAGS
EFER=0000000000000d00
Servicing hardware INT=0x20
   133: v=20 e=0000 i=0 cpl=0 IP=0038:0000000006cacc11 pc=0000000006cacc11 SP=0030:0000000007ee34b8 env->regs[R_EAX]=00000000c0c43101
RAX=00000000c0c43101 RBX=00000000070e7498 RCX=00000000070e7498 RDX=0000000000000000
RSI=0000000007f09980 RDI=44515fc33c8d294c RBP=0000000007ee3520 RSP=0000000007ee34b8
R8 =0000000007ee3620 R9 =00000000068b3698 R10=00000000067a37c8 R11=0000000000000004
R12=0000000000000004 R13=0000000007f09880 R14=0000000000000010 R15=0000000007f09980
RIP=0000000006cacc11 RFL=00000202 [-------] CPL=0 II=0 A20=1 SMM=0 HLT=0
ES =0030 0000000000000000 ffffffff 00cf9300 DPL=0 DS   [-WA]
CS =0038 0000000000000000 ffffffff 00af9a00 DPL=0 CS64 [-R-]
SS =0030 0000000000000000 ffffffff 00cf9300 DPL=0 DS   [-WA]
DS =0030 0000000000000000 ffffffff 00cf9300 DPL=0 DS   [-WA]
FS =0030 0000000000000000 ffffffff 00cf9300 DPL=0 DS   [-WA]
GS =0030 0000000000000000 ffffffff 00cf9300 DPL=0 DS   [-WA]
LDT=0000 0000000000000000 0000ffff 00008200 DPL=0 LDT
TR =0048 00000000075db058 00000067 00008900 DPL=0 TSS64-avl
GDT=     00000000075db000 00000057
IDT=     00000000070e8018 00000fff
CR0=80010033 CR2=0000000000000000 CR3=0000000007801000 CR4=00000668
DR0=0000000000000000 DR1=0000000000000000 DR2=0000000000000000 DR3=0000000000000000 
DR6=00000000ffff0ff0 DR7=0000000000000400
CCS=0000000000000000 CCD=00000000c0c43101 CCO=EFLAGS
EFER=0000000000000d00
Servicing hardware INT=0x20
   134: v=20 e=0000 i=0 cpl=0 IP=0038:0000000006cacc11 pc=0000000006cacc11 SP=0030:0000000007ee34b8 env->regs[R_EAX]=00000000c0c43101
RAX=00000000c0c43101 RBX=00000000070e7498 RCX=00000000070e7498 RDX=0000000000000000
RSI=0000000007f09980 RDI=44515fc33c8d294c RBP=0000000007ee3520 RSP=0000000007ee34b8
R8 =0000000007ee3620 R9 =00000000068b3698 R10=00000000067a37c8 R11=0000000000000004
R12=0000000000000004 R13=0000000007f09880 R14=0000000000000010 R15=0000000007f09980
RIP=0000000006cacc11 RFL=00000202 [-------] CPL=0 II=0 A20=1 SMM=0 HLT=0
ES =0030 0000000000000000 ffffffff 00cf9300 DPL=0 DS   [-WA]
CS =0038 0000000000000000 ffffffff 00af9a00 DPL=0 CS64 [-R-]
SS =0030 0000000000000000 ffffffff 00cf9300 DPL=0 DS   [-WA]
DS =0030 0000000000000000 ffffffff 00cf9300 DPL=0 DS   [-WA]
FS =0030 0000000000000000 ffffffff 00cf9300 DPL=0 DS   [-WA]
GS =0030 0000000000000000 ffffffff 00cf9300 DPL=0 DS   [-WA]
LDT=0000 0000000000000000 0000ffff 00008200 DPL=0 LDT
TR =0048 00000000075db058 00000067 00008900 DPL=0 TSS64-avl
GDT=     00000000075db000 00000057
IDT=     00000000070e8018 00000fff
CR0=80010033 CR2=0000000000000000 CR3=0000000007801000 CR4=00000668
DR0=0000000000000000 DR1=0000000000000000 DR2=0000000000000000 DR3=0000000000000000 
DR6=00000000ffff0ff0 DR7=0000000000000400
CCS=0000000000000000 CCD=00000000c0c43101 CCO=EFLAGS
EFER=0000000000000d00
Servicing hardware INT=0x20
   135: v=20 e=0000 i=0 cpl=0 IP=0038:0000000006cacc11 pc=0000000006cacc11 SP=0030:0000000007ee34b8 env->regs[R_EAX]=00000000c0c43101
RAX=00000000c0c43101 RBX=00000000070e7498 RCX=00000000070e7498 RDX=0000000000000000
RSI=0000000007f09980 RDI=44515fc33c8d294c RBP=0000000007ee3520 RSP=0000000007ee34b8
R8 =0000000007ee3620 R9 =00000000068b3698 R10=00000000067a37c8 R11=0000000000000004
R12=0000000000000004 R13=0000000007f09880 R14=0000000000000010 R15=0000000007f09980
RIP=0000000006cacc11 RFL=00000202 [-------] CPL=0 II=0 A20=1 SMM=0 HLT=0
ES =0030 0000000000000000 ffffffff 00cf9300 DPL=0 DS   [-WA]
CS =0038 0000000000000000 ffffffff 00af9a00 DPL=0 CS64 [-R-]
SS =0030 0000000000000000 ffffffff 00cf9300 DPL=0 DS   [-WA]
DS =0030 0000000000000000 ffffffff 00cf9300 DPL=0 DS   [-WA]
FS =0030 0000000000000000 ffffffff 00cf9300 DPL=0 DS   [-WA]
GS =0030 0000000000000000 ffffffff 00cf9300 DPL=0 DS   [-WA]
LDT=0000 0000000000000000 0000ffff 00008200 DPL=0 LDT
TR =0048 00000000075db058 00000067 00008900 DPL=0 TSS64-avl
GDT=     00000000075db000 00000057
IDT=     00000000070e8018 00000fff
CR0=80010033 CR2=0000000000000000 CR3=0000000007801000 CR4=00000668
DR0=0000000000000000 DR1=0000000000000000 DR2=0000000000000000 DR3=0000000000000000 
DR6=00000000ffff0ff0 DR7=0000000000000400
CCS=0000000000000000 CCD=00000000c0c43101 CCO=EFLAGS
EFER=0000000000000d00
Servicing hardware INT=0x20
   136: v=20 e=0000 i=0 cpl=0 IP=0038:0000000006cacc11 pc=0000000006cacc11 SP=0030:0000000007ee34b8 env->regs[R_EAX]=00000000c0c43101
RAX=00000000c0c43101 RBX=00000000070e7498 RCX=00000000070e7498 RDX=0000000000000000
RSI=0000000007f09980 RDI=44515fc33c8d294c RBP=0000000007ee3520 RSP=0000000007ee34b8
R8 =0000000007ee3620 R9 =00000000068b3698 R10=00000000067a37c8 R11=0000000000000004
R12=0000000000000004 R13=0000000007f09880 R14=0000000000000010 R15=0000000007f09980
RIP=0000000006cacc11 RFL=00000202 [-------] CPL=0 II=0 A20=1 SMM=0 HLT=0
ES =0030 0000000000000000 ffffffff 00cf9300 DPL=0 DS   [-WA]
CS =0038 0000000000000000 ffffffff 00af9a00 DPL=0 CS64 [-R-]
SS =0030 0000000000000000 ffffffff 00cf9300 DPL=0 DS   [-WA]
DS =0030 0000000000000000 ffffffff 00cf9300 DPL=0 DS   [-WA]
FS =0030 0000000000000000 ffffffff 00cf9300 DPL=0 DS   [-WA]
GS =0030 0000000000000000 ffffffff 00cf9300 DPL=0 DS   [-WA]
LDT=0000 0000000000000000 0000ffff 00008200 DPL=0 LDT
TR =0048 00000000075db058 00000067 00008900 DPL=0 TSS64-avl
GDT=     00000000075db000 00000057
IDT=     00000000070e8018 00000fff
CR0=80010033 CR2=0000000000000000 CR3=0000000007801000 CR4=00000668
DR0=0000000000000000 DR1=0000000000000000 DR2=0000000000000000 DR3=0000000000000000 
DR6=00000000ffff0ff0 DR7=0000000000000400
CCS=0000000000000000 CCD=00000000c0c43101 CCO=EFLAGS
EFER=0000000000000d00
Servicing hardware INT=0x20
   137: v=20 e=0000 i=0 cpl=0 IP=0038:0000000006cacc11 pc=0000000006cacc11 SP=0030:0000000007ee34b8 env->regs[R_EAX]=00000000c0c43101
RAX=00000000c0c43101 RBX=00000000070e7498 RCX=00000000070e7498 RDX=0000000000000000
RSI=0000000007f09980 RDI=44515fc33c8d294c RBP=0000000007ee3520 RSP=0000000007ee34b8
R8 =0000000007ee3620 R9 =00000000068b3698 R10=00000000067a37c8 R11=0000000000000004
R12=0000000000000004 R13=0000000007f09880 R14=0000000000000010 R15=0000000007f09980
RIP=0000000006cacc11 RFL=00000202 [-------] CPL=0 II=0 A20=1 SMM=0 HLT=0
ES =0030 0000000000000000 ffffffff 00cf9300 DPL=0 DS   [-WA]
CS =0038 0000000000000000 ffffffff 00af9a00 DPL=0 CS64 [-R-]
SS =0030 0000000000000000 ffffffff 00cf9300 DPL=0 DS   [-WA]
DS =0030 0000000000000000 ffffffff 00cf9300 DPL=0 DS   [-WA]
FS =0030 0000000000000000 ffffffff 00cf9300 DPL=0 DS   [-WA]
GS =0030 0000000000000000 ffffffff 00cf9300 DPL=0 DS   [-WA]
LDT=0000 0000000000000000 0000ffff 00008200 DPL=0 LDT
TR =0048 00000000075db058 00000067 00008900 DPL=0 TSS64-avl
GDT=     00000000075db000 00000057
IDT=     00000000070e8018 00000fff
CR0=80010033 CR2=0000000000000000 CR3=0000000007801000 CR4=00000668
DR0=0000000000000000 DR1=0000000000000000 DR2=0000000000000000 DR3=0000000000000000 
DR6=00000000ffff0ff0 DR7=0000000000000400
CCS=0000000000000000 CCD=00000000c0c43101 CCO=EFLAGS
EFER=0000000000000d00
Servicing hardware INT=0x20
   138: v=20 e=0000 i=0 cpl=0 IP=0038:0000000006cacc11 pc=0000000006cacc11 SP=0030:0000000007ee34b8 env->regs[R_EAX]=00000000c0c43101
RAX=00000000c0c43101 RBX=00000000070e7498 RCX=00000000070e7498 RDX=0000000000000000
RSI=0000000007f09980 RDI=44515fc33c8d294c RBP=0000000007ee3520 RSP=0000000007ee34b8
R8 =0000000007ee3620 R9 =00000000068b3698 R10=00000000067a37c8 R11=0000000000000004
R12=0000000000000004 R13=0000000007f09880 R14=0000000000000010 R15=0000000007f09980
RIP=0000000006cacc11 RFL=00000202 [-------] CPL=0 II=0 A20=1 SMM=0 HLT=0
ES =0030 0000000000000000 ffffffff 00cf9300 DPL=0 DS   [-WA]
CS =0038 0000000000000000 ffffffff 00af9a00 DPL=0 CS64 [-R-]
SS =0030 0000000000000000 ffffffff 00cf9300 DPL=0 DS   [-WA]
DS =0030 0000000000000000 ffffffff 00cf9300 DPL=0 DS   [-WA]
FS =0030 0000000000000000 ffffffff 00cf9300 DPL=0 DS   [-WA]
GS =0030 0000000000000000 ffffffff 00cf9300 DPL=0 DS   [-WA]
LDT=0000 0000000000000000 0000ffff 00008200 DPL=0 LDT
TR =0048 00000000075db058 00000067 00008900 DPL=0 TSS64-avl
GDT=     00000000075db000 00000057
IDT=     00000000070e8018 00000fff
CR0=80010033 CR2=0000000000000000 CR3=0000000007801000 CR4=00000668
DR0=0000000000000000 DR1=0000000000000000 DR2=0000000000000000 DR3=0000000000000000 
DR6=00000000ffff0ff0 DR7=0000000000000400
CCS=0000000000000000 CCD=00000000c0c43101 CCO=EFLAGS
EFER=0000000000000d00
Servicing hardware INT=0x20
   139: v=20 e=0000 i=0 cpl=0 IP=0038:0000000006cacc11 pc=0000000006cacc11 SP=0030:0000000007ee34b8 env->regs[R_EAX]=00000000c0c43101
RAX=00000000c0c43101 RBX=00000000070e7498 RCX=00000000070e7498 RDX=0000000000000000
RSI=0000000007f09980 RDI=44515fc33c8d294c RBP=0000000007ee3520 RSP=0000000007ee34b8
R8 =0000000007ee3620 R9 =00000000c4fe0515 R10=00000000c0c2bde0 R11=000000005e8124ab
R12=0000000000000004 R13=0000000007f09880 R14=0000000000000010 R15=0000000007f09980
RIP=0000000006cacc11 RFL=00000202 [-------] CPL=0 II=0 A20=1 SMM=0 HLT=0
ES =0030 0000000000000000 ffffffff 00cf9300 DPL=0 DS   [-WA]
CS =0038 0000000000000000 ffffffff 00af9a00 DPL=0 CS64 [-R-]
SS =0030 0000000000000000 ffffffff 00cf9300 DPL=0 DS   [-WA]
DS =0030 0000000000000000 ffffffff 00cf9300 DPL=0 DS   [-WA]
FS =0030 0000000000000000 ffffffff 00cf9300 DPL=0 DS   [-WA]
GS =0030 0000000000000000 ffffffff 00cf9300 DPL=0 DS   [-WA]
LDT=0000 0000000000000000 0000ffff 00008200 DPL=0 LDT
TR =0048 00000000075db058 00000067 00008900 DPL=0 TSS64-avl
GDT=     00000000075db000 00000057
IDT=     00000000070e8018 00000fff
CR0=80010033 CR2=0000000000000000 CR3=0000000007801000 CR4=00000668
DR0=0000000000000000 DR1=0000000000000000 DR2=0000000000000000 DR3=0000000000000000 
DR6=00000000ffff0ff0 DR7=0000000000000400
CCS=0000000000000000 CCD=00000000c0c43101 CCO=EFLAGS
EFER=0000000000000d00
Servicing hardware INT=0x20
   140: v=20 e=0000 i=0 cpl=0 IP=0038:0000000006cacc11 pc=0000000006cacc11 SP=0030:0000000007ee34b8 env->regs[R_EAX]=00000000c0c43101
RAX=00000000c0c43101 RBX=00000000070e7498 RCX=00000000070e7498 RDX=0000000000000000
RSI=0000000007f09980 RDI=44515fc33c8d294c RBP=0000000007ee3520 RSP=0000000007ee34b8
R8 =0000000007ee3620 R9 =00000000c4fe0515 R10=00000000c0c2bde0 R11=000000005e8124ab
R12=0000000000000004 R13=0000000007f09880 R14=0000000000000010 R15=0000000007f09980
RIP=0000000006cacc11 RFL=00000202 [-------] CPL=0 II=0 A20=1 SMM=0 HLT=0
ES =0030 0000000000000000 ffffffff 00cf9300 DPL=0 DS   [-WA]
CS =0038 0000000000000000 ffffffff 00af9a00 DPL=0 CS64 [-R-]
SS =0030 0000000000000000 ffffffff 00cf9300 DPL=0 DS   [-WA]
DS =0030 0000000000000000 ffffffff 00cf9300 DPL=0 DS   [-WA]
FS =0030 0000000000000000 ffffffff 00cf9300 DPL=0 DS   [-WA]
GS =0030 0000000000000000 ffffffff 00cf9300 DPL=0 DS   [-WA]
LDT=0000 0000000000000000 0000ffff 00008200 DPL=0 LDT
TR =0048 00000000075db058 00000067 00008900 DPL=0 TSS64-avl
GDT=     00000000075db000 00000057
IDT=     00000000070e8018 00000fff
CR0=80010033 CR2=0000000000000000 CR3=0000000007801000 CR4=00000668
DR0=0000000000000000 DR1=0000000000000000 DR2=0000000000000000 DR3=0000000000000000 
DR6=00000000ffff0ff0 DR7=0000000000000400
CCS=0000000000000000 CCD=00000000c0c43101 CCO=EFLAGS
EFER=0000000000000d00
Servicing hardware INT=0x20
   141: v=20 e=0000 i=0 cpl=0 IP=0038:0000000006cacc11 pc=0000000006cacc11 SP=0030:0000000007ee34b8 env->regs[R_EAX]=00000000c0c43101
RAX=00000000c0c43101 RBX=00000000070e7498 RCX=00000000070e7498 RDX=0000000000000000
RSI=0000000007f09980 RDI=44515fc33c8d294c RBP=0000000007ee3520 RSP=0000000007ee34b8
R8 =0000000007ee3620 R9 =0000000071be9664 R10=00000000c94e0aa7 R11=00000000f5c30e59
R12=0000000000000004 R13=0000000007f09880 R14=0000000000000010 R15=0000000007f09980
RIP=0000000006cacc11 RFL=00000202 [-------] CPL=0 II=0 A20=1 SMM=0 HLT=0
ES =0030 0000000000000000 ffffffff 00cf9300 DPL=0 DS   [-WA]
CS =0038 0000000000000000 ffffffff 00af9a00 DPL=0 CS64 [-R-]
SS =0030 0000000000000000 ffffffff 00cf9300 DPL=0 DS   [-WA]
DS =0030 0000000000000000 ffffffff 00cf9300 DPL=0 DS   [-WA]
FS =0030 0000000000000000 ffffffff 00cf9300 DPL=0 DS   [-WA]
GS =0030 0000000000000000 ffffffff 00cf9300 DPL=0 DS   [-WA]
LDT=0000 0000000000000000 0000ffff 00008200 DPL=0 LDT
TR =0048 00000000075db058 00000067 00008900 DPL=0 TSS64-avl
GDT=     00000000075db000 00000057
IDT=     00000000070e8018 00000fff
CR0=80010033 CR2=0000000000000000 CR3=0000000007801000 CR4=00000668
DR0=0000000000000000 DR1=0000000000000000 DR2=0000000000000000 DR3=0000000000000000 
DR6=00000000ffff0ff0 DR7=0000000000000400
CCS=0000000000000000 CCD=00000000c0c43101 CCO=EFLAGS
EFER=0000000000000d00
Servicing hardware INT=0x20
   142: v=20 e=0000 i=0 cpl=0 IP=0038:0000000006cacc11 pc=0000000006cacc11 SP=0030:0000000007ee34b8 env->regs[R_EAX]=00000000c0c43101
RAX=00000000c0c43101 RBX=00000000070e7498 RCX=00000000070e7498 RDX=0000000000000000
RSI=0000000007f09980 RDI=44515fc33c8d294c RBP=0000000007ee3520 RSP=0000000007ee34b8
R8 =0000000007ee3620 R9 =0000000071be9664 R10=00000000c94e0aa7 R11=00000000f5c30e59
R12=0000000000000004 R13=0000000007f09880 R14=0000000000000010 R15=0000000007f09980
RIP=0000000006cacc11 RFL=00000202 [-------] CPL=0 II=0 A20=1 SMM=0 HLT=0
ES =0030 0000000000000000 ffffffff 00cf9300 DPL=0 DS   [-WA]
CS =0038 0000000000000000 ffffffff 00af9a00 DPL=0 CS64 [-R-]
SS =0030 0000000000000000 ffffffff 00cf9300 DPL=0 DS   [-WA]
DS =0030 0000000000000000 ffffffff 00cf9300 DPL=0 DS   [-WA]
FS =0030 0000000000000000 ffffffff 00cf9300 DPL=0 DS   [-WA]
GS =0030 0000000000000000 ffffffff 00cf9300 DPL=0 DS   [-WA]
LDT=0000 0000000000000000 0000ffff 00008200 DPL=0 LDT
TR =0048 00000000075db058 00000067 00008900 DPL=0 TSS64-avl
GDT=     00000000075db000 00000057
IDT=     00000000070e8018 00000fff
CR0=80010033 CR2=0000000000000000 CR3=0000000007801000 CR4=00000668
DR0=0000000000000000 DR1=0000000000000000 DR2=0000000000000000 DR3=0000000000000000 
DR6=00000000ffff0ff0 DR7=0000000000000400
CCS=0000000000000000 CCD=00000000c0c43101 CCO=EFLAGS
EFER=0000000000000d00
Servicing hardware INT=0x20
   143: v=20 e=0000 i=0 cpl=0 IP=0038:0000000006cacc11 pc=0000000006cacc11 SP=0030:0000000007ee34b8 env->regs[R_EAX]=00000000c0c43101
RAX=00000000c0c43101 RBX=00000000070e7498 RCX=00000000070e7498 RDX=0000000000000000
RSI=0000000007f09980 RDI=44515fc33c8d294c RBP=0000000007ee3520 RSP=0000000007ee34b8
R8 =0000000007ee3620 R9 =00000000e6083af6 R10=000000003e593a45 R11=00000000d3c57899
R12=0000000000000004 R13=0000000007f09880 R14=0000000000000010 R15=0000000007f09980
RIP=0000000006cacc11 RFL=00000202 [-------] CPL=0 II=0 A20=1 SMM=0 HLT=0
ES =0030 0000000000000000 ffffffff 00cf9300 DPL=0 DS   [-WA]
CS =0038 0000000000000000 ffffffff 00af9a00 DPL=0 CS64 [-R-]
SS =0030 0000000000000000 ffffffff 00cf9300 DPL=0 DS   [-WA]
DS =0030 0000000000000000 ffffffff 00cf9300 DPL=0 DS   [-WA]
FS =0030 0000000000000000 ffffffff 00cf9300 DPL=0 DS   [-WA]
GS =0030 0000000000000000 ffffffff 00cf9300 DPL=0 DS   [-WA]
LDT=0000 0000000000000000 0000ffff 00008200 DPL=0 LDT
TR =0048 00000000075db058 00000067 00008900 DPL=0 TSS64-avl
GDT=     00000000075db000 00000057
IDT=     00000000070e8018 00000fff
CR0=80010033 CR2=0000000000000000 CR3=0000000007801000 CR4=00000668
DR0=0000000000000000 DR1=0000000000000000 DR2=0000000000000000 DR3=0000000000000000 
DR6=00000000ffff0ff0 DR7=0000000000000400
CCS=0000000000000000 CCD=00000000c0c43101 CCO=EFLAGS
EFER=0000000000000d00
Servicing hardware INT=0x20
   144: v=20 e=0000 i=0 cpl=0 IP=0038:0000000006cacc11 pc=0000000006cacc11 SP=0030:0000000007ee34b8 env->regs[R_EAX]=00000000c0c43101
RAX=00000000c0c43101 RBX=00000000070e7498 RCX=00000000070e7498 RDX=0000000000000000
RSI=0000000007f09980 RDI=44515fc33c8d294c RBP=0000000007ee3520 RSP=0000000007ee34b8
R8 =0000000007ee3620 R9 =00000000e6083af6 R10=000000003e593a45 R11=00000000d3c57899
R12=0000000000000004 R13=0000000007f09880 R14=0000000000000010 R15=0000000007f09980
RIP=0000000006cacc11 RFL=00000202 [-------] CPL=0 II=0 A20=1 SMM=0 HLT=0
ES =0030 0000000000000000 ffffffff 00cf9300 DPL=0 DS   [-WA]
CS =0038 0000000000000000 ffffffff 00af9a00 DPL=0 CS64 [-R-]
SS =0030 0000000000000000 ffffffff 00cf9300 DPL=0 DS   [-WA]
DS =0030 0000000000000000 ffffffff 00cf9300 DPL=0 DS   [-WA]
FS =0030 0000000000000000 ffffffff 00cf9300 DPL=0 DS   [-WA]
GS =0030 0000000000000000 ffffffff 00cf9300 DPL=0 DS   [-WA]
LDT=0000 0000000000000000 0000ffff 00008200 DPL=0 LDT
TR =0048 00000000075db058 00000067 00008900 DPL=0 TSS64-avl
GDT=     00000000075db000 00000057
IDT=     00000000070e8018 00000fff
CR0=80010033 CR2=0000000000000000 CR3=0000000007801000 CR4=00000668
DR0=0000000000000000 DR1=0000000000000000 DR2=0000000000000000 DR3=0000000000000000 
DR6=00000000ffff0ff0 DR7=0000000000000400
CCS=0000000000000000 CCD=00000000c0c43101 CCO=EFLAGS
EFER=0000000000000d00
Servicing hardware INT=0x20
   145: v=20 e=0000 i=0 cpl=0 IP=0038:0000000006cacc11 pc=0000000006cacc11 SP=0030:0000000007ee34b8 env->regs[R_EAX]=00000000c0c43101
RAX=00000000c0c43101 RBX=00000000070e7498 RCX=00000000070e7498 RDX=0000000000000000
RSI=0000000007f09980 RDI=44515fc33c8d294c RBP=0000000007ee3520 RSP=0000000007ee34b8
R8 =0000000007ee3620 R9 =000000005218165a R10=00000000b4751008 R11=0000000008a47b7e
R12=0000000000000004 R13=0000000007f09880 R14=0000000000000010 R15=0000000007f09980
RIP=0000000006cacc11 RFL=00000202 [-------] CPL=0 II=0 A20=1 SMM=0 HLT=0
ES =0030 0000000000000000 ffffffff 00cf9300 DPL=0 DS   [-WA]
CS =0038 0000000000000000 ffffffff 00af9a00 DPL=0 CS64 [-R-]
SS =0030 0000000000000000 ffffffff 00cf9300 DPL=0 DS   [-WA]
DS =0030 0000000000000000 ffffffff 00cf9300 DPL=0 DS   [-WA]
FS =0030 0000000000000000 ffffffff 00cf9300 DPL=0 DS   [-WA]
GS =0030 0000000000000000 ffffffff 00cf9300 DPL=0 DS   [-WA]
LDT=0000 0000000000000000 0000ffff 00008200 DPL=0 LDT
TR =0048 00000000075db058 00000067 00008900 DPL=0 TSS64-avl
GDT=     00000000075db000 00000057
IDT=     00000000070e8018 00000fff
CR0=80010033 CR2=0000000000000000 CR3=0000000007801000 CR4=00000668
DR0=0000000000000000 DR1=0000000000000000 DR2=0000000000000000 DR3=0000000000000000 
DR6=00000000ffff0ff0 DR7=0000000000000400
CCS=0000000000000000 CCD=00000000c0c43101 CCO=EFLAGS
EFER=0000000000000d00
Servicing hardware INT=0x20
   146: v=20 e=0000 i=0 cpl=0 IP=0038:0000000006cacc11 pc=0000000006cacc11 SP=0030:0000000007ee34b8 env->regs[R_EAX]=00000000c0c43101
RAX=00000000c0c43101 RBX=00000000070e7498 RCX=00000000070e7498 RDX=0000000000000000
RSI=0000000007f09980 RDI=44515fc33c8d294c RBP=0000000007ee3520 RSP=0000000007ee34b8
R8 =0000000007ee3620 R9 =000000005218165a R10=00000000b4751008 R11=0000000008a47b7e
R12=0000000000000004 R13=0000000007f09880 R14=0000000000000010 R15=0000000007f09980
RIP=0000000006cacc11 RFL=00000202 [-------] CPL=0 II=0 A20=1 SMM=0 HLT=0
ES =0030 0000000000000000 ffffffff 00cf9300 DPL=0 DS   [-WA]
CS =0038 0000000000000000 ffffffff 00af9a00 DPL=0 CS64 [-R-]
SS =0030 0000000000000000 ffffffff 00cf9300 DPL=0 DS   [-WA]
DS =0030 0000000000000000 ffffffff 00cf9300 DPL=0 DS   [-WA]
FS =0030 0000000000000000 ffffffff 00cf9300 DPL=0 DS   [-WA]
GS =0030 0000000000000000 ffffffff 00cf9300 DPL=0 DS   [-WA]
LDT=0000 0000000000000000 0000ffff 00008200 DPL=0 LDT
TR =0048 00000000075db058 00000067 00008900 DPL=0 TSS64-avl
GDT=     00000000075db000 00000057
IDT=     00000000070e8018 00000fff
CR0=80010033 CR2=0000000000000000 CR3=0000000007801000 CR4=00000668
DR0=0000000000000000 DR1=0000000000000000 DR2=0000000000000000 DR3=0000000000000000 
DR6=00000000ffff0ff0 DR7=0000000000000400
CCS=0000000000000000 CCD=00000000c0c43101 CCO=EFLAGS
EFER=0000000000000d00
Servicing hardware INT=0x20
   147: v=20 e=0000 i=0 cpl=0 IP=0038:0000000006cacc11 pc=0000000006cacc11 SP=0030:0000000007ee34b8 env->regs[R_EAX]=00000000c0c43101
RAX=00000000c0c43101 RBX=00000000070e7498 RCX=00000000070e7498 RDX=0000000000000000
RSI=0000000007f09980 RDI=44515fc33c8d294c RBP=0000000007ee3520 RSP=0000000007ee34b8
R8 =0000000007ee3620 R9 =0000000054492d07 R10=0000000088a212ca R11=000000006ca4a6fb
R12=0000000000000004 R13=0000000007f09880 R14=0000000000000010 R15=0000000007f09980
RIP=0000000006cacc11 RFL=00000202 [-------] CPL=0 II=0 A20=1 SMM=0 HLT=0
ES =0030 0000000000000000 ffffffff 00cf9300 DPL=0 DS   [-WA]
CS =0038 0000000000000000 ffffffff 00af9a00 DPL=0 CS64 [-R-]
SS =0030 0000000000000000 ffffffff 00cf9300 DPL=0 DS   [-WA]
DS =0030 0000000000000000 ffffffff 00cf9300 DPL=0 DS   [-WA]
FS =0030 0000000000000000 ffffffff 00cf9300 DPL=0 DS   [-WA]
GS =0030 0000000000000000 ffffffff 00cf9300 DPL=0 DS   [-WA]
LDT=0000 0000000000000000 0000ffff 00008200 DPL=0 LDT
TR =0048 00000000075db058 00000067 00008900 DPL=0 TSS64-avl
GDT=     00000000075db000 00000057
IDT=     00000000070e8018 00000fff
CR0=80010033 CR2=0000000000000000 CR3=0000000007801000 CR4=00000668
DR0=0000000000000000 DR1=0000000000000000 DR2=0000000000000000 DR3=0000000000000000 
DR6=00000000ffff0ff0 DR7=0000000000000400
CCS=0000000000000000 CCD=00000000c0c43101 CCO=EFLAGS
EFER=0000000000000d00
Servicing hardware INT=0x20
   148: v=20 e=0000 i=0 cpl=0 IP=0038:0000000006cacc11 pc=0000000006cacc11 SP=0030:0000000007ee34b8 env->regs[R_EAX]=00000000c0c43101
RAX=00000000c0c43101 RBX=00000000070e7498 RCX=00000000070e7498 RDX=0000000000000000
RSI=0000000007f09980 RDI=44515fc33c8d294c RBP=0000000007ee3520 RSP=0000000007ee34b8
R8 =0000000007ee3620 R9 =0000000054492d07 R10=0000000088a212ca R11=000000006ca4a6fb
R12=0000000000000004 R13=0000000007f09880 R14=0000000000000010 R15=0000000007f09980
RIP=0000000006cacc11 RFL=00000202 [-------] CPL=0 II=0 A20=1 SMM=0 HLT=0
ES =0030 0000000000000000 ffffffff 00cf9300 DPL=0 DS   [-WA]
CS =0038 0000000000000000 ffffffff 00af9a00 DPL=0 CS64 [-R-]
SS =0030 0000000000000000 ffffffff 00cf9300 DPL=0 DS   [-WA]
DS =0030 0000000000000000 ffffffff 00cf9300 DPL=0 DS   [-WA]
FS =0030 0000000000000000 ffffffff 00cf9300 DPL=0 DS   [-WA]
GS =0030 0000000000000000 ffffffff 00cf9300 DPL=0 DS   [-WA]
LDT=0000 0000000000000000 0000ffff 00008200 DPL=0 LDT
TR =0048 00000000075db058 00000067 00008900 DPL=0 TSS64-avl
GDT=     00000000075db000 00000057
IDT=     00000000070e8018 00000fff
CR0=80010033 CR2=0000000000000000 CR3=0000000007801000 CR4=00000668
DR0=0000000000000000 DR1=0000000000000000 DR2=0000000000000000 DR3=0000000000000000 
DR6=00000000ffff0ff0 DR7=0000000000000400
CCS=0000000000000000 CCD=00000000c0c43101 CCO=EFLAGS
EFER=0000000000000d00
Servicing hardware INT=0x20
   149: v=20 e=0000 i=0 cpl=0 IP=0038:0000000006cacc11 pc=0000000006cacc11 SP=0030:0000000007ee34b8 env->regs[R_EAX]=00000000c0c43101
RAX=00000000c0c43101 RBX=00000000070e7498 RCX=00000000070e7498 RDX=0000000000000000
RSI=0000000007f09980 RDI=44515fc33c8d294c RBP=0000000007ee3520 RSP=0000000007ee34b8
R8 =0000000007ee3620 R9 =0000000025b0b423 R10=00000000d8156b5e R11=0000000094feecbb
R12=0000000000000004 R13=0000000007f09880 R14=0000000000000010 R15=0000000007f09980
RIP=0000000006cacc11 RFL=00000202 [-------] CPL=0 II=0 A20=1 SMM=0 HLT=0
ES =0030 0000000000000000 ffffffff 00cf9300 DPL=0 DS   [-WA]
CS =0038 0000000000000000 ffffffff 00af9a00 DPL=0 CS64 [-R-]
SS =0030 0000000000000000 ffffffff 00cf9300 DPL=0 DS   [-WA]
DS =0030 0000000000000000 ffffffff 00cf9300 DPL=0 DS   [-WA]
FS =0030 0000000000000000 ffffffff 00cf9300 DPL=0 DS   [-WA]
GS =0030 0000000000000000 ffffffff 00cf9300 DPL=0 DS   [-WA]
LDT=0000 0000000000000000 0000ffff 00008200 DPL=0 LDT
TR =0048 00000000075db058 00000067 00008900 DPL=0 TSS64-avl
GDT=     00000000075db000 00000057
IDT=     00000000070e8018 00000fff
CR0=80010033 CR2=0000000000000000 CR3=0000000007801000 CR4=00000668
DR0=0000000000000000 DR1=0000000000000000 DR2=0000000000000000 DR3=0000000000000000 
DR6=00000000ffff0ff0 DR7=0000000000000400
CCS=0000000000000000 CCD=00000000c0c43101 CCO=EFLAGS
EFER=0000000000000d00
Servicing hardware INT=0x20
   150: v=20 e=0000 i=0 cpl=0 IP=0038:0000000006cacc11 pc=0000000006cacc11 SP=0030:0000000007ee34b8 env->regs[R_EAX]=00000000c0c43101
RAX=00000000c0c43101 RBX=00000000070e7498 RCX=00000000070e7498 RDX=0000000000000000
RSI=0000000007f09980 RDI=44515fc33c8d294c RBP=0000000007ee3520 RSP=0000000007ee34b8
R8 =0000000007ee3620 R9 =0000000025b0b423 R10=00000000d8156b5e R11=0000000094feecbb
R12=0000000000000004 R13=0000000007f09880 R14=0000000000000010 R15=0000000007f09980
RIP=0000000006cacc11 RFL=00000202 [-------] CPL=0 II=0 A20=1 SMM=0 HLT=0
ES =0030 0000000000000000 ffffffff 00cf9300 DPL=0 DS   [-WA]
CS =0038 0000000000000000 ffffffff 00af9a00 DPL=0 CS64 [-R-]
SS =0030 0000000000000000 ffffffff 00cf9300 DPL=0 DS   [-WA]
DS =0030 0000000000000000 ffffffff 00cf9300 DPL=0 DS   [-WA]
FS =0030 0000000000000000 ffffffff 00cf9300 DPL=0 DS   [-WA]
GS =0030 0000000000000000 ffffffff 00cf9300 DPL=0 DS   [-WA]
LDT=0000 0000000000000000 0000ffff 00008200 DPL=0 LDT
TR =0048 00000000075db058 00000067 00008900 DPL=0 TSS64-avl
GDT=     00000000075db000 00000057
IDT=     00000000070e8018 00000fff
CR0=80010033 CR2=0000000000000000 CR3=0000000007801000 CR4=00000668
DR0=0000000000000000 DR1=0000000000000000 DR2=0000000000000000 DR3=0000000000000000 
DR6=00000000ffff0ff0 DR7=0000000000000400
CCS=0000000000000000 CCD=00000000c0c43101 CCO=EFLAGS
EFER=0000000000000d00
Servicing hardware INT=0x20
   151: v=20 e=0000 i=0 cpl=0 IP=0038:0000000006cacc11 pc=0000000006cacc11 SP=0030:0000000007ee34b8 env->regs[R_EAX]=00000000c0c43101
RAX=00000000c0c43101 RBX=00000000070e7498 RCX=00000000070e7498 RDX=0000000000000000
RSI=0000000007f09980 RDI=44515fc33c8d294c RBP=0000000007ee3520 RSP=0000000007ee34b8
R8 =0000000007ee3620 R9 =00000000e346d05a R10=00000000ca2af14b R11=00000000af6e6960
R12=0000000000000004 R13=0000000007f09880 R14=0000000000000010 R15=0000000007f09980
RIP=0000000006cacc11 RFL=00000202 [-------] CPL=0 II=0 A20=1 SMM=0 HLT=0
ES =0030 0000000000000000 ffffffff 00cf9300 DPL=0 DS   [-WA]
CS =0038 0000000000000000 ffffffff 00af9a00 DPL=0 CS64 [-R-]
SS =0030 0000000000000000 ffffffff 00cf9300 DPL=0 DS   [-WA]
DS =0030 0000000000000000 ffffffff 00cf9300 DPL=0 DS   [-WA]
FS =0030 0000000000000000 ffffffff 00cf9300 DPL=0 DS   [-WA]
GS =0030 0000000000000000 ffffffff 00cf9300 DPL=0 DS   [-WA]
LDT=0000 0000000000000000 0000ffff 00008200 DPL=0 LDT
TR =0048 00000000075db058 00000067 00008900 DPL=0 TSS64-avl
GDT=     00000000075db000 00000057
IDT=     00000000070e8018 00000fff
CR0=80010033 CR2=0000000000000000 CR3=0000000007801000 CR4=00000668
DR0=0000000000000000 DR1=0000000000000000 DR2=0000000000000000 DR3=0000000000000000 
DR6=00000000ffff0ff0 DR7=0000000000000400
CCS=0000000000000000 CCD=00000000c0c43101 CCO=EFLAGS
EFER=0000000000000d00
Servicing hardware INT=0x20
   152: v=20 e=0000 i=0 cpl=0 IP=0038:0000000006cacc11 pc=0000000006cacc11 SP=0030:0000000007ee34b8 env->regs[R_EAX]=00000000c0c43101
RAX=00000000c0c43101 RBX=00000000070e7498 RCX=00000000070e7498 RDX=0000000000000000
RSI=0000000007f09980 RDI=44515fc33c8d294c RBP=0000000007ee3520 RSP=0000000007ee34b8
R8 =0000000007ee3620 R9 =00000000e346d05a R10=00000000ca2af14b R11=00000000af6e6960
R12=0000000000000004 R13=0000000007f09880 R14=0000000000000010 R15=0000000007f09980
RIP=0000000006cacc11 RFL=00000202 [-------] CPL=0 II=0 A20=1 SMM=0 HLT=0
ES =0030 0000000000000000 ffffffff 00cf9300 DPL=0 DS   [-WA]
CS =0038 0000000000000000 ffffffff 00af9a00 DPL=0 CS64 [-R-]
SS =0030 0000000000000000 ffffffff 00cf9300 DPL=0 DS   [-WA]
DS =0030 0000000000000000 ffffffff 00cf9300 DPL=0 DS   [-WA]
FS =0030 0000000000000000 ffffffff 00cf9300 DPL=0 DS   [-WA]
GS =0030 0000000000000000 ffffffff 00cf9300 DPL=0 DS   [-WA]
LDT=0000 0000000000000000 0000ffff 00008200 DPL=0 LDT
TR =0048 00000000075db058 00000067 00008900 DPL=0 TSS64-avl
GDT=     00000000075db000 00000057
IDT=     00000000070e8018 00000fff
CR0=80010033 CR2=0000000000000000 CR3=0000000007801000 CR4=00000668
DR0=0000000000000000 DR1=0000000000000000 DR2=0000000000000000 DR3=0000000000000000 
DR6=00000000ffff0ff0 DR7=0000000000000400
CCS=0000000000000000 CCD=00000000c0c43101 CCO=EFLAGS
EFER=0000000000000d00
Servicing hardware INT=0x20
   153: v=20 e=0000 i=0 cpl=0 IP=0038:0000000006cacc11 pc=0000000006cacc11 SP=0030:0000000007ee34b8 env->regs[R_EAX]=00000000c0c43101
RAX=00000000c0c43101 RBX=00000000070e7498 RCX=00000000070e7498 RDX=0000000000000000
RSI=0000000007f09980 RDI=44515fc33c8d294c RBP=0000000007ee3520 RSP=0000000007ee34b8
R8 =0000000007ee3620 R9 =000000008a0b3723 R10=000000007498a8ff R11=0000000069c94a36
R12=0000000000000004 R13=0000000007f09880 R14=0000000000000010 R15=0000000007f09980
RIP=0000000006cacc11 RFL=00000202 [-------] CPL=0 II=0 A20=1 SMM=0 HLT=0
ES =0030 0000000000000000 ffffffff 00cf9300 DPL=0 DS   [-WA]
CS =0038 0000000000000000 ffffffff 00af9a00 DPL=0 CS64 [-R-]
SS =0030 0000000000000000 ffffffff 00cf9300 DPL=0 DS   [-WA]
DS =0030 0000000000000000 ffffffff 00cf9300 DPL=0 DS   [-WA]
FS =0030 0000000000000000 ffffffff 00cf9300 DPL=0 DS   [-WA]
GS =0030 0000000000000000 ffffffff 00cf9300 DPL=0 DS   [-WA]
LDT=0000 0000000000000000 0000ffff 00008200 DPL=0 LDT
TR =0048 00000000075db058 00000067 00008900 DPL=0 TSS64-avl
GDT=     00000000075db000 00000057
IDT=     00000000070e8018 00000fff
CR0=80010033 CR2=0000000000000000 CR3=0000000007801000 CR4=00000668
DR0=0000000000000000 DR1=0000000000000000 DR2=0000000000000000 DR3=0000000000000000 
DR6=00000000ffff0ff0 DR7=0000000000000400
CCS=0000000000000000 CCD=00000000c0c43101 CCO=EFLAGS
EFER=0000000000000d00
Servicing hardware INT=0x20
   154: v=20 e=0000 i=0 cpl=0 IP=0038:0000000006cacc11 pc=0000000006cacc11 SP=0030:0000000007ee34b8 env->regs[R_EAX]=00000000c0c43101
RAX=00000000c0c43101 RBX=00000000070e7498 RCX=00000000070e7498 RDX=0000000000000000
RSI=0000000007f09980 RDI=44515fc33c8d294c RBP=0000000007ee3520 RSP=0000000007ee34b8
R8 =0000000007ee3620 R9 =000000008a0b3723 R10=000000007498a8ff R11=0000000069c94a36
R12=0000000000000004 R13=0000000007f09880 R14=0000000000000010 R15=0000000007f09980
RIP=0000000006cacc11 RFL=00000202 [-------] CPL=0 II=0 A20=1 SMM=0 HLT=0
ES =0030 0000000000000000 ffffffff 00cf9300 DPL=0 DS   [-WA]
CS =0038 0000000000000000 ffffffff 00af9a00 DPL=0 CS64 [-R-]
SS =0030 0000000000000000 ffffffff 00cf9300 DPL=0 DS   [-WA]
DS =0030 0000000000000000 ffffffff 00cf9300 DPL=0 DS   [-WA]
FS =0030 0000000000000000 ffffffff 00cf9300 DPL=0 DS   [-WA]
GS =0030 0000000000000000 ffffffff 00cf9300 DPL=0 DS   [-WA]
LDT=0000 0000000000000000 0000ffff 00008200 DPL=0 LDT
TR =0048 00000000075db058 00000067 00008900 DPL=0 TSS64-avl
GDT=     00000000075db000 00000057
IDT=     00000000070e8018 00000fff
CR0=80010033 CR2=0000000000000000 CR3=0000000007801000 CR4=00000668
DR0=0000000000000000 DR1=0000000000000000 DR2=0000000000000000 DR3=0000000000000000 
DR6=00000000ffff0ff0 DR7=0000000000000400
CCS=0000000000000000 CCD=00000000c0c43101 CCO=EFLAGS
EFER=0000000000000d00
Servicing hardware INT=0x20
   155: v=20 e=0000 i=0 cpl=0 IP=0038:0000000006cacc11 pc=0000000006cacc11 SP=0030:0000000007ee34b8 env->regs[R_EAX]=00000000c0c43101
RAX=00000000c0c43101 RBX=00000000070e7498 RCX=00000000070e7498 RDX=0000000000000000
RSI=0000000007f09980 RDI=44515fc33c8d294c RBP=0000000007ee3520 RSP=0000000007ee34b8
R8 =0000000007ee3620 R9 =0000000084608fd2 R10=000000008f425663 R11=000000006deb5bd0
R12=0000000000000004 R13=0000000007f09880 R14=0000000000000010 R15=0000000007f09980
RIP=0000000006cacc11 RFL=00000202 [-------] CPL=0 II=0 A20=1 SMM=0 HLT=0
ES =0030 0000000000000000 ffffffff 00cf9300 DPL=0 DS   [-WA]
CS =0038 0000000000000000 ffffffff 00af9a00 DPL=0 CS64 [-R-]
SS =0030 0000000000000000 ffffffff 00cf9300 DPL=0 DS   [-WA]
DS =0030 0000000000000000 ffffffff 00cf9300 DPL=0 DS   [-WA]
FS =0030 0000000000000000 ffffffff 00cf9300 DPL=0 DS   [-WA]
GS =0030 0000000000000000 ffffffff 00cf9300 DPL=0 DS   [-WA]
LDT=0000 0000000000000000 0000ffff 00008200 DPL=0 LDT
TR =0048 00000000075db058 00000067 00008900 DPL=0 TSS64-avl
GDT=     00000000075db000 00000057
IDT=     00000000070e8018 00000fff
CR0=80010033 CR2=0000000000000000 CR3=0000000007801000 CR4=00000668
DR0=0000000000000000 DR1=0000000000000000 DR2=0000000000000000 DR3=0000000000000000 
DR6=00000000ffff0ff0 DR7=0000000000000400
CCS=0000000000000000 CCD=00000000c0c43101 CCO=EFLAGS
EFER=0000000000000d00
Servicing hardware INT=0x20
   156: v=20 e=0000 i=0 cpl=0 IP=0038:0000000006cacc11 pc=0000000006cacc11 SP=0030:0000000007ee34b8 env->regs[R_EAX]=00000000c0c43101
RAX=00000000c0c43101 RBX=00000000070e7498 RCX=00000000070e7498 RDX=0000000000000000
RSI=0000000007f09980 RDI=44515fc33c8d294c RBP=0000000007ee3520 RSP=0000000007ee34b8
R8 =0000000007ee3620 R9 =0000000084608fd2 R10=000000008f425663 R11=000000006deb5bd0
R12=0000000000000004 R13=0000000007f09880 R14=0000000000000010 R15=0000000007f09980
RIP=0000000006cacc11 RFL=00000202 [-------] CPL=0 II=0 A20=1 SMM=0 HLT=0
ES =0030 0000000000000000 ffffffff 00cf9300 DPL=0 DS   [-WA]
CS =0038 0000000000000000 ffffffff 00af9a00 DPL=0 CS64 [-R-]
SS =0030 0000000000000000 ffffffff 00cf9300 DPL=0 DS   [-WA]
DS =0030 0000000000000000 ffffffff 00cf9300 DPL=0 DS   [-WA]
FS =0030 0000000000000000 ffffffff 00cf9300 DPL=0 DS   [-WA]
GS =0030 0000000000000000 ffffffff 00cf9300 DPL=0 DS   [-WA]
LDT=0000 0000000000000000 0000ffff 00008200 DPL=0 LDT
TR =0048 00000000075db058 00000067 00008900 DPL=0 TSS64-avl
GDT=     00000000075db000 00000057
IDT=     00000000070e8018 00000fff
CR0=80010033 CR2=0000000000000000 CR3=0000000007801000 CR4=00000668
DR0=0000000000000000 DR1=0000000000000000 DR2=0000000000000000 DR3=0000000000000000 
DR6=00000000ffff0ff0 DR7=0000000000000400
CCS=0000000000000000 CCD=00000000c0c43101 CCO=EFLAGS
EFER=0000000000000d00
Servicing hardware INT=0x20
   157: v=20 e=0000 i=0 cpl=0 IP=0038:0000000006cacc11 pc=0000000006cacc11 SP=0030:0000000007ee34b8 env->regs[R_EAX]=00000000c0c43101
RAX=00000000c0c43101 RBX=00000000070e7498 RCX=00000000070e7498 RDX=0000000000000000
RSI=0000000007f09980 RDI=44515fc33c8d294c RBP=0000000007ee3520 RSP=0000000007ee34b8
R8 =0000000007ee3620 R9 =000000007a082941 R10=0000000012300057 R11=0000000072467d5e
R12=0000000000000004 R13=0000000007f09880 R14=0000000000000010 R15=0000000007f09980
RIP=0000000006cacc11 RFL=00000202 [-------] CPL=0 II=0 A20=1 SMM=0 HLT=0
ES =0030 0000000000000000 ffffffff 00cf9300 DPL=0 DS   [-WA]
CS =0038 0000000000000000 ffffffff 00af9a00 DPL=0 CS64 [-R-]
SS =0030 0000000000000000 ffffffff 00cf9300 DPL=0 DS   [-WA]
DS =0030 0000000000000000 ffffffff 00cf9300 DPL=0 DS   [-WA]
FS =0030 0000000000000000 ffffffff 00cf9300 DPL=0 DS   [-WA]
GS =0030 0000000000000000 ffffffff 00cf9300 DPL=0 DS   [-WA]
LDT=0000 0000000000000000 0000ffff 00008200 DPL=0 LDT
TR =0048 00000000075db058 00000067 00008900 DPL=0 TSS64-avl
GDT=     00000000075db000 00000057
IDT=     00000000070e8018 00000fff
CR0=80010033 CR2=0000000000000000 CR3=0000000007801000 CR4=00000668
DR0=0000000000000000 DR1=0000000000000000 DR2=0000000000000000 DR3=0000000000000000 
DR6=00000000ffff0ff0 DR7=0000000000000400
CCS=0000000000000000 CCD=00000000c0c43101 CCO=EFLAGS
EFER=0000000000000d00
Servicing hardware INT=0x20
   158: v=20 e=0000 i=0 cpl=0 IP=0038:0000000006cacc11 pc=0000000006cacc11 SP=0030:0000000007ee34b8 env->regs[R_EAX]=00000000c0c43101
RAX=00000000c0c43101 RBX=00000000070e7498 RCX=00000000070e7498 RDX=0000000000000000
RSI=0000000007f09980 RDI=44515fc33c8d294c RBP=0000000007ee3520 RSP=0000000007ee34b8
R8 =0000000007ee3620 R9 =000000007a082941 R10=0000000012300057 R11=0000000072467d5e
R12=0000000000000004 R13=0000000007f09880 R14=0000000000000010 R15=0000000007f09980
RIP=0000000006cacc11 RFL=00000202 [-------] CPL=0 II=0 A20=1 SMM=0 HLT=0
ES =0030 0000000000000000 ffffffff 00cf9300 DPL=0 DS   [-WA]
CS =0038 0000000000000000 ffffffff 00af9a00 DPL=0 CS64 [-R-]
SS =0030 0000000000000000 ffffffff 00cf9300 DPL=0 DS   [-WA]
DS =0030 0000000000000000 ffffffff 00cf9300 DPL=0 DS   [-WA]
FS =0030 0000000000000000 ffffffff 00cf9300 DPL=0 DS   [-WA]
GS =0030 0000000000000000 ffffffff 00cf9300 DPL=0 DS   [-WA]
LDT=0000 0000000000000000 0000ffff 00008200 DPL=0 LDT
TR =0048 00000000075db058 00000067 00008900 DPL=0 TSS64-avl
GDT=     00000000075db000 00000057
IDT=     00000000070e8018 00000fff
CR0=80010033 CR2=0000000000000000 CR3=0000000007801000 CR4=00000668
DR0=0000000000000000 DR1=0000000000000000 DR2=0000000000000000 DR3=0000000000000000 
DR6=00000000ffff0ff0 DR7=0000000000000400
CCS=0000000000000000 CCD=00000000c0c43101 CCO=EFLAGS
EFER=0000000000000d00
Servicing hardware INT=0x20
   159: v=20 e=0000 i=0 cpl=0 IP=0038:0000000006cacc11 pc=0000000006cacc11 SP=0030:0000000007ee34b8 env->regs[R_EAX]=00000000c0c43101
RAX=00000000c0c43101 RBX=00000000070e7498 RCX=00000000070e7498 RDX=0000000000000000
RSI=0000000007f09980 RDI=44515fc33c8d294c RBP=0000000007ee3520 RSP=0000000007ee34b8
R8 =0000000007ee3620 R9 =00000000a511452e R10=00000000a5634288 R11=00000000ccfdbb97
R12=0000000000000004 R13=0000000007f09880 R14=0000000000000010 R15=0000000007f09980
RIP=0000000006cacc11 RFL=00000202 [-------] CPL=0 II=0 A20=1 SMM=0 HLT=0
ES =0030 0000000000000000 ffffffff 00cf9300 DPL=0 DS   [-WA]
CS =0038 0000000000000000 ffffffff 00af9a00 DPL=0 CS64 [-R-]
SS =0030 0000000000000000 ffffffff 00cf9300 DPL=0 DS   [-WA]
DS =0030 0000000000000000 ffffffff 00cf9300 DPL=0 DS   [-WA]
FS =0030 0000000000000000 ffffffff 00cf9300 DPL=0 DS   [-WA]
GS =0030 0000000000000000 ffffffff 00cf9300 DPL=0 DS   [-WA]
LDT=0000 0000000000000000 0000ffff 00008200 DPL=0 LDT
TR =0048 00000000075db058 00000067 00008900 DPL=0 TSS64-avl
GDT=     00000000075db000 00000057
IDT=     00000000070e8018 00000fff
CR0=80010033 CR2=0000000000000000 CR3=0000000007801000 CR4=00000668
DR0=0000000000000000 DR1=0000000000000000 DR2=0000000000000000 DR3=0000000000000000 
DR6=00000000ffff0ff0 DR7=0000000000000400
CCS=0000000000000000 CCD=00000000c0c43101 CCO=EFLAGS
EFER=0000000000000d00
Servicing hardware INT=0x20
   160: v=20 e=0000 i=0 cpl=0 IP=0038:0000000006cacc11 pc=0000000006cacc11 SP=0030:0000000007ee34b8 env->regs[R_EAX]=00000000c0c43101
RAX=00000000c0c43101 RBX=00000000070e7498 RCX=00000000070e7498 RDX=0000000000000000
RSI=0000000007f09980 RDI=44515fc33c8d294c RBP=0000000007ee3520 RSP=0000000007ee34b8
R8 =0000000007ee3620 R9 =00000000a511452e R10=00000000a5634288 R11=00000000ccfdbb97
R12=0000000000000004 R13=0000000007f09880 R14=0000000000000010 R15=0000000007f09980
RIP=0000000006cacc11 RFL=00000202 [-------] CPL=0 II=0 A20=1 SMM=0 HLT=0
ES =0030 0000000000000000 ffffffff 00cf9300 DPL=0 DS   [-WA]
CS =0038 0000000000000000 ffffffff 00af9a00 DPL=0 CS64 [-R-]
SS =0030 0000000000000000 ffffffff 00cf9300 DPL=0 DS   [-WA]
DS =0030 0000000000000000 ffffffff 00cf9300 DPL=0 DS   [-WA]
FS =0030 0000000000000000 ffffffff 00cf9300 DPL=0 DS   [-WA]
GS =0030 0000000000000000 ffffffff 00cf9300 DPL=0 DS   [-WA]
LDT=0000 0000000000000000 0000ffff 00008200 DPL=0 LDT
TR =0048 00000000075db058 00000067 00008900 DPL=0 TSS64-avl
GDT=     00000000075db000 00000057
IDT=     00000000070e8018 00000fff
CR0=80010033 CR2=0000000000000000 CR3=0000000007801000 CR4=00000668
DR0=0000000000000000 DR1=0000000000000000 DR2=0000000000000000 DR3=0000000000000000 
DR6=00000000ffff0ff0 DR7=0000000000000400
CCS=0000000000000000 CCD=00000000c0c43101 CCO=EFLAGS
EFER=0000000000000d00
Servicing hardware INT=0x20
   161: v=20 e=0000 i=0 cpl=0 IP=0038:0000000006cacc11 pc=0000000006cacc11 SP=0030:0000000007ee34b8 env->regs[R_EAX]=00000000c0c43101
RAX=00000000c0c43101 RBX=00000000070e7498 RCX=00000000070e7498 RDX=0000000000000000
RSI=0000000007f09980 RDI=44515fc33c8d294c RBP=0000000007ee3520 RSP=0000000007ee34b8
R8 =0000000007ee3620 R9 =000000003dce0a3c R10=000000009d82a08a R11=0000000087887514
R12=0000000000000004 R13=0000000007f09880 R14=0000000000000010 R15=0000000007f09980
RIP=0000000006cacc11 RFL=00000202 [-------] CPL=0 II=0 A20=1 SMM=0 HLT=0
ES =0030 0000000000000000 ffffffff 00cf9300 DPL=0 DS   [-WA]
CS =0038 0000000000000000 ffffffff 00af9a00 DPL=0 CS64 [-R-]
SS =0030 0000000000000000 ffffffff 00cf9300 DPL=0 DS   [-WA]
DS =0030 0000000000000000 ffffffff 00cf9300 DPL=0 DS   [-WA]
FS =0030 0000000000000000 ffffffff 00cf9300 DPL=0 DS   [-WA]
GS =0030 0000000000000000 ffffffff 00cf9300 DPL=0 DS   [-WA]
LDT=0000 0000000000000000 0000ffff 00008200 DPL=0 LDT
TR =0048 00000000075db058 00000067 00008900 DPL=0 TSS64-avl
GDT=     00000000075db000 00000057
IDT=     00000000070e8018 00000fff
CR0=80010033 CR2=0000000000000000 CR3=0000000007801000 CR4=00000668
DR0=0000000000000000 DR1=0000000000000000 DR2=0000000000000000 DR3=0000000000000000 
DR6=00000000ffff0ff0 DR7=0000000000000400
CCS=0000000000000000 CCD=00000000c0c43101 CCO=EFLAGS
EFER=0000000000000d00
Servicing hardware INT=0x20
   162: v=20 e=0000 i=0 cpl=0 IP=0038:0000000006cacc11 pc=0000000006cacc11 SP=0030:0000000007ee34b8 env->regs[R_EAX]=00000000c0c43101
RAX=00000000c0c43101 RBX=00000000070e7498 RCX=00000000070e7498 RDX=0000000000000000
RSI=0000000007f09980 RDI=44515fc33c8d294c RBP=0000000007ee3520 RSP=0000000007ee34b8
R8 =0000000007ee3620 R9 =000000003dce0a3c R10=000000009d82a08a R11=0000000087887514
R12=0000000000000004 R13=0000000007f09880 R14=0000000000000010 R15=0000000007f09980
RIP=0000000006cacc11 RFL=00000202 [-------] CPL=0 II=0 A20=1 SMM=0 HLT=0
ES =0030 0000000000000000 ffffffff 00cf9300 DPL=0 DS   [-WA]
CS =0038 0000000000000000 ffffffff 00af9a00 DPL=0 CS64 [-R-]
SS =0030 0000000000000000 ffffffff 00cf9300 DPL=0 DS   [-WA]
DS =0030 0000000000000000 ffffffff 00cf9300 DPL=0 DS   [-WA]
FS =0030 0000000000000000 ffffffff 00cf9300 DPL=0 DS   [-WA]
GS =0030 0000000000000000 ffffffff 00cf9300 DPL=0 DS   [-WA]
LDT=0000 0000000000000000 0000ffff 00008200 DPL=0 LDT
TR =0048 00000000075db058 00000067 00008900 DPL=0 TSS64-avl
GDT=     00000000075db000 00000057
IDT=     00000000070e8018 00000fff
CR0=80010033 CR2=0000000000000000 CR3=0000000007801000 CR4=00000668
DR0=0000000000000000 DR1=0000000000000000 DR2=0000000000000000 DR3=0000000000000000 
DR6=00000000ffff0ff0 DR7=0000000000000400
CCS=0000000000000000 CCD=00000000c0c43101 CCO=EFLAGS
EFER=0000000000000d00
Servicing hardware INT=0x20
   163: v=20 e=0000 i=0 cpl=0 IP=0038:0000000006cacc11 pc=0000000006cacc11 SP=0030:0000000007ee34b8 env->regs[R_EAX]=00000000c0c43101
RAX=00000000c0c43101 RBX=00000000070e7498 RCX=00000000070e7498 RDX=0000000000000000
RSI=0000000007f09980 RDI=44515fc33c8d294c RBP=0000000007ee3520 RSP=0000000007ee34b8
R8 =0000000007ee3620 R9 =0000000042497389 R10=000000000e4c0d08 R11=000000002c681996
R12=0000000000000004 R13=0000000007f09880 R14=0000000000000010 R15=0000000007f09980
RIP=0000000006cacc11 RFL=00000202 [-------] CPL=0 II=0 A20=1 SMM=0 HLT=0
ES =0030 0000000000000000 ffffffff 00cf9300 DPL=0 DS   [-WA]
CS =0038 0000000000000000 ffffffff 00af9a00 DPL=0 CS64 [-R-]
SS =0030 0000000000000000 ffffffff 00cf9300 DPL=0 DS   [-WA]
DS =0030 0000000000000000 ffffffff 00cf9300 DPL=0 DS   [-WA]
FS =0030 0000000000000000 ffffffff 00cf9300 DPL=0 DS   [-WA]
GS =0030 0000000000000000 ffffffff 00cf9300 DPL=0 DS   [-WA]
LDT=0000 0000000000000000 0000ffff 00008200 DPL=0 LDT
TR =0048 00000000075db058 00000067 00008900 DPL=0 TSS64-avl
GDT=     00000000075db000 00000057
IDT=     00000000070e8018 00000fff
CR0=80010033 CR2=0000000000000000 CR3=0000000007801000 CR4=00000668
DR0=0000000000000000 DR1=0000000000000000 DR2=0000000000000000 DR3=0000000000000000 
DR6=00000000ffff0ff0 DR7=0000000000000400
CCS=0000000000000000 CCD=00000000c0c43101 CCO=EFLAGS
EFER=0000000000000d00
Servicing hardware INT=0x20
   164: v=20 e=0000 i=0 cpl=0 IP=0038:0000000006cacc11 pc=0000000006cacc11 SP=0030:0000000007ee34b8 env->regs[R_EAX]=00000000c0c43101
RAX=00000000c0c43101 RBX=00000000070e7498 RCX=00000000070e7498 RDX=0000000000000000
RSI=0000000007f09980 RDI=44515fc33c8d294c RBP=0000000007ee3520 RSP=0000000007ee34b8
R8 =0000000007ee3620 R9 =0000000042497389 R10=000000000e4c0d08 R11=000000002c681996
R12=0000000000000004 R13=0000000007f09880 R14=0000000000000010 R15=0000000007f09980
RIP=0000000006cacc11 RFL=00000202 [-------] CPL=0 II=0 A20=1 SMM=0 HLT=0
ES =0030 0000000000000000 ffffffff 00cf9300 DPL=0 DS   [-WA]
CS =0038 0000000000000000 ffffffff 00af9a00 DPL=0 CS64 [-R-]
SS =0030 0000000000000000 ffffffff 00cf9300 DPL=0 DS   [-WA]
DS =0030 0000000000000000 ffffffff 00cf9300 DPL=0 DS   [-WA]
FS =0030 0000000000000000 ffffffff 00cf9300 DPL=0 DS   [-WA]
GS =0030 0000000000000000 ffffffff 00cf9300 DPL=0 DS   [-WA]
LDT=0000 0000000000000000 0000ffff 00008200 DPL=0 LDT
TR =0048 00000000075db058 00000067 00008900 DPL=0 TSS64-avl
GDT=     00000000075db000 00000057
IDT=     00000000070e8018 00000fff
CR0=80010033 CR2=0000000000000000 CR3=0000000007801000 CR4=00000668
DR0=0000000000000000 DR1=0000000000000000 DR2=0000000000000000 DR3=0000000000000000 
DR6=00000000ffff0ff0 DR7=0000000000000400
CCS=0000000000000000 CCD=00000000c0c43101 CCO=EFLAGS
EFER=0000000000000d00
Servicing hardware INT=0x20
   165: v=20 e=0000 i=0 cpl=0 IP=0038:0000000006cacc11 pc=0000000006cacc11 SP=0030:0000000007ee34b8 env->regs[R_EAX]=00000000c0c43101
RAX=00000000c0c43101 RBX=00000000070e7498 RCX=00000000070e7498 RDX=0000000000000000
RSI=0000000007f09980 RDI=44515fc33c8d294c RBP=0000000007ee3520 RSP=0000000007ee34b8
R8 =0000000007ee3620 R9 =000000006d4f63e7 R10=0000000087e18c8b R11=00000000c360fbc3
R12=0000000000000004 R13=0000000007f09880 R14=0000000000000010 R15=0000000007f09980
RIP=0000000006cacc11 RFL=00000202 [-------] CPL=0 II=0 A20=1 SMM=0 HLT=0
ES =0030 0000000000000000 ffffffff 00cf9300 DPL=0 DS   [-WA]
CS =0038 0000000000000000 ffffffff 00af9a00 DPL=0 CS64 [-R-]
SS =0030 0000000000000000 ffffffff 00cf9300 DPL=0 DS   [-WA]
DS =0030 0000000000000000 ffffffff 00cf9300 DPL=0 DS   [-WA]
FS =0030 0000000000000000 ffffffff 00cf9300 DPL=0 DS   [-WA]
GS =0030 0000000000000000 ffffffff 00cf9300 DPL=0 DS   [-WA]
LDT=0000 0000000000000000 0000ffff 00008200 DPL=0 LDT
TR =0048 00000000075db058 00000067 00008900 DPL=0 TSS64-avl
GDT=     00000000075db000 00000057
IDT=     00000000070e8018 00000fff
CR0=80010033 CR2=0000000000000000 CR3=0000000007801000 CR4=00000668
DR0=0000000000000000 DR1=0000000000000000 DR2=0000000000000000 DR3=0000000000000000 
DR6=00000000ffff0ff0 DR7=0000000000000400
CCS=0000000000000000 CCD=00000000c0c43101 CCO=EFLAGS
EFER=0000000000000d00
Servicing hardware INT=0x20
   166: v=20 e=0000 i=0 cpl=0 IP=0038:0000000006cacc11 pc=0000000006cacc11 SP=0030:0000000007ee34b8 env->regs[R_EAX]=00000000c0c43101
RAX=00000000c0c43101 RBX=00000000070e7498 RCX=00000000070e7498 RDX=0000000000000000
RSI=0000000007f09980 RDI=44515fc33c8d294c RBP=0000000007ee3520 RSP=0000000007ee34b8
R8 =0000000007ee3620 R9 =000000006d4f63e7 R10=0000000087e18c8b R11=00000000c360fbc3
R12=0000000000000004 R13=0000000007f09880 R14=0000000000000010 R15=0000000007f09980
RIP=0000000006cacc11 RFL=00000202 [-------] CPL=0 II=0 A20=1 SMM=0 HLT=0
ES =0030 0000000000000000 ffffffff 00cf9300 DPL=0 DS   [-WA]
CS =0038 0000000000000000 ffffffff 00af9a00 DPL=0 CS64 [-R-]
SS =0030 0000000000000000 ffffffff 00cf9300 DPL=0 DS   [-WA]
DS =0030 0000000000000000 ffffffff 00cf9300 DPL=0 DS   [-WA]
FS =0030 0000000000000000 ffffffff 00cf9300 DPL=0 DS   [-WA]
GS =0030 0000000000000000 ffffffff 00cf9300 DPL=0 DS   [-WA]
LDT=0000 0000000000000000 0000ffff 00008200 DPL=0 LDT
TR =0048 00000000075db058 00000067 00008900 DPL=0 TSS64-avl
GDT=     00000000075db000 00000057
IDT=     00000000070e8018 00000fff
CR0=80010033 CR2=0000000000000000 CR3=0000000007801000 CR4=00000668
DR0=0000000000000000 DR1=0000000000000000 DR2=0000000000000000 DR3=0000000000000000 
DR6=00000000ffff0ff0 DR7=0000000000000400
CCS=0000000000000000 CCD=00000000c0c43101 CCO=EFLAGS
EFER=0000000000000d00
Servicing hardware INT=0x20
   167: v=20 e=0000 i=0 cpl=0 IP=0038:0000000006cacc11 pc=0000000006cacc11 SP=0030:0000000007ee34b8 env->regs[R_EAX]=00000000c0c43101
RAX=00000000c0c43101 RBX=00000000070e7498 RCX=00000000070e7498 RDX=0000000000000000
RSI=0000000007f09980 RDI=44515fc33c8d294c RBP=0000000007ee3520 RSP=0000000007ee34b8
R8 =0000000007ee3620 R9 =0000000037262be1 R10=000000002a781f32 R11=00000000c0dbb6bd
R12=0000000000000004 R13=0000000007f09880 R14=0000000000000010 R15=0000000007f09980
RIP=0000000006cacc11 RFL=00000202 [-------] CPL=0 II=0 A20=1 SMM=0 HLT=0
ES =0030 0000000000000000 ffffffff 00cf9300 DPL=0 DS   [-WA]
CS =0038 0000000000000000 ffffffff 00af9a00 DPL=0 CS64 [-R-]
SS =0030 0000000000000000 ffffffff 00cf9300 DPL=0 DS   [-WA]
DS =0030 0000000000000000 ffffffff 00cf9300 DPL=0 DS   [-WA]
FS =0030 0000000000000000 ffffffff 00cf9300 DPL=0 DS   [-WA]
GS =0030 0000000000000000 ffffffff 00cf9300 DPL=0 DS   [-WA]
LDT=0000 0000000000000000 0000ffff 00008200 DPL=0 LDT
TR =0048 00000000075db058 00000067 00008900 DPL=0 TSS64-avl
GDT=     00000000075db000 00000057
IDT=     00000000070e8018 00000fff
CR0=80010033 CR2=0000000000000000 CR3=0000000007801000 CR4=00000668
DR0=0000000000000000 DR1=0000000000000000 DR2=0000000000000000 DR3=0000000000000000 
DR6=00000000ffff0ff0 DR7=0000000000000400
CCS=0000000000000000 CCD=00000000c0c43101 CCO=EFLAGS
EFER=0000000000000d00
Servicing hardware INT=0x20
   168: v=20 e=0000 i=0 cpl=0 IP=0038:0000000006cacc11 pc=0000000006cacc11 SP=0030:0000000007ee34b8 env->regs[R_EAX]=00000000c0c43101
RAX=00000000c0c43101 RBX=00000000070e7498 RCX=00000000070e7498 RDX=0000000000000000
RSI=0000000007f09980 RDI=44515fc33c8d294c RBP=0000000007ee3520 RSP=0000000007ee34b8
R8 =0000000007ee3620 R9 =0000000037262be1 R10=000000002a781f32 R11=00000000c0dbb6bd
R12=0000000000000004 R13=0000000007f09880 R14=0000000000000010 R15=0000000007f09980
RIP=0000000006cacc11 RFL=00000202 [-------] CPL=0 II=0 A20=1 SMM=0 HLT=0
ES =0030 0000000000000000 ffffffff 00cf9300 DPL=0 DS   [-WA]
CS =0038 0000000000000000 ffffffff 00af9a00 DPL=0 CS64 [-R-]
SS =0030 0000000000000000 ffffffff 00cf9300 DPL=0 DS   [-WA]
DS =0030 0000000000000000 ffffffff 00cf9300 DPL=0 DS   [-WA]
FS =0030 0000000000000000 ffffffff 00cf9300 DPL=0 DS   [-WA]
GS =0030 0000000000000000 ffffffff 00cf9300 DPL=0 DS   [-WA]
LDT=0000 0000000000000000 0000ffff 00008200 DPL=0 LDT
TR =0048 00000000075db058 00000067 00008900 DPL=0 TSS64-avl
GDT=     00000000075db000 00000057
IDT=     00000000070e8018 00000fff
CR0=80010033 CR2=0000000000000000 CR3=0000000007801000 CR4=00000668
DR0=0000000000000000 DR1=0000000000000000 DR2=0000000000000000 DR3=0000000000000000 
DR6=00000000ffff0ff0 DR7=0000000000000400
CCS=0000000000000000 CCD=00000000c0c43101 CCO=EFLAGS
EFER=0000000000000d00
Servicing hardware INT=0x20
   169: v=20 e=0000 i=0 cpl=0 IP=0038:0000000006cacc11 pc=0000000006cacc11 SP=0030:0000000007ee34b8 env->regs[R_EAX]=00000000c0c43101
RAX=00000000c0c43101 RBX=00000000070e7498 RCX=00000000070e7498 RDX=0000000000000000
RSI=0000000007f09980 RDI=44515fc33c8d294c RBP=0000000007ee3520 RSP=0000000007ee34b8
R8 =0000000007ee3620 R9 =0000000088037a08 R10=000000006f95048c R11=00000000696b202f
R12=0000000000000004 R13=0000000007f09880 R14=0000000000000010 R15=0000000007f09980
RIP=0000000006cacc11 RFL=00000202 [-------] CPL=0 II=0 A20=1 SMM=0 HLT=0
ES =0030 0000000000000000 ffffffff 00cf9300 DPL=0 DS   [-WA]
CS =0038 0000000000000000 ffffffff 00af9a00 DPL=0 CS64 [-R-]
SS =0030 0000000000000000 ffffffff 00cf9300 DPL=0 DS   [-WA]
DS =0030 0000000000000000 ffffffff 00cf9300 DPL=0 DS   [-WA]
FS =0030 0000000000000000 ffffffff 00cf9300 DPL=0 DS   [-WA]
GS =0030 0000000000000000 ffffffff 00cf9300 DPL=0 DS   [-WA]
LDT=0000 0000000000000000 0000ffff 00008200 DPL=0 LDT
TR =0048 00000000075db058 00000067 00008900 DPL=0 TSS64-avl
GDT=     00000000075db000 00000057
IDT=     00000000070e8018 00000fff
CR0=80010033 CR2=0000000000000000 CR3=0000000007801000 CR4=00000668
DR0=0000000000000000 DR1=0000000000000000 DR2=0000000000000000 DR3=0000000000000000 
DR6=00000000ffff0ff0 DR7=0000000000000400
CCS=0000000000000000 CCD=00000000c0c43101 CCO=EFLAGS
EFER=0000000000000d00
Servicing hardware INT=0x20
   170: v=20 e=0000 i=0 cpl=0 IP=0038:0000000006cacc11 pc=0000000006cacc11 SP=0030:0000000007ee34b8 env->regs[R_EAX]=00000000c0c43101
RAX=00000000c0c43101 RBX=00000000070e7498 RCX=00000000070e7498 RDX=0000000000000000
RSI=0000000007f09980 RDI=44515fc33c8d294c RBP=0000000007ee3520 RSP=0000000007ee34b8
R8 =0000000007ee3620 R9 =0000000088037a08 R10=000000006f95048c R11=00000000696b202f
R12=0000000000000004 R13=0000000007f09880 R14=0000000000000010 R15=0000000007f09980
RIP=0000000006cacc11 RFL=00000202 [-------] CPL=0 II=0 A20=1 SMM=0 HLT=0
ES =0030 0000000000000000 ffffffff 00cf9300 DPL=0 DS   [-WA]
CS =0038 0000000000000000 ffffffff 00af9a00 DPL=0 CS64 [-R-]
SS =0030 0000000000000000 ffffffff 00cf9300 DPL=0 DS   [-WA]
DS =0030 0000000000000000 ffffffff 00cf9300 DPL=0 DS   [-WA]
FS =0030 0000000000000000 ffffffff 00cf9300 DPL=0 DS   [-WA]
GS =0030 0000000000000000 ffffffff 00cf9300 DPL=0 DS   [-WA]
LDT=0000 0000000000000000 0000ffff 00008200 DPL=0 LDT
TR =0048 00000000075db058 00000067 00008900 DPL=0 TSS64-avl
GDT=     00000000075db000 00000057
IDT=     00000000070e8018 00000fff
CR0=80010033 CR2=0000000000000000 CR3=0000000007801000 CR4=00000668
DR0=0000000000000000 DR1=0000000000000000 DR2=0000000000000000 DR3=0000000000000000 
DR6=00000000ffff0ff0 DR7=0000000000000400
CCS=0000000000000000 CCD=00000000c0c43101 CCO=EFLAGS
EFER=0000000000000d00
Servicing hardware INT=0x20
   171: v=20 e=0000 i=0 cpl=0 IP=0038:0000000006cacc11 pc=0000000006cacc11 SP=0030:0000000007ee34b8 env->regs[R_EAX]=00000000c0c43101
RAX=00000000c0c43101 RBX=00000000070e7498 RCX=00000000070e7498 RDX=0000000000000000
RSI=0000000007f09980 RDI=44515fc33c8d294c RBP=0000000007ee3520 RSP=0000000007ee34b8
R8 =0000000007ee3620 R9 =000000007a9969ac R10=000000005df2b2d0 R11=000000006c196840
R12=0000000000000004 R13=0000000007f09880 R14=0000000000000010 R15=0000000007f09980
RIP=0000000006cacc11 RFL=00000202 [-------] CPL=0 II=0 A20=1 SMM=0 HLT=0
ES =0030 0000000000000000 ffffffff 00cf9300 DPL=0 DS   [-WA]
CS =0038 0000000000000000 ffffffff 00af9a00 DPL=0 CS64 [-R-]
SS =0030 0000000000000000 ffffffff 00cf9300 DPL=0 DS   [-WA]
DS =0030 0000000000000000 ffffffff 00cf9300 DPL=0 DS   [-WA]
FS =0030 0000000000000000 ffffffff 00cf9300 DPL=0 DS   [-WA]
GS =0030 0000000000000000 ffffffff 00cf9300 DPL=0 DS   [-WA]
LDT=0000 0000000000000000 0000ffff 00008200 DPL=0 LDT
TR =0048 00000000075db058 00000067 00008900 DPL=0 TSS64-avl
GDT=     00000000075db000 00000057
IDT=     00000000070e8018 00000fff
CR0=80010033 CR2=0000000000000000 CR3=0000000007801000 CR4=00000668
DR0=0000000000000000 DR1=0000000000000000 DR2=0000000000000000 DR3=0000000000000000 
DR6=00000000ffff0ff0 DR7=0000000000000400
CCS=0000000000000000 CCD=00000000c0c43101 CCO=EFLAGS
EFER=0000000000000d00
Servicing hardware INT=0x20
   172: v=20 e=0000 i=0 cpl=0 IP=0038:0000000006cacc11 pc=0000000006cacc11 SP=0030:0000000007ee34b8 env->regs[R_EAX]=00000000c0c43101
RAX=00000000c0c43101 RBX=00000000070e7498 RCX=00000000070e7498 RDX=0000000000000000
RSI=0000000007f09980 RDI=44515fc33c8d294c RBP=0000000007ee3520 RSP=0000000007ee34b8
R8 =0000000007ee3620 R9 =000000007a9969ac R10=000000005df2b2d0 R11=000000006c196840
R12=0000000000000004 R13=0000000007f09880 R14=0000000000000010 R15=0000000007f09980
RIP=0000000006cacc11 RFL=00000202 [-------] CPL=0 II=0 A20=1 SMM=0 HLT=0
ES =0030 0000000000000000 ffffffff 00cf9300 DPL=0 DS   [-WA]
CS =0038 0000000000000000 ffffffff 00af9a00 DPL=0 CS64 [-R-]
SS =0030 0000000000000000 ffffffff 00cf9300 DPL=0 DS   [-WA]
DS =0030 0000000000000000 ffffffff 00cf9300 DPL=0 DS   [-WA]
FS =0030 0000000000000000 ffffffff 00cf9300 DPL=0 DS   [-WA]
GS =0030 0000000000000000 ffffffff 00cf9300 DPL=0 DS   [-WA]
LDT=0000 0000000000000000 0000ffff 00008200 DPL=0 LDT
TR =0048 00000000075db058 00000067 00008900 DPL=0 TSS64-avl
GDT=     00000000075db000 00000057
IDT=     00000000070e8018 00000fff
CR0=80010033 CR2=0000000000000000 CR3=0000000007801000 CR4=00000668
DR0=0000000000000000 DR1=0000000000000000 DR2=0000000000000000 DR3=0000000000000000 
DR6=00000000ffff0ff0 DR7=0000000000000400
CCS=0000000000000000 CCD=00000000c0c43101 CCO=EFLAGS
EFER=0000000000000d00
Servicing hardware INT=0x20
   173: v=20 e=0000 i=0 cpl=0 IP=0038:0000000006cacc11 pc=0000000006cacc11 SP=0030:0000000007ee34b8 env->regs[R_EAX]=00000000c0c43101
RAX=00000000c0c43101 RBX=00000000070e7498 RCX=00000000070e7498 RDX=0000000000000000
RSI=0000000007f09980 RDI=44515fc33c8d294c RBP=0000000007ee3520 RSP=0000000007ee34b8
R8 =0000000007ee3620 R9 =00000000481826a0 R10=00000000b4f6ff58 R11=000000000bd9bf87
R12=0000000000000004 R13=0000000007f09880 R14=0000000000000010 R15=0000000007f09980
RIP=0000000006cacc11 RFL=00000202 [-------] CPL=0 II=0 A20=1 SMM=0 HLT=0
ES =0030 0000000000000000 ffffffff 00cf9300 DPL=0 DS   [-WA]
CS =0038 0000000000000000 ffffffff 00af9a00 DPL=0 CS64 [-R-]
SS =0030 0000000000000000 ffffffff 00cf9300 DPL=0 DS   [-WA]
DS =0030 0000000000000000 ffffffff 00cf9300 DPL=0 DS   [-WA]
FS =0030 0000000000000000 ffffffff 00cf9300 DPL=0 DS   [-WA]
GS =0030 0000000000000000 ffffffff 00cf9300 DPL=0 DS   [-WA]
LDT=0000 0000000000000000 0000ffff 00008200 DPL=0 LDT
TR =0048 00000000075db058 00000067 00008900 DPL=0 TSS64-avl
GDT=     00000000075db000 00000057
IDT=     00000000070e8018 00000fff
CR0=80010033 CR2=0000000000000000 CR3=0000000007801000 CR4=00000668
DR0=0000000000000000 DR1=0000000000000000 DR2=0000000000000000 DR3=0000000000000000 
DR6=00000000ffff0ff0 DR7=0000000000000400
CCS=0000000000000000 CCD=00000000c0c43101 CCO=EFLAGS
EFER=0000000000000d00
Servicing hardware INT=0x20
   174: v=20 e=0000 i=0 cpl=0 IP=0038:0000000006cacc11 pc=0000000006cacc11 SP=0030:0000000007ee34b8 env->regs[R_EAX]=00000000c0c43101
RAX=00000000c0c43101 RBX=00000000070e7498 RCX=00000000070e7498 RDX=0000000000000000
RSI=0000000007f09980 RDI=44515fc33c8d294c RBP=0000000007ee3520 RSP=0000000007ee34b8
R8 =0000000007ee3620 R9 =00000000481826a0 R10=00000000b4f6ff58 R11=000000000bd9bf87
R12=0000000000000004 R13=0000000007f09880 R14=0000000000000010 R15=0000000007f09980
RIP=0000000006cacc11 RFL=00000202 [-------] CPL=0 II=0 A20=1 SMM=0 HLT=0
ES =0030 0000000000000000 ffffffff 00cf9300 DPL=0 DS   [-WA]
CS =0038 0000000000000000 ffffffff 00af9a00 DPL=0 CS64 [-R-]
SS =0030 0000000000000000 ffffffff 00cf9300 DPL=0 DS   [-WA]
DS =0030 0000000000000000 ffffffff 00cf9300 DPL=0 DS   [-WA]
FS =0030 0000000000000000 ffffffff 00cf9300 DPL=0 DS   [-WA]
GS =0030 0000000000000000 ffffffff 00cf9300 DPL=0 DS   [-WA]
LDT=0000 0000000000000000 0000ffff 00008200 DPL=0 LDT
TR =0048 00000000075db058 00000067 00008900 DPL=0 TSS64-avl
GDT=     00000000075db000 00000057
IDT=     00000000070e8018 00000fff
CR0=80010033 CR2=0000000000000000 CR3=0000000007801000 CR4=00000668
DR0=0000000000000000 DR1=0000000000000000 DR2=0000000000000000 DR3=0000000000000000 
DR6=00000000ffff0ff0 DR7=0000000000000400
CCS=0000000000000000 CCD=00000000c0c43101 CCO=EFLAGS
EFER=0000000000000d00
Servicing hardware INT=0x20
   175: v=20 e=0000 i=0 cpl=0 IP=0038:0000000006cacc11 pc=0000000006cacc11 SP=0030:0000000007ee34b8 env->regs[R_EAX]=00000000c0c43101
RAX=00000000c0c43101 RBX=00000000070e7498 RCX=00000000070e7498 RDX=0000000000000000
RSI=0000000007f09980 RDI=44515fc33c8d294c RBP=0000000007ee3520 RSP=0000000007ee34b8
R8 =0000000007ee3620 R9 =000000007eeb449d R10=00000000fe591c38 R11=0000000055ccbed2
R12=0000000000000004 R13=0000000007f09880 R14=0000000000000010 R15=0000000007f09980
RIP=0000000006cacc11 RFL=00000202 [-------] CPL=0 II=0 A20=1 SMM=0 HLT=0
ES =0030 0000000000000000 ffffffff 00cf9300 DPL=0 DS   [-WA]
CS =0038 0000000000000000 ffffffff 00af9a00 DPL=0 CS64 [-R-]
SS =0030 0000000000000000 ffffffff 00cf9300 DPL=0 DS   [-WA]
DS =0030 0000000000000000 ffffffff 00cf9300 DPL=0 DS   [-WA]
FS =0030 0000000000000000 ffffffff 00cf9300 DPL=0 DS   [-WA]
GS =0030 0000000000000000 ffffffff 00cf9300 DPL=0 DS   [-WA]
LDT=0000 0000000000000000 0000ffff 00008200 DPL=0 LDT
TR =0048 00000000075db058 00000067 00008900 DPL=0 TSS64-avl
GDT=     00000000075db000 00000057
IDT=     00000000070e8018 00000fff
CR0=80010033 CR2=0000000000000000 CR3=0000000007801000 CR4=00000668
DR0=0000000000000000 DR1=0000000000000000 DR2=0000000000000000 DR3=0000000000000000 
DR6=00000000ffff0ff0 DR7=0000000000000400
CCS=0000000000000000 CCD=00000000c0c43101 CCO=EFLAGS
EFER=0000000000000d00
Servicing hardware INT=0x20
   176: v=20 e=0000 i=0 cpl=0 IP=0038:0000000006cacc11 pc=0000000006cacc11 SP=0030:0000000007ee34b8 env->regs[R_EAX]=00000000c0c43101
RAX=00000000c0c43101 RBX=00000000070e7498 RCX=00000000070e7498 RDX=0000000000000000
RSI=0000000007f09980 RDI=44515fc33c8d294c RBP=0000000007ee3520 RSP=0000000007ee34b8
R8 =0000000007ee3620 R9 =000000007eeb449d R10=00000000fe591c38 R11=0000000055ccbed2
R12=0000000000000004 R13=0000000007f09880 R14=0000000000000010 R15=0000000007f09980
RIP=0000000006cacc11 RFL=00000202 [-------] CPL=0 II=0 A20=1 SMM=0 HLT=0
ES =0030 0000000000000000 ffffffff 00cf9300 DPL=0 DS   [-WA]
CS =0038 0000000000000000 ffffffff 00af9a00 DPL=0 CS64 [-R-]
SS =0030 0000000000000000 ffffffff 00cf9300 DPL=0 DS   [-WA]
DS =0030 0000000000000000 ffffffff 00cf9300 DPL=0 DS   [-WA]
FS =0030 0000000000000000 ffffffff 00cf9300 DPL=0 DS   [-WA]
GS =0030 0000000000000000 ffffffff 00cf9300 DPL=0 DS   [-WA]
LDT=0000 0000000000000000 0000ffff 00008200 DPL=0 LDT
TR =0048 00000000075db058 00000067 00008900 DPL=0 TSS64-avl
GDT=     00000000075db000 00000057
IDT=     00000000070e8018 00000fff
CR0=80010033 CR2=0000000000000000 CR3=0000000007801000 CR4=00000668
DR0=0000000000000000 DR1=0000000000000000 DR2=0000000000000000 DR3=0000000000000000 
DR6=00000000ffff0ff0 DR7=0000000000000400
CCS=0000000000000000 CCD=00000000c0c43101 CCO=EFLAGS
EFER=0000000000000d00
Servicing hardware INT=0x20
   177: v=20 e=0000 i=0 cpl=0 IP=0038:0000000006cacc11 pc=0000000006cacc11 SP=0030:0000000007ee34b8 env->regs[R_EAX]=00000000c0c43101
RAX=00000000c0c43101 RBX=00000000070e7498 RCX=00000000070e7498 RDX=0000000000000000
RSI=0000000007f09980 RDI=44515fc33c8d294c RBP=0000000007ee3520 RSP=0000000007ee34b8
R8 =0000000007ee3620 R9 =0000000059767668 R10=00000000543383c7 R11=0000000058470fcf
R12=0000000000000004 R13=0000000007f09880 R14=0000000000000010 R15=0000000007f09980
RIP=0000000006cacc11 RFL=00000202 [-------] CPL=0 II=0 A20=1 SMM=0 HLT=0
ES =0030 0000000000000000 ffffffff 00cf9300 DPL=0 DS   [-WA]
CS =0038 0000000000000000 ffffffff 00af9a00 DPL=0 CS64 [-R-]
SS =0030 0000000000000000 ffffffff 00cf9300 DPL=0 DS   [-WA]
DS =0030 0000000000000000 ffffffff 00cf9300 DPL=0 DS   [-WA]
FS =0030 0000000000000000 ffffffff 00cf9300 DPL=0 DS   [-WA]
GS =0030 0000000000000000 ffffffff 00cf9300 DPL=0 DS   [-WA]
LDT=0000 0000000000000000 0000ffff 00008200 DPL=0 LDT
TR =0048 00000000075db058 00000067 00008900 DPL=0 TSS64-avl
GDT=     00000000075db000 00000057
IDT=     00000000070e8018 00000fff
CR0=80010033 CR2=0000000000000000 CR3=0000000007801000 CR4=00000668
DR0=0000000000000000 DR1=0000000000000000 DR2=0000000000000000 DR3=0000000000000000 
DR6=00000000ffff0ff0 DR7=0000000000000400
CCS=0000000000000000 CCD=00000000c0c43101 CCO=EFLAGS
EFER=0000000000000d00
Servicing hardware INT=0x20
   178: v=20 e=0000 i=0 cpl=0 IP=0038:0000000006cacc11 pc=0000000006cacc11 SP=0030:0000000007ee34b8 env->regs[R_EAX]=00000000c0c43101
RAX=00000000c0c43101 RBX=00000000070e7498 RCX=00000000070e7498 RDX=0000000000000000
RSI=0000000007f09980 RDI=44515fc33c8d294c RBP=0000000007ee3520 RSP=0000000007ee34b8
R8 =0000000007ee3620 R9 =0000000059767668 R10=00000000543383c7 R11=0000000058470fcf
R12=0000000000000004 R13=0000000007f09880 R14=0000000000000010 R15=0000000007f09980
RIP=0000000006cacc11 RFL=00000202 [-------] CPL=0 II=0 A20=1 SMM=0 HLT=0
ES =0030 0000000000000000 ffffffff 00cf9300 DPL=0 DS   [-WA]
CS =0038 0000000000000000 ffffffff 00af9a00 DPL=0 CS64 [-R-]
SS =0030 0000000000000000 ffffffff 00cf9300 DPL=0 DS   [-WA]
DS =0030 0000000000000000 ffffffff 00cf9300 DPL=0 DS   [-WA]
FS =0030 0000000000000000 ffffffff 00cf9300 DPL=0 DS   [-WA]
GS =0030 0000000000000000 ffffffff 00cf9300 DPL=0 DS   [-WA]
LDT=0000 0000000000000000 0000ffff 00008200 DPL=0 LDT
TR =0048 00000000075db058 00000067 00008900 DPL=0 TSS64-avl
GDT=     00000000075db000 00000057
IDT=     00000000070e8018 00000fff
CR0=80010033 CR2=0000000000000000 CR3=0000000007801000 CR4=00000668
DR0=0000000000000000 DR1=0000000000000000 DR2=0000000000000000 DR3=0000000000000000 
DR6=00000000ffff0ff0 DR7=0000000000000400
CCS=0000000000000000 CCD=00000000c0c43101 CCO=EFLAGS
EFER=0000000000000d00
Servicing hardware INT=0x20
   179: v=20 e=0000 i=0 cpl=0 IP=0038:0000000006cacc11 pc=0000000006cacc11 SP=0030:0000000007ee34b8 env->regs[R_EAX]=00000000c0c43101
RAX=00000000c0c43101 RBX=00000000070e7498 RCX=00000000070e7498 RDX=0000000000000000
RSI=0000000007f09980 RDI=44515fc33c8d294c RBP=0000000007ee3520 RSP=0000000007ee34b8
R8 =0000000007ee3620 R9 =00000000cf2c960f R10=00000000ad14e6d9 R11=00000000ce8d0ed3
R12=0000000000000004 R13=0000000007f09880 R14=0000000000000010 R15=0000000007f09980
RIP=0000000006cacc11 RFL=00000202 [-------] CPL=0 II=0 A20=1 SMM=0 HLT=0
ES =0030 0000000000000000 ffffffff 00cf9300 DPL=0 DS   [-WA]
CS =0038 0000000000000000 ffffffff 00af9a00 DPL=0 CS64 [-R-]
SS =0030 0000000000000000 ffffffff 00cf9300 DPL=0 DS   [-WA]
DS =0030 0000000000000000 ffffffff 00cf9300 DPL=0 DS   [-WA]
FS =0030 0000000000000000 ffffffff 00cf9300 DPL=0 DS   [-WA]
GS =0030 0000000000000000 ffffffff 00cf9300 DPL=0 DS   [-WA]
LDT=0000 0000000000000000 0000ffff 00008200 DPL=0 LDT
TR =0048 00000000075db058 00000067 00008900 DPL=0 TSS64-avl
GDT=     00000000075db000 00000057
IDT=     00000000070e8018 00000fff
CR0=80010033 CR2=0000000000000000 CR3=0000000007801000 CR4=00000668
DR0=0000000000000000 DR1=0000000000000000 DR2=0000000000000000 DR3=0000000000000000 
DR6=00000000ffff0ff0 DR7=0000000000000400
CCS=0000000000000000 CCD=00000000c0c43101 CCO=EFLAGS
EFER=0000000000000d00
Servicing hardware INT=0x20
   180: v=20 e=0000 i=0 cpl=0 IP=0038:0000000006cacc11 pc=0000000006cacc11 SP=0030:0000000007ee34b8 env->regs[R_EAX]=00000000c0c43101
RAX=00000000c0c43101 RBX=00000000070e7498 RCX=00000000070e7498 RDX=0000000000000000
RSI=0000000007f09980 RDI=44515fc33c8d294c RBP=0000000007ee3520 RSP=0000000007ee34b8
R8 =0000000007ee3620 R9 =00000000cf2c960f R10=00000000ad14e6d9 R11=00000000ce8d0ed3
R12=0000000000000004 R13=0000000007f09880 R14=0000000000000010 R15=0000000007f09980
RIP=0000000006cacc11 RFL=00000202 [-------] CPL=0 II=0 A20=1 SMM=0 HLT=0
ES =0030 0000000000000000 ffffffff 00cf9300 DPL=0 DS   [-WA]
CS =0038 0000000000000000 ffffffff 00af9a00 DPL=0 CS64 [-R-]
SS =0030 0000000000000000 ffffffff 00cf9300 DPL=0 DS   [-WA]
DS =0030 0000000000000000 ffffffff 00cf9300 DPL=0 DS   [-WA]
FS =0030 0000000000000000 ffffffff 00cf9300 DPL=0 DS   [-WA]
GS =0030 0000000000000000 ffffffff 00cf9300 DPL=0 DS   [-WA]
LDT=0000 0000000000000000 0000ffff 00008200 DPL=0 LDT
TR =0048 00000000075db058 00000067 00008900 DPL=0 TSS64-avl
GDT=     00000000075db000 00000057
IDT=     00000000070e8018 00000fff
CR0=80010033 CR2=0000000000000000 CR3=0000000007801000 CR4=00000668
DR0=0000000000000000 DR1=0000000000000000 DR2=0000000000000000 DR3=0000000000000000 
DR6=00000000ffff0ff0 DR7=0000000000000400
CCS=0000000000000000 CCD=00000000c0c43101 CCO=EFLAGS
EFER=0000000000000d00
Servicing hardware INT=0x20
   181: v=20 e=0000 i=0 cpl=0 IP=0038:0000000006cacc11 pc=0000000006cacc11 SP=0030:0000000007ee34b8 env->regs[R_EAX]=00000000c0c43101
RAX=00000000c0c43101 RBX=00000000070e7498 RCX=00000000070e7498 RDX=0000000000000000
RSI=0000000007f09980 RDI=44515fc33c8d294c RBP=0000000007ee3520 RSP=0000000007ee34b8
R8 =0000000007ee3620 R9 =000000007df4a1d1 R10=00000000b4121525 R11=00000000d20f58b7
R12=0000000000000004 R13=0000000007f09880 R14=0000000000000010 R15=0000000007f09980
RIP=0000000006cacc11 RFL=00000202 [-------] CPL=0 II=0 A20=1 SMM=0 HLT=0
ES =0030 0000000000000000 ffffffff 00cf9300 DPL=0 DS   [-WA]
CS =0038 0000000000000000 ffffffff 00af9a00 DPL=0 CS64 [-R-]
SS =0030 0000000000000000 ffffffff 00cf9300 DPL=0 DS   [-WA]
DS =0030 0000000000000000 ffffffff 00cf9300 DPL=0 DS   [-WA]
FS =0030 0000000000000000 ffffffff 00cf9300 DPL=0 DS   [-WA]
GS =0030 0000000000000000 ffffffff 00cf9300 DPL=0 DS   [-WA]
LDT=0000 0000000000000000 0000ffff 00008200 DPL=0 LDT
TR =0048 00000000075db058 00000067 00008900 DPL=0 TSS64-avl
GDT=     00000000075db000 00000057
IDT=     00000000070e8018 00000fff
CR0=80010033 CR2=0000000000000000 CR3=0000000007801000 CR4=00000668
DR0=0000000000000000 DR1=0000000000000000 DR2=0000000000000000 DR3=0000000000000000 
DR6=00000000ffff0ff0 DR7=0000000000000400
CCS=0000000000000000 CCD=00000000c0c43101 CCO=EFLAGS
EFER=0000000000000d00
Servicing hardware INT=0x20
   182: v=20 e=0000 i=0 cpl=0 IP=0038:0000000006cacc11 pc=0000000006cacc11 SP=0030:0000000007ee34b8 env->regs[R_EAX]=00000000c0c43101
RAX=00000000c0c43101 RBX=00000000070e7498 RCX=00000000070e7498 RDX=0000000000000000
RSI=0000000007f09980 RDI=44515fc33c8d294c RBP=0000000007ee3520 RSP=0000000007ee34b8
R8 =0000000007ee3620 R9 =000000007df4a1d1 R10=00000000b4121525 R11=00000000d20f58b7
R12=0000000000000004 R13=0000000007f09880 R14=0000000000000010 R15=0000000007f09980
RIP=0000000006cacc11 RFL=00000202 [-------] CPL=0 II=0 A20=1 SMM=0 HLT=0
ES =0030 0000000000000000 ffffffff 00cf9300 DPL=0 DS   [-WA]
CS =0038 0000000000000000 ffffffff 00af9a00 DPL=0 CS64 [-R-]
SS =0030 0000000000000000 ffffffff 00cf9300 DPL=0 DS   [-WA]
DS =0030 0000000000000000 ffffffff 00cf9300 DPL=0 DS   [-WA]
FS =0030 0000000000000000 ffffffff 00cf9300 DPL=0 DS   [-WA]
GS =0030 0000000000000000 ffffffff 00cf9300 DPL=0 DS   [-WA]
LDT=0000 0000000000000000 0000ffff 00008200 DPL=0 LDT
TR =0048 00000000075db058 00000067 00008900 DPL=0 TSS64-avl
GDT=     00000000075db000 00000057
IDT=     00000000070e8018 00000fff
CR0=80010033 CR2=0000000000000000 CR3=0000000007801000 CR4=00000668
DR0=0000000000000000 DR1=0000000000000000 DR2=0000000000000000 DR3=0000000000000000 
DR6=00000000ffff0ff0 DR7=0000000000000400
CCS=0000000000000000 CCD=00000000c0c43101 CCO=EFLAGS
EFER=0000000000000d00
Servicing hardware INT=0x20
   183: v=20 e=0000 i=0 cpl=0 IP=0038:0000000006cacc11 pc=0000000006cacc11 SP=0030:0000000007ee34b8 env->regs[R_EAX]=00000000c0c43101
RAX=00000000c0c43101 RBX=00000000070e7498 RCX=00000000070e7498 RDX=0000000000000000
RSI=0000000007f09980 RDI=44515fc33c8d294c RBP=0000000007ee3520 RSP=0000000007ee34b8
R8 =0000000007ee3620 R9 =000000007ffac9e8 R10=000000002b00854e R11=000000004768019b
R12=0000000000000004 R13=0000000007f09880 R14=0000000000000010 R15=0000000007f09980
RIP=0000000006cacc11 RFL=00000202 [-------] CPL=0 II=0 A20=1 SMM=0 HLT=0
ES =0030 0000000000000000 ffffffff 00cf9300 DPL=0 DS   [-WA]
CS =0038 0000000000000000 ffffffff 00af9a00 DPL=0 CS64 [-R-]
SS =0030 0000000000000000 ffffffff 00cf9300 DPL=0 DS   [-WA]
DS =0030 0000000000000000 ffffffff 00cf9300 DPL=0 DS   [-WA]
FS =0030 0000000000000000 ffffffff 00cf9300 DPL=0 DS   [-WA]
GS =0030 0000000000000000 ffffffff 00cf9300 DPL=0 DS   [-WA]
LDT=0000 0000000000000000 0000ffff 00008200 DPL=0 LDT
TR =0048 00000000075db058 00000067 00008900 DPL=0 TSS64-avl
GDT=     00000000075db000 00000057
IDT=     00000000070e8018 00000fff
CR0=80010033 CR2=0000000000000000 CR3=0000000007801000 CR4=00000668
DR0=0000000000000000 DR1=0000000000000000 DR2=0000000000000000 DR3=0000000000000000 
DR6=00000000ffff0ff0 DR7=0000000000000400
CCS=0000000000000000 CCD=00000000c0c43101 CCO=EFLAGS
EFER=0000000000000d00
Servicing hardware INT=0x20
   184: v=20 e=0000 i=0 cpl=0 IP=0038:0000000006cacc11 pc=0000000006cacc11 SP=0030:0000000007ee34b8 env->regs[R_EAX]=00000000c0c43101
RAX=00000000c0c43101 RBX=00000000070e7498 RCX=00000000070e7498 RDX=0000000000000000
RSI=0000000007f09980 RDI=44515fc33c8d294c RBP=0000000007ee3520 RSP=0000000007ee34b8
R8 =0000000007ee3620 R9 =000000007ffac9e8 R10=000000002b00854e R11=000000004768019b
R12=0000000000000004 R13=0000000007f09880 R14=0000000000000010 R15=0000000007f09980
RIP=0000000006cacc11 RFL=00000202 [-------] CPL=0 II=0 A20=1 SMM=0 HLT=0
ES =0030 0000000000000000 ffffffff 00cf9300 DPL=0 DS   [-WA]
CS =0038 0000000000000000 ffffffff 00af9a00 DPL=0 CS64 [-R-]
SS =0030 0000000000000000 ffffffff 00cf9300 DPL=0 DS   [-WA]
DS =0030 0000000000000000 ffffffff 00cf9300 DPL=0 DS   [-WA]
FS =0030 0000000000000000 ffffffff 00cf9300 DPL=0 DS   [-WA]
GS =0030 0000000000000000 ffffffff 00cf9300 DPL=0 DS   [-WA]
LDT=0000 0000000000000000 0000ffff 00008200 DPL=0 LDT
TR =0048 00000000075db058 00000067 00008900 DPL=0 TSS64-avl
GDT=     00000000075db000 00000057
IDT=     00000000070e8018 00000fff
CR0=80010033 CR2=0000000000000000 CR3=0000000007801000 CR4=00000668
DR0=0000000000000000 DR1=0000000000000000 DR2=0000000000000000 DR3=0000000000000000 
DR6=00000000ffff0ff0 DR7=0000000000000400
CCS=0000000000000000 CCD=00000000c0c43101 CCO=EFLAGS
EFER=0000000000000d00
Servicing hardware INT=0x20
   185: v=20 e=0000 i=0 cpl=0 IP=0038:0000000006cacc11 pc=0000000006cacc11 SP=0030:0000000007ee34b8 env->regs[R_EAX]=00000000c0c43101
RAX=00000000c0c43101 RBX=00000000070e7498 RCX=00000000070e7498 RDX=0000000000000000
RSI=0000000007f09980 RDI=44515fc33c8d294c RBP=0000000007ee3520 RSP=0000000007ee34b8
R8 =0000000007ee3620 R9 =000000008d2251ec R10=0000000035c2c794 R11=000000003303afa2
R12=0000000000000004 R13=0000000007f09880 R14=0000000000000010 R15=0000000007f09980
RIP=0000000006cacc11 RFL=00000202 [-------] CPL=0 II=0 A20=1 SMM=0 HLT=0
ES =0030 0000000000000000 ffffffff 00cf9300 DPL=0 DS   [-WA]
CS =0038 0000000000000000 ffffffff 00af9a00 DPL=0 CS64 [-R-]
SS =0030 0000000000000000 ffffffff 00cf9300 DPL=0 DS   [-WA]
DS =0030 0000000000000000 ffffffff 00cf9300 DPL=0 DS   [-WA]
FS =0030 0000000000000000 ffffffff 00cf9300 DPL=0 DS   [-WA]
GS =0030 0000000000000000 ffffffff 00cf9300 DPL=0 DS   [-WA]
LDT=0000 0000000000000000 0000ffff 00008200 DPL=0 LDT
TR =0048 00000000075db058 00000067 00008900 DPL=0 TSS64-avl
GDT=     00000000075db000 00000057
IDT=     00000000070e8018 00000fff
CR0=80010033 CR2=0000000000000000 CR3=0000000007801000 CR4=00000668
DR0=0000000000000000 DR1=0000000000000000 DR2=0000000000000000 DR3=0000000000000000 
DR6=00000000ffff0ff0 DR7=0000000000000400
CCS=0000000000000000 CCD=00000000c0c43101 CCO=EFLAGS
EFER=0000000000000d00
Servicing hardware INT=0x20
   186: v=20 e=0000 i=0 cpl=0 IP=0038:0000000006cacc11 pc=0000000006cacc11 SP=0030:0000000007ee34b8 env->regs[R_EAX]=00000000c0c43101
RAX=00000000c0c43101 RBX=00000000070e7498 RCX=00000000070e7498 RDX=0000000000000000
RSI=0000000007f09980 RDI=44515fc33c8d294c RBP=0000000007ee3520 RSP=0000000007ee34b8
R8 =0000000007ee3620 R9 =000000008d2251ec R10=0000000035c2c794 R11=000000003303afa2
R12=0000000000000004 R13=0000000007f09880 R14=0000000000000010 R15=0000000007f09980
RIP=0000000006cacc11 RFL=00000202 [-------] CPL=0 II=0 A20=1 SMM=0 HLT=0
ES =0030 0000000000000000 ffffffff 00cf9300 DPL=0 DS   [-WA]
CS =0038 0000000000000000 ffffffff 00af9a00 DPL=0 CS64 [-R-]
SS =0030 0000000000000000 ffffffff 00cf9300 DPL=0 DS   [-WA]
DS =0030 0000000000000000 ffffffff 00cf9300 DPL=0 DS   [-WA]
FS =0030 0000000000000000 ffffffff 00cf9300 DPL=0 DS   [-WA]
GS =0030 0000000000000000 ffffffff 00cf9300 DPL=0 DS   [-WA]
LDT=0000 0000000000000000 0000ffff 00008200 DPL=0 LDT
TR =0048 00000000075db058 00000067 00008900 DPL=0 TSS64-avl
GDT=     00000000075db000 00000057
IDT=     00000000070e8018 00000fff
CR0=80010033 CR2=0000000000000000 CR3=0000000007801000 CR4=00000668
DR0=0000000000000000 DR1=0000000000000000 DR2=0000000000000000 DR3=0000000000000000 
DR6=00000000ffff0ff0 DR7=0000000000000400
CCS=0000000000000000 CCD=00000000c0c43101 CCO=EFLAGS
EFER=0000000000000d00
Servicing hardware INT=0x20
   187: v=20 e=0000 i=0 cpl=0 IP=0038:0000000006cacc11 pc=0000000006cacc11 SP=0030:0000000007ee34b8 env->regs[R_EAX]=00000000c0c43101
RAX=00000000c0c43101 RBX=00000000070e7498 RCX=00000000070e7498 RDX=0000000000000000
RSI=0000000007f09980 RDI=44515fc33c8d294c RBP=0000000007ee3520 RSP=0000000007ee34b8
R8 =0000000007ee3620 R9 =0000000017c137a2 R10=000000005a2af84b R11=0000000081a615f8
R12=0000000000000004 R13=0000000007f09880 R14=0000000000000010 R15=0000000007f09980
RIP=0000000006cacc11 RFL=00000202 [-------] CPL=0 II=0 A20=1 SMM=0 HLT=0
ES =0030 0000000000000000 ffffffff 00cf9300 DPL=0 DS   [-WA]
CS =0038 0000000000000000 ffffffff 00af9a00 DPL=0 CS64 [-R-]
SS =0030 0000000000000000 ffffffff 00cf9300 DPL=0 DS   [-WA]
DS =0030 0000000000000000 ffffffff 00cf9300 DPL=0 DS   [-WA]
FS =0030 0000000000000000 ffffffff 00cf9300 DPL=0 DS   [-WA]
GS =0030 0000000000000000 ffffffff 00cf9300 DPL=0 DS   [-WA]
LDT=0000 0000000000000000 0000ffff 00008200 DPL=0 LDT
TR =0048 00000000075db058 00000067 00008900 DPL=0 TSS64-avl
GDT=     00000000075db000 00000057
IDT=     00000000070e8018 00000fff
CR0=80010033 CR2=0000000000000000 CR3=0000000007801000 CR4=00000668
DR0=0000000000000000 DR1=0000000000000000 DR2=0000000000000000 DR3=0000000000000000 
DR6=00000000ffff0ff0 DR7=0000000000000400
CCS=0000000000000000 CCD=00000000c0c43101 CCO=EFLAGS
EFER=0000000000000d00
Servicing hardware INT=0x20
   188: v=20 e=0000 i=0 cpl=0 IP=0038:0000000006cacc11 pc=0000000006cacc11 SP=0030:0000000007ee34b8 env->regs[R_EAX]=00000000c0c43101
RAX=00000000c0c43101 RBX=00000000070e7498 RCX=00000000070e7498 RDX=0000000000000000
RSI=0000000007f09980 RDI=44515fc33c8d294c RBP=0000000007ee3520 RSP=0000000007ee34b8
R8 =0000000007ee3620 R9 =0000000017c137a2 R10=000000005a2af84b R11=0000000081a615f8
R12=0000000000000004 R13=0000000007f09880 R14=0000000000000010 R15=0000000007f09980
RIP=0000000006cacc11 RFL=00000202 [-------] CPL=0 II=0 A20=1 SMM=0 HLT=0
ES =0030 0000000000000000 ffffffff 00cf9300 DPL=0 DS   [-WA]
CS =0038 0000000000000000 ffffffff 00af9a00 DPL=0 CS64 [-R-]
SS =0030 0000000000000000 ffffffff 00cf9300 DPL=0 DS   [-WA]
DS =0030 0000000000000000 ffffffff 00cf9300 DPL=0 DS   [-WA]
FS =0030 0000000000000000 ffffffff 00cf9300 DPL=0 DS   [-WA]
GS =0030 0000000000000000 ffffffff 00cf9300 DPL=0 DS   [-WA]
LDT=0000 0000000000000000 0000ffff 00008200 DPL=0 LDT
TR =0048 00000000075db058 00000067 00008900 DPL=0 TSS64-avl
GDT=     00000000075db000 00000057
IDT=     00000000070e8018 00000fff
CR0=80010033 CR2=0000000000000000 CR3=0000000007801000 CR4=00000668
DR0=0000000000000000 DR1=0000000000000000 DR2=0000000000000000 DR3=0000000000000000 
DR6=00000000ffff0ff0 DR7=0000000000000400
CCS=0000000000000000 CCD=00000000c0c43101 CCO=EFLAGS
EFER=0000000000000d00
Servicing hardware INT=0x20
   189: v=20 e=0000 i=0 cpl=0 IP=0038:0000000006cacc11 pc=0000000006cacc11 SP=0030:0000000007ee34b8 env->regs[R_EAX]=00000000c0c43101
RAX=00000000c0c43101 RBX=00000000070e7498 RCX=00000000070e7498 RDX=0000000000000000
RSI=0000000007f09980 RDI=44515fc33c8d294c RBP=0000000007ee3520 RSP=0000000007ee34b8
R8 =0000000007ee3620 R9 =00000000f21ba2f7 R10=0000000082c12596 R11=0000000012e976aa
R12=0000000000000004 R13=0000000007f09880 R14=0000000000000010 R15=0000000007f09980
RIP=0000000006cacc11 RFL=00000202 [-------] CPL=0 II=0 A20=1 SMM=0 HLT=0
ES =0030 0000000000000000 ffffffff 00cf9300 DPL=0 DS   [-WA]
CS =0038 0000000000000000 ffffffff 00af9a00 DPL=0 CS64 [-R-]
SS =0030 0000000000000000 ffffffff 00cf9300 DPL=0 DS   [-WA]
DS =0030 0000000000000000 ffffffff 00cf9300 DPL=0 DS   [-WA]
FS =0030 0000000000000000 ffffffff 00cf9300 DPL=0 DS   [-WA]
GS =0030 0000000000000000 ffffffff 00cf9300 DPL=0 DS   [-WA]
LDT=0000 0000000000000000 0000ffff 00008200 DPL=0 LDT
TR =0048 00000000075db058 00000067 00008900 DPL=0 TSS64-avl
GDT=     00000000075db000 00000057
IDT=     00000000070e8018 00000fff
CR0=80010033 CR2=0000000000000000 CR3=0000000007801000 CR4=00000668
DR0=0000000000000000 DR1=0000000000000000 DR2=0000000000000000 DR3=0000000000000000 
DR6=00000000ffff0ff0 DR7=0000000000000400
CCS=0000000000000000 CCD=00000000c0c43101 CCO=EFLAGS
EFER=0000000000000d00
Servicing hardware INT=0x20
   190: v=20 e=0000 i=0 cpl=0 IP=0038:0000000006cacc11 pc=0000000006cacc11 SP=0030:0000000007ee34b8 env->regs[R_EAX]=00000000c0c43101
RAX=00000000c0c43101 RBX=00000000070e7498 RCX=00000000070e7498 RDX=0000000000000000
RSI=0000000007f09980 RDI=44515fc33c8d294c RBP=0000000007ee3520 RSP=0000000007ee34b8
R8 =0000000007ee3620 R9 =00000000f21ba2f7 R10=0000000082c12596 R11=0000000012e976aa
R12=0000000000000004 R13=0000000007f09880 R14=0000000000000010 R15=0000000007f09980
RIP=0000000006cacc11 RFL=00000202 [-------] CPL=0 II=0 A20=1 SMM=0 HLT=0
ES =0030 0000000000000000 ffffffff 00cf9300 DPL=0 DS   [-WA]
CS =0038 0000000000000000 ffffffff 00af9a00 DPL=0 CS64 [-R-]
SS =0030 0000000000000000 ffffffff 00cf9300 DPL=0 DS   [-WA]
DS =0030 0000000000000000 ffffffff 00cf9300 DPL=0 DS   [-WA]
FS =0030 0000000000000000 ffffffff 00cf9300 DPL=0 DS   [-WA]
GS =0030 0000000000000000 ffffffff 00cf9300 DPL=0 DS   [-WA]
LDT=0000 0000000000000000 0000ffff 00008200 DPL=0 LDT
TR =0048 00000000075db058 00000067 00008900 DPL=0 TSS64-avl
GDT=     00000000075db000 00000057
IDT=     00000000070e8018 00000fff
CR0=80010033 CR2=0000000000000000 CR3=0000000007801000 CR4=00000668
DR0=0000000000000000 DR1=0000000000000000 DR2=0000000000000000 DR3=0000000000000000 
DR6=00000000ffff0ff0 DR7=0000000000000400
CCS=0000000000000000 CCD=00000000c0c43101 CCO=EFLAGS
EFER=0000000000000d00
Servicing hardware INT=0x20
   191: v=20 e=0000 i=0 cpl=0 IP=0038:0000000006cacc11 pc=0000000006cacc11 SP=0030:0000000007ee34b8 env->regs[R_EAX]=00000000c0c43101
RAX=00000000c0c43101 RBX=00000000070e7498 RCX=00000000070e7498 RDX=0000000000000000
RSI=0000000007f09980 RDI=44515fc33c8d294c RBP=0000000007ee3520 RSP=0000000007ee34b8
R8 =0000000007ee3620 R9 =000000001dc504d3 R10=000000007044ac7b R11=00000000e7f4a3a3
R12=0000000000000004 R13=0000000007f09880 R14=0000000000000010 R15=0000000007f09980
RIP=0000000006cacc11 RFL=00000202 [-------] CPL=0 II=0 A20=1 SMM=0 HLT=0
ES =0030 0000000000000000 ffffffff 00cf9300 DPL=0 DS   [-WA]
CS =0038 0000000000000000 ffffffff 00af9a00 DPL=0 CS64 [-R-]
SS =0030 0000000000000000 ffffffff 00cf9300 DPL=0 DS   [-WA]
DS =0030 0000000000000000 ffffffff 00cf9300 DPL=0 DS   [-WA]
FS =0030 0000000000000000 ffffffff 00cf9300 DPL=0 DS   [-WA]
GS =0030 0000000000000000 ffffffff 00cf9300 DPL=0 DS   [-WA]
LDT=0000 0000000000000000 0000ffff 00008200 DPL=0 LDT
TR =0048 00000000075db058 00000067 00008900 DPL=0 TSS64-avl
GDT=     00000000075db000 00000057
IDT=     00000000070e8018 00000fff
CR0=80010033 CR2=0000000000000000 CR3=0000000007801000 CR4=00000668
DR0=0000000000000000 DR1=0000000000000000 DR2=0000000000000000 DR3=0000000000000000 
DR6=00000000ffff0ff0 DR7=0000000000000400
CCS=0000000000000000 CCD=00000000c0c43101 CCO=EFLAGS
EFER=0000000000000d00
Servicing hardware INT=0x20
   192: v=20 e=0000 i=0 cpl=0 IP=0038:0000000006cacc11 pc=0000000006cacc11 SP=0030:0000000007ee34b8 env->regs[R_EAX]=00000000c0c43101
RAX=00000000c0c43101 RBX=00000000070e7498 RCX=00000000070e7498 RDX=0000000000000000
RSI=0000000007f09980 RDI=44515fc33c8d294c RBP=0000000007ee3520 RSP=0000000007ee34b8
R8 =0000000007ee3620 R9 =000000001dc504d3 R10=000000007044ac7b R11=00000000e7f4a3a3
R12=0000000000000004 R13=0000000007f09880 R14=0000000000000010 R15=0000000007f09980
RIP=0000000006cacc11 RFL=00000202 [-------] CPL=0 II=0 A20=1 SMM=0 HLT=0
ES =0030 0000000000000000 ffffffff 00cf9300 DPL=0 DS   [-WA]
CS =0038 0000000000000000 ffffffff 00af9a00 DPL=0 CS64 [-R-]
SS =0030 0000000000000000 ffffffff 00cf9300 DPL=0 DS   [-WA]
DS =0030 0000000000000000 ffffffff 00cf9300 DPL=0 DS   [-WA]
FS =0030 0000000000000000 ffffffff 00cf9300 DPL=0 DS   [-WA]
GS =0030 0000000000000000 ffffffff 00cf9300 DPL=0 DS   [-WA]
LDT=0000 0000000000000000 0000ffff 00008200 DPL=0 LDT
TR =0048 00000000075db058 00000067 00008900 DPL=0 TSS64-avl
GDT=     00000000075db000 00000057
IDT=     00000000070e8018 00000fff
CR0=80010033 CR2=0000000000000000 CR3=0000000007801000 CR4=00000668
DR0=0000000000000000 DR1=0000000000000000 DR2=0000000000000000 DR3=0000000000000000 
DR6=00000000ffff0ff0 DR7=0000000000000400
CCS=0000000000000000 CCD=00000000c0c43101 CCO=EFLAGS
EFER=0000000000000d00
Servicing hardware INT=0x20
   193: v=20 e=0000 i=0 cpl=0 IP=0038:0000000006cacc11 pc=0000000006cacc11 SP=0030:0000000007ee34b8 env->regs[R_EAX]=00000000c0c43101
RAX=00000000c0c43101 RBX=00000000070e7498 RCX=00000000070e7498 RDX=0000000000000000
RSI=0000000007f09980 RDI=44515fc33c8d294c RBP=0000000007ee3520 RSP=0000000007ee34b8
R8 =0000000007ee3620 R9 =0000000074e8c7f4 R10=00000000aa8b7682 R11=000000002277485c
R12=0000000000000004 R13=0000000007f09880 R14=0000000000000010 R15=0000000007f09980
RIP=0000000006cacc11 RFL=00000202 [-------] CPL=0 II=0 A20=1 SMM=0 HLT=0
ES =0030 0000000000000000 ffffffff 00cf9300 DPL=0 DS   [-WA]
CS =0038 0000000000000000 ffffffff 00af9a00 DPL=0 CS64 [-R-]
SS =0030 0000000000000000 ffffffff 00cf9300 DPL=0 DS   [-WA]
DS =0030 0000000000000000 ffffffff 00cf9300 DPL=0 DS   [-WA]
FS =0030 0000000000000000 ffffffff 00cf9300 DPL=0 DS   [-WA]
GS =0030 0000000000000000 ffffffff 00cf9300 DPL=0 DS   [-WA]
LDT=0000 0000000000000000 0000ffff 00008200 DPL=0 LDT
TR =0048 00000000075db058 00000067 00008900 DPL=0 TSS64-avl
GDT=     00000000075db000 00000057
IDT=     00000000070e8018 00000fff
CR0=80010033 CR2=0000000000000000 CR3=0000000007801000 CR4=00000668
DR0=0000000000000000 DR1=0000000000000000 DR2=0000000000000000 DR3=0000000000000000 
DR6=00000000ffff0ff0 DR7=0000000000000400
CCS=0000000000000000 CCD=00000000c0c43101 CCO=EFLAGS
EFER=0000000000000d00
Servicing hardware INT=0x20
   194: v=20 e=0000 i=0 cpl=0 IP=0038:0000000006cacc11 pc=0000000006cacc11 SP=0030:0000000007ee34b8 env->regs[R_EAX]=00000000c0c43101
RAX=00000000c0c43101 RBX=00000000070e7498 RCX=00000000070e7498 RDX=0000000000000000
RSI=0000000007f09980 RDI=44515fc33c8d294c RBP=0000000007ee3520 RSP=0000000007ee34b8
R8 =0000000007ee3620 R9 =0000000074e8c7f4 R10=00000000aa8b7682 R11=000000002277485c
R12=0000000000000004 R13=0000000007f09880 R14=0000000000000010 R15=0000000007f09980
RIP=0000000006cacc11 RFL=00000202 [-------] CPL=0 II=0 A20=1 SMM=0 HLT=0
ES =0030 0000000000000000 ffffffff 00cf9300 DPL=0 DS   [-WA]
CS =0038 0000000000000000 ffffffff 00af9a00 DPL=0 CS64 [-R-]
SS =0030 0000000000000000 ffffffff 00cf9300 DPL=0 DS   [-WA]
DS =0030 0000000000000000 ffffffff 00cf9300 DPL=0 DS   [-WA]
FS =0030 0000000000000000 ffffffff 00cf9300 DPL=0 DS   [-WA]
GS =0030 0000000000000000 ffffffff 00cf9300 DPL=0 DS   [-WA]
LDT=0000 0000000000000000 0000ffff 00008200 DPL=0 LDT
TR =0048 00000000075db058 00000067 00008900 DPL=0 TSS64-avl
GDT=     00000000075db000 00000057
IDT=     00000000070e8018 00000fff
CR0=80010033 CR2=0000000000000000 CR3=0000000007801000 CR4=00000668
DR0=0000000000000000 DR1=0000000000000000 DR2=0000000000000000 DR3=0000000000000000 
DR6=00000000ffff0ff0 DR7=0000000000000400
CCS=0000000000000000 CCD=00000000c0c43101 CCO=EFLAGS
EFER=0000000000000d00
Servicing hardware INT=0x20
   195: v=20 e=0000 i=0 cpl=0 IP=0038:0000000006cacc11 pc=0000000006cacc11 SP=0030:0000000007ee34b8 env->regs[R_EAX]=00000000c0c43101
RAX=00000000c0c43101 RBX=00000000070e7498 RCX=00000000070e7498 RDX=0000000000000000
RSI=0000000007f09980 RDI=44515fc33c8d294c RBP=0000000007ee3520 RSP=0000000007ee34b8
R8 =0000000007ee3620 R9 =000000004204255e R10=00000000e0319320 R11=00000000af466e4f
R12=0000000000000004 R13=0000000007f09880 R14=0000000000000010 R15=0000000007f09980
RIP=0000000006cacc11 RFL=00000202 [-------] CPL=0 II=0 A20=1 SMM=0 HLT=0
ES =0030 0000000000000000 ffffffff 00cf9300 DPL=0 DS   [-WA]
CS =0038 0000000000000000 ffffffff 00af9a00 DPL=0 CS64 [-R-]
SS =0030 0000000000000000 ffffffff 00cf9300 DPL=0 DS   [-WA]
DS =0030 0000000000000000 ffffffff 00cf9300 DPL=0 DS   [-WA]
FS =0030 0000000000000000 ffffffff 00cf9300 DPL=0 DS   [-WA]
GS =0030 0000000000000000 ffffffff 00cf9300 DPL=0 DS   [-WA]
LDT=0000 0000000000000000 0000ffff 00008200 DPL=0 LDT
TR =0048 00000000075db058 00000067 00008900 DPL=0 TSS64-avl
GDT=     00000000075db000 00000057
IDT=     00000000070e8018 00000fff
CR0=80010033 CR2=0000000000000000 CR3=0000000007801000 CR4=00000668
DR0=0000000000000000 DR1=0000000000000000 DR2=0000000000000000 DR3=0000000000000000 
DR6=00000000ffff0ff0 DR7=0000000000000400
CCS=0000000000000000 CCD=00000000c0c43101 CCO=EFLAGS
EFER=0000000000000d00
Servicing hardware INT=0x20
   196: v=20 e=0000 i=0 cpl=0 IP=0038:0000000006cacc11 pc=0000000006cacc11 SP=0030:0000000007ee34b8 env->regs[R_EAX]=00000000c0c43101
RAX=00000000c0c43101 RBX=00000000070e7498 RCX=00000000070e7498 RDX=0000000000000000
RSI=0000000007f09980 RDI=44515fc33c8d294c RBP=0000000007ee3520 RSP=0000000007ee34b8
R8 =0000000007ee3620 R9 =000000004204255e R10=00000000e0319320 R11=00000000af466e4f
R12=0000000000000004 R13=0000000007f09880 R14=0000000000000010 R15=0000000007f09980
RIP=0000000006cacc11 RFL=00000202 [-------] CPL=0 II=0 A20=1 SMM=0 HLT=0
ES =0030 0000000000000000 ffffffff 00cf9300 DPL=0 DS   [-WA]
CS =0038 0000000000000000 ffffffff 00af9a00 DPL=0 CS64 [-R-]
SS =0030 0000000000000000 ffffffff 00cf9300 DPL=0 DS   [-WA]
DS =0030 0000000000000000 ffffffff 00cf9300 DPL=0 DS   [-WA]
FS =0030 0000000000000000 ffffffff 00cf9300 DPL=0 DS   [-WA]
GS =0030 0000000000000000 ffffffff 00cf9300 DPL=0 DS   [-WA]
LDT=0000 0000000000000000 0000ffff 00008200 DPL=0 LDT
TR =0048 00000000075db058 00000067 00008900 DPL=0 TSS64-avl
GDT=     00000000075db000 00000057
IDT=     00000000070e8018 00000fff
CR0=80010033 CR2=0000000000000000 CR3=0000000007801000 CR4=00000668
DR0=0000000000000000 DR1=0000000000000000 DR2=0000000000000000 DR3=0000000000000000 
DR6=00000000ffff0ff0 DR7=0000000000000400
CCS=0000000000000000 CCD=00000000c0c43101 CCO=EFLAGS
EFER=0000000000000d00
Servicing hardware INT=0x20
   197: v=20 e=0000 i=0 cpl=0 IP=0038:0000000006cacc11 pc=0000000006cacc11 SP=0030:0000000007ee34b8 env->regs[R_EAX]=00000000c0c43101
RAX=00000000c0c43101 RBX=00000000070e7498 RCX=00000000070e7498 RDX=0000000000000000
RSI=0000000007f09980 RDI=44515fc33c8d294c RBP=0000000007ee3520 RSP=0000000007ee34b8
R8 =0000000007ee3620 R9 =00000000538d35a5 R10=00000000d78474a1 R11=0000000067924063
R12=0000000000000004 R13=0000000007f09880 R14=0000000000000010 R15=0000000007f09980
RIP=0000000006cacc11 RFL=00000202 [-------] CPL=0 II=0 A20=1 SMM=0 HLT=0
ES =0030 0000000000000000 ffffffff 00cf9300 DPL=0 DS   [-WA]
CS =0038 0000000000000000 ffffffff 00af9a00 DPL=0 CS64 [-R-]
SS =0030 0000000000000000 ffffffff 00cf9300 DPL=0 DS   [-WA]
DS =0030 0000000000000000 ffffffff 00cf9300 DPL=0 DS   [-WA]
FS =0030 0000000000000000 ffffffff 00cf9300 DPL=0 DS   [-WA]
GS =0030 0000000000000000 ffffffff 00cf9300 DPL=0 DS   [-WA]
LDT=0000 0000000000000000 0000ffff 00008200 DPL=0 LDT
TR =0048 00000000075db058 00000067 00008900 DPL=0 TSS64-avl
GDT=     00000000075db000 00000057
IDT=     00000000070e8018 00000fff
CR0=80010033 CR2=0000000000000000 CR3=0000000007801000 CR4=00000668
DR0=0000000000000000 DR1=0000000000000000 DR2=0000000000000000 DR3=0000000000000000 
DR6=00000000ffff0ff0 DR7=0000000000000400
CCS=0000000000000000 CCD=00000000c0c43101 CCO=EFLAGS
EFER=0000000000000d00
Servicing hardware INT=0x20
   198: v=20 e=0000 i=0 cpl=0 IP=0038:0000000006cacc11 pc=0000000006cacc11 SP=0030:0000000007ee34b8 env->regs[R_EAX]=00000000c0c43101
RAX=00000000c0c43101 RBX=00000000070e7498 RCX=00000000070e7498 RDX=0000000000000000
RSI=0000000007f09980 RDI=44515fc33c8d294c RBP=0000000007ee3520 RSP=0000000007ee34b8
R8 =0000000007ee3620 R9 =00000000538d35a5 R10=00000000d78474a1 R11=0000000067924063
R12=0000000000000004 R13=0000000007f09880 R14=0000000000000010 R15=0000000007f09980
RIP=0000000006cacc11 RFL=00000202 [-------] CPL=0 II=0 A20=1 SMM=0 HLT=0
ES =0030 0000000000000000 ffffffff 00cf9300 DPL=0 DS   [-WA]
CS =0038 0000000000000000 ffffffff 00af9a00 DPL=0 CS64 [-R-]
SS =0030 0000000000000000 ffffffff 00cf9300 DPL=0 DS   [-WA]
DS =0030 0000000000000000 ffffffff 00cf9300 DPL=0 DS   [-WA]
FS =0030 0000000000000000 ffffffff 00cf9300 DPL=0 DS   [-WA]
GS =0030 0000000000000000 ffffffff 00cf9300 DPL=0 DS   [-WA]
LDT=0000 0000000000000000 0000ffff 00008200 DPL=0 LDT
TR =0048 00000000075db058 00000067 00008900 DPL=0 TSS64-avl
GDT=     00000000075db000 00000057
IDT=     00000000070e8018 00000fff
CR0=80010033 CR2=0000000000000000 CR3=0000000007801000 CR4=00000668
DR0=0000000000000000 DR1=0000000000000000 DR2=0000000000000000 DR3=0000000000000000 
DR6=00000000ffff0ff0 DR7=0000000000000400
CCS=0000000000000000 CCD=00000000c0c43101 CCO=EFLAGS
EFER=0000000000000d00
Servicing hardware INT=0x20
   199: v=20 e=0000 i=0 cpl=0 IP=0038:0000000006cacc11 pc=0000000006cacc11 SP=0030:0000000007ee34b8 env->regs[R_EAX]=00000000c0c43101
RAX=00000000c0c43101 RBX=00000000070e7498 RCX=00000000070e7498 RDX=0000000000000000
RSI=0000000007f09980 RDI=44515fc33c8d294c RBP=0000000007ee3520 RSP=0000000007ee34b8
R8 =0000000007ee3620 R9 =0000000083dba38d R10=000000007752f1c5 R11=000000009a58b7a7
R12=0000000000000004 R13=0000000007f09880 R14=0000000000000010 R15=0000000007f09980
RIP=0000000006cacc11 RFL=00000202 [-------] CPL=0 II=0 A20=1 SMM=0 HLT=0
ES =0030 0000000000000000 ffffffff 00cf9300 DPL=0 DS   [-WA]
CS =0038 0000000000000000 ffffffff 00af9a00 DPL=0 CS64 [-R-]
SS =0030 0000000000000000 ffffffff 00cf9300 DPL=0 DS   [-WA]
DS =0030 0000000000000000 ffffffff 00cf9300 DPL=0 DS   [-WA]
FS =0030 0000000000000000 ffffffff 00cf9300 DPL=0 DS   [-WA]
GS =0030 0000000000000000 ffffffff 00cf9300 DPL=0 DS   [-WA]
LDT=0000 0000000000000000 0000ffff 00008200 DPL=0 LDT
TR =0048 00000000075db058 00000067 00008900 DPL=0 TSS64-avl
GDT=     00000000075db000 00000057
IDT=     00000000070e8018 00000fff
CR0=80010033 CR2=0000000000000000 CR3=0000000007801000 CR4=00000668
DR0=0000000000000000 DR1=0000000000000000 DR2=0000000000000000 DR3=0000000000000000 
DR6=00000000ffff0ff0 DR7=0000000000000400
CCS=0000000000000000 CCD=00000000c0c43101 CCO=EFLAGS
EFER=0000000000000d00
Servicing hardware INT=0x20
   200: v=20 e=0000 i=0 cpl=0 IP=0038:0000000006cacc11 pc=0000000006cacc11 SP=0030:0000000007ee34b8 env->regs[R_EAX]=00000000c0c43101
RAX=00000000c0c43101 RBX=00000000070e7498 RCX=00000000070e7498 RDX=0000000000000000
RSI=0000000007f09980 RDI=44515fc33c8d294c RBP=0000000007ee3520 RSP=0000000007ee34b8
R8 =0000000007ee3620 R9 =0000000083dba38d R10=000000007752f1c5 R11=000000009a58b7a7
R12=0000000000000004 R13=0000000007f09880 R14=0000000000000010 R15=0000000007f09980
RIP=0000000006cacc11 RFL=00000202 [-------] CPL=0 II=0 A20=1 SMM=0 HLT=0
ES =0030 0000000000000000 ffffffff 00cf9300 DPL=0 DS   [-WA]
CS =0038 0000000000000000 ffffffff 00af9a00 DPL=0 CS64 [-R-]
SS =0030 0000000000000000 ffffffff 00cf9300 DPL=0 DS   [-WA]
DS =0030 0000000000000000 ffffffff 00cf9300 DPL=0 DS   [-WA]
FS =0030 0000000000000000 ffffffff 00cf9300 DPL=0 DS   [-WA]
GS =0030 0000000000000000 ffffffff 00cf9300 DPL=0 DS   [-WA]
LDT=0000 0000000000000000 0000ffff 00008200 DPL=0 LDT
TR =0048 00000000075db058 00000067 00008900 DPL=0 TSS64-avl
GDT=     00000000075db000 00000057
IDT=     00000000070e8018 00000fff
CR0=80010033 CR2=0000000000000000 CR3=0000000007801000 CR4=00000668
DR0=0000000000000000 DR1=0000000000000000 DR2=0000000000000000 DR3=0000000000000000 
DR6=00000000ffff0ff0 DR7=0000000000000400
CCS=0000000000000000 CCD=00000000c0c43101 CCO=EFLAGS
EFER=0000000000000d00
Servicing hardware INT=0x20
   201: v=20 e=0000 i=0 cpl=0 IP=0038:0000000006cacc11 pc=0000000006cacc11 SP=0030:0000000007ee34b8 env->regs[R_EAX]=00000000c0c43101
RAX=00000000c0c43101 RBX=00000000070e7498 RCX=00000000070e7498 RDX=0000000000000000
RSI=0000000007f09980 RDI=44515fc33c8d294c RBP=0000000007ee3520 RSP=0000000007ee34b8
R8 =0000000007ee3620 R9 =000000002f5451e2 R10=00000000c7765826 R11=0000000012f25125
R12=0000000000000004 R13=0000000007f09880 R14=0000000000000010 R15=0000000007f09980
RIP=0000000006cacc11 RFL=00000202 [-------] CPL=0 II=0 A20=1 SMM=0 HLT=0
ES =0030 0000000000000000 ffffffff 00cf9300 DPL=0 DS   [-WA]
CS =0038 0000000000000000 ffffffff 00af9a00 DPL=0 CS64 [-R-]
SS =0030 0000000000000000 ffffffff 00cf9300 DPL=0 DS   [-WA]
DS =0030 0000000000000000 ffffffff 00cf9300 DPL=0 DS   [-WA]
FS =0030 0000000000000000 ffffffff 00cf9300 DPL=0 DS   [-WA]
GS =0030 0000000000000000 ffffffff 00cf9300 DPL=0 DS   [-WA]
LDT=0000 0000000000000000 0000ffff 00008200 DPL=0 LDT
TR =0048 00000000075db058 00000067 00008900 DPL=0 TSS64-avl
GDT=     00000000075db000 00000057
IDT=     00000000070e8018 00000fff
CR0=80010033 CR2=0000000000000000 CR3=0000000007801000 CR4=00000668
DR0=0000000000000000 DR1=0000000000000000 DR2=0000000000000000 DR3=0000000000000000 
DR6=00000000ffff0ff0 DR7=0000000000000400
CCS=0000000000000000 CCD=00000000c0c43101 CCO=EFLAGS
EFER=0000000000000d00
Servicing hardware INT=0x20
   202: v=20 e=0000 i=0 cpl=0 IP=0038:0000000006cacc11 pc=0000000006cacc11 SP=0030:0000000007ee34b8 env->regs[R_EAX]=00000000c0c43101
RAX=00000000c0c43101 RBX=00000000070e7498 RCX=00000000070e7498 RDX=0000000000000000
RSI=0000000007f09980 RDI=44515fc33c8d294c RBP=0000000007ee3520 RSP=0000000007ee34b8
R8 =0000000007ee3620 R9 =000000002f5451e2 R10=00000000c7765826 R11=0000000012f25125
R12=0000000000000004 R13=0000000007f09880 R14=0000000000000010 R15=0000000007f09980
RIP=0000000006cacc11 RFL=00000202 [-------] CPL=0 II=0 A20=1 SMM=0 HLT=0
ES =0030 0000000000000000 ffffffff 00cf9300 DPL=0 DS   [-WA]
CS =0038 0000000000000000 ffffffff 00af9a00 DPL=0 CS64 [-R-]
SS =0030 0000000000000000 ffffffff 00cf9300 DPL=0 DS   [-WA]
DS =0030 0000000000000000 ffffffff 00cf9300 DPL=0 DS   [-WA]
FS =0030 0000000000000000 ffffffff 00cf9300 DPL=0 DS   [-WA]
GS =0030 0000000000000000 ffffffff 00cf9300 DPL=0 DS   [-WA]
LDT=0000 0000000000000000 0000ffff 00008200 DPL=0 LDT
TR =0048 00000000075db058 00000067 00008900 DPL=0 TSS64-avl
GDT=     00000000075db000 00000057
IDT=     00000000070e8018 00000fff
CR0=80010033 CR2=0000000000000000 CR3=0000000007801000 CR4=00000668
DR0=0000000000000000 DR1=0000000000000000 DR2=0000000000000000 DR3=0000000000000000 
DR6=00000000ffff0ff0 DR7=0000000000000400
CCS=0000000000000000 CCD=00000000c0c43101 CCO=EFLAGS
EFER=0000000000000d00
Servicing hardware INT=0x20
   203: v=20 e=0000 i=0 cpl=0 IP=0038:0000000006cacc11 pc=0000000006cacc11 SP=0030:0000000007ee34b8 env->regs[R_EAX]=00000000c0c43101
RAX=00000000c0c43101 RBX=00000000070e7498 RCX=00000000070e7498 RDX=0000000000000000
RSI=0000000007f09980 RDI=44515fc33c8d294c RBP=0000000007ee3520 RSP=0000000007ee34b8
R8 =0000000007ee3620 R9 =00000000487490b0 R10=00000000b8d28942 R11=00000000907e1b3f
R12=0000000000000004 R13=0000000007f09880 R14=0000000000000010 R15=0000000007f09980
RIP=0000000006cacc11 RFL=00000202 [-------] CPL=0 II=0 A20=1 SMM=0 HLT=0
ES =0030 0000000000000000 ffffffff 00cf9300 DPL=0 DS   [-WA]
CS =0038 0000000000000000 ffffffff 00af9a00 DPL=0 CS64 [-R-]
SS =0030 0000000000000000 ffffffff 00cf9300 DPL=0 DS   [-WA]
DS =0030 0000000000000000 ffffffff 00cf9300 DPL=0 DS   [-WA]
FS =0030 0000000000000000 ffffffff 00cf9300 DPL=0 DS   [-WA]
GS =0030 0000000000000000 ffffffff 00cf9300 DPL=0 DS   [-WA]
LDT=0000 0000000000000000 0000ffff 00008200 DPL=0 LDT
TR =0048 00000000075db058 00000067 00008900 DPL=0 TSS64-avl
GDT=     00000000075db000 00000057
IDT=     00000000070e8018 00000fff
CR0=80010033 CR2=0000000000000000 CR3=0000000007801000 CR4=00000668
DR0=0000000000000000 DR1=0000000000000000 DR2=0000000000000000 DR3=0000000000000000 
DR6=00000000ffff0ff0 DR7=0000000000000400
CCS=0000000000000000 CCD=00000000c0c43101 CCO=EFLAGS
EFER=0000000000000d00
Servicing hardware INT=0x20
   204: v=20 e=0000 i=0 cpl=0 IP=0038:0000000006cacc11 pc=0000000006cacc11 SP=0030:0000000007ee34b8 env->regs[R_EAX]=00000000c0c43101
RAX=00000000c0c43101 RBX=00000000070e7498 RCX=00000000070e7498 RDX=0000000000000000
RSI=0000000007f09980 RDI=44515fc33c8d294c RBP=0000000007ee3520 RSP=0000000007ee34b8
R8 =0000000007ee3620 R9 =00000000487490b0 R10=00000000b8d28942 R11=00000000907e1b3f
R12=0000000000000004 R13=0000000007f09880 R14=0000000000000010 R15=0000000007f09980
RIP=0000000006cacc11 RFL=00000202 [-------] CPL=0 II=0 A20=1 SMM=0 HLT=0
ES =0030 0000000000000000 ffffffff 00cf9300 DPL=0 DS   [-WA]
CS =0038 0000000000000000 ffffffff 00af9a00 DPL=0 CS64 [-R-]
SS =0030 0000000000000000 ffffffff 00cf9300 DPL=0 DS   [-WA]
DS =0030 0000000000000000 ffffffff 00cf9300 DPL=0 DS   [-WA]
FS =0030 0000000000000000 ffffffff 00cf9300 DPL=0 DS   [-WA]
GS =0030 0000000000000000 ffffffff 00cf9300 DPL=0 DS   [-WA]
LDT=0000 0000000000000000 0000ffff 00008200 DPL=0 LDT
TR =0048 00000000075db058 00000067 00008900 DPL=0 TSS64-avl
GDT=     00000000075db000 00000057
IDT=     00000000070e8018 00000fff
CR0=80010033 CR2=0000000000000000 CR3=0000000007801000 CR4=00000668
DR0=0000000000000000 DR1=0000000000000000 DR2=0000000000000000 DR3=0000000000000000 
DR6=00000000ffff0ff0 DR7=0000000000000400
CCS=0000000000000000 CCD=00000000c0c43101 CCO=EFLAGS
EFER=0000000000000d00
Servicing hardware INT=0x20
   205: v=20 e=0000 i=0 cpl=0 IP=0038:0000000006cacc11 pc=0000000006cacc11 SP=0030:0000000007ee34b8 env->regs[R_EAX]=00000000c0c43101
RAX=00000000c0c43101 RBX=00000000070e7498 RCX=00000000070e7498 RDX=0000000000000000
RSI=0000000007f09980 RDI=44515fc33c8d294c RBP=0000000007ee3520 RSP=0000000007ee34b8
R8 =0000000007ee3620 R9 =000000007ee27a3f R10=000000000150c29c R11=0000000049cd5651
R12=0000000000000004 R13=0000000007f09880 R14=0000000000000010 R15=0000000007f09980
RIP=0000000006cacc11 RFL=00000202 [-------] CPL=0 II=0 A20=1 SMM=0 HLT=0
ES =0030 0000000000000000 ffffffff 00cf9300 DPL=0 DS   [-WA]
CS =0038 0000000000000000 ffffffff 00af9a00 DPL=0 CS64 [-R-]
SS =0030 0000000000000000 ffffffff 00cf9300 DPL=0 DS   [-WA]
DS =0030 0000000000000000 ffffffff 00cf9300 DPL=0 DS   [-WA]
FS =0030 0000000000000000 ffffffff 00cf9300 DPL=0 DS   [-WA]
GS =0030 0000000000000000 ffffffff 00cf9300 DPL=0 DS   [-WA]
LDT=0000 0000000000000000 0000ffff 00008200 DPL=0 LDT
TR =0048 00000000075db058 00000067 00008900 DPL=0 TSS64-avl
GDT=     00000000075db000 00000057
IDT=     00000000070e8018 00000fff
CR0=80010033 CR2=0000000000000000 CR3=0000000007801000 CR4=00000668
DR0=0000000000000000 DR1=0000000000000000 DR2=0000000000000000 DR3=0000000000000000 
DR6=00000000ffff0ff0 DR7=0000000000000400
CCS=0000000000000000 CCD=00000000c0c43101 CCO=EFLAGS
EFER=0000000000000d00
Servicing hardware INT=0x20
   206: v=20 e=0000 i=0 cpl=0 IP=0038:0000000006cacc11 pc=0000000006cacc11 SP=0030:0000000007ee34b8 env->regs[R_EAX]=00000000c0c43101
RAX=00000000c0c43101 RBX=00000000070e7498 RCX=00000000070e7498 RDX=0000000000000000
RSI=0000000007f09980 RDI=44515fc33c8d294c RBP=0000000007ee3520 RSP=0000000007ee34b8
R8 =0000000007ee3620 R9 =000000007ee27a3f R10=000000000150c29c R11=0000000049cd5651
R12=0000000000000004 R13=0000000007f09880 R14=0000000000000010 R15=0000000007f09980
RIP=0000000006cacc11 RFL=00000202 [-------] CPL=0 II=0 A20=1 SMM=0 HLT=0
ES =0030 0000000000000000 ffffffff 00cf9300 DPL=0 DS   [-WA]
CS =0038 0000000000000000 ffffffff 00af9a00 DPL=0 CS64 [-R-]
SS =0030 0000000000000000 ffffffff 00cf9300 DPL=0 DS   [-WA]
DS =0030 0000000000000000 ffffffff 00cf9300 DPL=0 DS   [-WA]
FS =0030 0000000000000000 ffffffff 00cf9300 DPL=0 DS   [-WA]
GS =0030 0000000000000000 ffffffff 00cf9300 DPL=0 DS   [-WA]
LDT=0000 0000000000000000 0000ffff 00008200 DPL=0 LDT
TR =0048 00000000075db058 00000067 00008900 DPL=0 TSS64-avl
GDT=     00000000075db000 00000057
IDT=     00000000070e8018 00000fff
CR0=80010033 CR2=0000000000000000 CR3=0000000007801000 CR4=00000668
DR0=0000000000000000 DR1=0000000000000000 DR2=0000000000000000 DR3=0000000000000000 
DR6=00000000ffff0ff0 DR7=0000000000000400
CCS=0000000000000000 CCD=00000000c0c43101 CCO=EFLAGS
EFER=0000000000000d00
Servicing hardware INT=0x20
   207: v=20 e=0000 i=0 cpl=0 IP=0038:0000000006cacc11 pc=0000000006cacc11 SP=0030:0000000007ee34b8 env->regs[R_EAX]=00000000c0c43101
RAX=00000000c0c43101 RBX=00000000070e7498 RCX=00000000070e7498 RDX=0000000000000000
RSI=0000000007f09980 RDI=44515fc33c8d294c RBP=0000000007ee3520 RSP=0000000007ee34b8
R8 =0000000007ee3620 R9 =00000000b04d7434 R10=000000008ce96698 R11=0000000016642c17
R12=0000000000000004 R13=0000000007f09880 R14=0000000000000010 R15=0000000007f09980
RIP=0000000006cacc11 RFL=00000202 [-------] CPL=0 II=0 A20=1 SMM=0 HLT=0
ES =0030 0000000000000000 ffffffff 00cf9300 DPL=0 DS   [-WA]
CS =0038 0000000000000000 ffffffff 00af9a00 DPL=0 CS64 [-R-]
SS =0030 0000000000000000 ffffffff 00cf9300 DPL=0 DS   [-WA]
DS =0030 0000000000000000 ffffffff 00cf9300 DPL=0 DS   [-WA]
FS =0030 0000000000000000 ffffffff 00cf9300 DPL=0 DS   [-WA]
GS =0030 0000000000000000 ffffffff 00cf9300 DPL=0 DS   [-WA]
LDT=0000 0000000000000000 0000ffff 00008200 DPL=0 LDT
TR =0048 00000000075db058 00000067 00008900 DPL=0 TSS64-avl
GDT=     00000000075db000 00000057
IDT=     00000000070e8018 00000fff
CR0=80010033 CR2=0000000000000000 CR3=0000000007801000 CR4=00000668
DR0=0000000000000000 DR1=0000000000000000 DR2=0000000000000000 DR3=0000000000000000 
DR6=00000000ffff0ff0 DR7=0000000000000400
CCS=0000000000000000 CCD=00000000c0c43101 CCO=EFLAGS
EFER=0000000000000d00
Servicing hardware INT=0x20
   208: v=20 e=0000 i=0 cpl=0 IP=0038:0000000006cacc11 pc=0000000006cacc11 SP=0030:0000000007ee34b8 env->regs[R_EAX]=00000000c0c43101
RAX=00000000c0c43101 RBX=00000000070e7498 RCX=00000000070e7498 RDX=0000000000000000
RSI=0000000007f09980 RDI=44515fc33c8d294c RBP=0000000007ee3520 RSP=0000000007ee34b8
R8 =0000000007ee3620 R9 =00000000b04d7434 R10=000000008ce96698 R11=0000000016642c17
R12=0000000000000004 R13=0000000007f09880 R14=0000000000000010 R15=0000000007f09980
RIP=0000000006cacc11 RFL=00000202 [-------] CPL=0 II=0 A20=1 SMM=0 HLT=0
ES =0030 0000000000000000 ffffffff 00cf9300 DPL=0 DS   [-WA]
CS =0038 0000000000000000 ffffffff 00af9a00 DPL=0 CS64 [-R-]
SS =0030 0000000000000000 ffffffff 00cf9300 DPL=0 DS   [-WA]
DS =0030 0000000000000000 ffffffff 00cf9300 DPL=0 DS   [-WA]
FS =0030 0000000000000000 ffffffff 00cf9300 DPL=0 DS   [-WA]
GS =0030 0000000000000000 ffffffff 00cf9300 DPL=0 DS   [-WA]
LDT=0000 0000000000000000 0000ffff 00008200 DPL=0 LDT
TR =0048 00000000075db058 00000067 00008900 DPL=0 TSS64-avl
GDT=     00000000075db000 00000057
IDT=     00000000070e8018 00000fff
CR0=80010033 CR2=0000000000000000 CR3=0000000007801000 CR4=00000668
DR0=0000000000000000 DR1=0000000000000000 DR2=0000000000000000 DR3=0000000000000000 
DR6=00000000ffff0ff0 DR7=0000000000000400
CCS=0000000000000000 CCD=00000000c0c43101 CCO=EFLAGS
EFER=0000000000000d00
Servicing hardware INT=0x20
   209: v=20 e=0000 i=0 cpl=0 IP=0038:0000000006cacc11 pc=0000000006cacc11 SP=0030:0000000007ee34b8 env->regs[R_EAX]=00000000c0c43101
RAX=00000000c0c43101 RBX=00000000070e7498 RCX=00000000070e7498 RDX=0000000000000000
RSI=0000000007f09980 RDI=44515fc33c8d294c RBP=0000000007ee3520 RSP=0000000007ee34b8
R8 =0000000007ee3620 R9 =0000000056c59514 R10=00000000c7c96bb0 R11=00000000832017c4
R12=0000000000000004 R13=0000000007f09880 R14=0000000000000010 R15=0000000007f09980
RIP=0000000006cacc11 RFL=00000202 [-------] CPL=0 II=0 A20=1 SMM=0 HLT=0
ES =0030 0000000000000000 ffffffff 00cf9300 DPL=0 DS   [-WA]
CS =0038 0000000000000000 ffffffff 00af9a00 DPL=0 CS64 [-R-]
SS =0030 0000000000000000 ffffffff 00cf9300 DPL=0 DS   [-WA]
DS =0030 0000000000000000 ffffffff 00cf9300 DPL=0 DS   [-WA]
FS =0030 0000000000000000 ffffffff 00cf9300 DPL=0 DS   [-WA]
GS =0030 0000000000000000 ffffffff 00cf9300 DPL=0 DS   [-WA]
LDT=0000 0000000000000000 0000ffff 00008200 DPL=0 LDT
TR =0048 00000000075db058 00000067 00008900 DPL=0 TSS64-avl
GDT=     00000000075db000 00000057
IDT=     00000000070e8018 00000fff
CR0=80010033 CR2=0000000000000000 CR3=0000000007801000 CR4=00000668
DR0=0000000000000000 DR1=0000000000000000 DR2=0000000000000000 DR3=0000000000000000 
DR6=00000000ffff0ff0 DR7=0000000000000400
CCS=0000000000000000 CCD=00000000c0c43101 CCO=EFLAGS
EFER=0000000000000d00
Servicing hardware INT=0x20
   210: v=20 e=0000 i=0 cpl=0 IP=0038:0000000006cacc11 pc=0000000006cacc11 SP=0030:0000000007ee34b8 env->regs[R_EAX]=00000000c0c43101
RAX=00000000c0c43101 RBX=00000000070e7498 RCX=00000000070e7498 RDX=0000000000000000
RSI=0000000007f09980 RDI=44515fc33c8d294c RBP=0000000007ee3520 RSP=0000000007ee34b8
R8 =0000000007ee3620 R9 =0000000056c59514 R10=00000000c7c96bb0 R11=00000000832017c4
R12=0000000000000004 R13=0000000007f09880 R14=0000000000000010 R15=0000000007f09980
RIP=0000000006cacc11 RFL=00000202 [-------] CPL=0 II=0 A20=1 SMM=0 HLT=0
ES =0030 0000000000000000 ffffffff 00cf9300 DPL=0 DS   [-WA]
CS =0038 0000000000000000 ffffffff 00af9a00 DPL=0 CS64 [-R-]
SS =0030 0000000000000000 ffffffff 00cf9300 DPL=0 DS   [-WA]
DS =0030 0000000000000000 ffffffff 00cf9300 DPL=0 DS   [-WA]
FS =0030 0000000000000000 ffffffff 00cf9300 DPL=0 DS   [-WA]
GS =0030 0000000000000000 ffffffff 00cf9300 DPL=0 DS   [-WA]
LDT=0000 0000000000000000 0000ffff 00008200 DPL=0 LDT
TR =0048 00000000075db058 00000067 00008900 DPL=0 TSS64-avl
GDT=     00000000075db000 00000057
IDT=     00000000070e8018 00000fff
CR0=80010033 CR2=0000000000000000 CR3=0000000007801000 CR4=00000668
DR0=0000000000000000 DR1=0000000000000000 DR2=0000000000000000 DR3=0000000000000000 
DR6=00000000ffff0ff0 DR7=0000000000000400
CCS=0000000000000000 CCD=00000000c0c43101 CCO=EFLAGS
EFER=0000000000000d00
Servicing hardware INT=0x20
   211: v=20 e=0000 i=0 cpl=0 IP=0038:0000000006cacc11 pc=0000000006cacc11 SP=0030:0000000007ee34b8 env->regs[R_EAX]=00000000c0c43101
RAX=00000000c0c43101 RBX=00000000070e7498 RCX=00000000070e7498 RDX=0000000000000000
RSI=0000000007f09980 RDI=44515fc33c8d294c RBP=0000000007ee3520 RSP=0000000007ee34b8
R8 =0000000007ee3620 R9 =00000000311db9fe R10=00000000496e3337 R11=0000000095cb6a11
R12=0000000000000004 R13=0000000007f09880 R14=0000000000000010 R15=0000000007f09980
RIP=0000000006cacc11 RFL=00000202 [-------] CPL=0 II=0 A20=1 SMM=0 HLT=0
ES =0030 0000000000000000 ffffffff 00cf9300 DPL=0 DS   [-WA]
CS =0038 0000000000000000 ffffffff 00af9a00 DPL=0 CS64 [-R-]
SS =0030 0000000000000000 ffffffff 00cf9300 DPL=0 DS   [-WA]
DS =0030 0000000000000000 ffffffff 00cf9300 DPL=0 DS   [-WA]
FS =0030 0000000000000000 ffffffff 00cf9300 DPL=0 DS   [-WA]
GS =0030 0000000000000000 ffffffff 00cf9300 DPL=0 DS   [-WA]
LDT=0000 0000000000000000 0000ffff 00008200 DPL=0 LDT
TR =0048 00000000075db058 00000067 00008900 DPL=0 TSS64-avl
GDT=     00000000075db000 00000057
IDT=     00000000070e8018 00000fff
CR0=80010033 CR2=0000000000000000 CR3=0000000007801000 CR4=00000668
DR0=0000000000000000 DR1=0000000000000000 DR2=0000000000000000 DR3=0000000000000000 
DR6=00000000ffff0ff0 DR7=0000000000000400
CCS=0000000000000000 CCD=00000000c0c43101 CCO=EFLAGS
EFER=0000000000000d00
Servicing hardware INT=0x20
   212: v=20 e=0000 i=0 cpl=0 IP=0038:0000000006cacc11 pc=0000000006cacc11 SP=0030:0000000007ee34b8 env->regs[R_EAX]=00000000c0c43101
RAX=00000000c0c43101 RBX=00000000070e7498 RCX=00000000070e7498 RDX=0000000000000000
RSI=0000000007f09980 RDI=44515fc33c8d294c RBP=0000000007ee3520 RSP=0000000007ee34b8
R8 =0000000007ee3620 R9 =00000000311db9fe R10=00000000496e3337 R11=0000000095cb6a11
R12=0000000000000004 R13=0000000007f09880 R14=0000000000000010 R15=0000000007f09980
RIP=0000000006cacc11 RFL=00000202 [-------] CPL=0 II=0 A20=1 SMM=0 HLT=0
ES =0030 0000000000000000 ffffffff 00cf9300 DPL=0 DS   [-WA]
CS =0038 0000000000000000 ffffffff 00af9a00 DPL=0 CS64 [-R-]
SS =0030 0000000000000000 ffffffff 00cf9300 DPL=0 DS   [-WA]
DS =0030 0000000000000000 ffffffff 00cf9300 DPL=0 DS   [-WA]
FS =0030 0000000000000000 ffffffff 00cf9300 DPL=0 DS   [-WA]
GS =0030 0000000000000000 ffffffff 00cf9300 DPL=0 DS   [-WA]
LDT=0000 0000000000000000 0000ffff 00008200 DPL=0 LDT
TR =0048 00000000075db058 00000067 00008900 DPL=0 TSS64-avl
GDT=     00000000075db000 00000057
IDT=     00000000070e8018 00000fff
CR0=80010033 CR2=0000000000000000 CR3=0000000007801000 CR4=00000668
DR0=0000000000000000 DR1=0000000000000000 DR2=0000000000000000 DR3=0000000000000000 
DR6=00000000ffff0ff0 DR7=0000000000000400
CCS=0000000000000000 CCD=00000000c0c43101 CCO=EFLAGS
EFER=0000000000000d00
Servicing hardware INT=0x20
   213: v=20 e=0000 i=0 cpl=0 IP=0038:0000000006cacc11 pc=0000000006cacc11 SP=0030:0000000007ee34b8 env->regs[R_EAX]=00000000c0c43101
RAX=00000000c0c43101 RBX=00000000070e7498 RCX=00000000070e7498 RDX=0000000000000000
RSI=0000000007f09980 RDI=44515fc33c8d294c RBP=0000000007ee3520 RSP=0000000007ee34b8
R8 =0000000007ee3620 R9 =00000000a75b8a9d R10=0000000013c46b81 R11=00000000d9fff3fe
R12=0000000000000004 R13=0000000007f09880 R14=0000000000000010 R15=0000000007f09980
RIP=0000000006cacc11 RFL=00000202 [-------] CPL=0 II=0 A20=1 SMM=0 HLT=0
ES =0030 0000000000000000 ffffffff 00cf9300 DPL=0 DS   [-WA]
CS =0038 0000000000000000 ffffffff 00af9a00 DPL=0 CS64 [-R-]
SS =0030 0000000000000000 ffffffff 00cf9300 DPL=0 DS   [-WA]
DS =0030 0000000000000000 ffffffff 00cf9300 DPL=0 DS   [-WA]
FS =0030 0000000000000000 ffffffff 00cf9300 DPL=0 DS   [-WA]
GS =0030 0000000000000000 ffffffff 00cf9300 DPL=0 DS   [-WA]
LDT=0000 0000000000000000 0000ffff 00008200 DPL=0 LDT
TR =0048 00000000075db058 00000067 00008900 DPL=0 TSS64-avl
GDT=     00000000075db000 00000057
IDT=     00000000070e8018 00000fff
CR0=80010033 CR2=0000000000000000 CR3=0000000007801000 CR4=00000668
DR0=0000000000000000 DR1=0000000000000000 DR2=0000000000000000 DR3=0000000000000000 
DR6=00000000ffff0ff0 DR7=0000000000000400
CCS=0000000000000000 CCD=00000000c0c43101 CCO=EFLAGS
EFER=0000000000000d00
Servicing hardware INT=0x20
   214: v=20 e=0000 i=0 cpl=0 IP=0038:0000000006cacc11 pc=0000000006cacc11 SP=0030:0000000007ee34b8 env->regs[R_EAX]=00000000c0c43101
RAX=00000000c0c43101 RBX=00000000070e7498 RCX=00000000070e7498 RDX=0000000000000000
RSI=0000000007f09980 RDI=44515fc33c8d294c RBP=0000000007ee3520 RSP=0000000007ee34b8
R8 =0000000007ee3620 R9 =00000000a75b8a9d R10=0000000013c46b81 R11=00000000d9fff3fe
R12=0000000000000004 R13=0000000007f09880 R14=0000000000000010 R15=0000000007f09980
RIP=0000000006cacc11 RFL=00000202 [-------] CPL=0 II=0 A20=1 SMM=0 HLT=0
ES =0030 0000000000000000 ffffffff 00cf9300 DPL=0 DS   [-WA]
CS =0038 0000000000000000 ffffffff 00af9a00 DPL=0 CS64 [-R-]
SS =0030 0000000000000000 ffffffff 00cf9300 DPL=0 DS   [-WA]
DS =0030 0000000000000000 ffffffff 00cf9300 DPL=0 DS   [-WA]
FS =0030 0000000000000000 ffffffff 00cf9300 DPL=0 DS   [-WA]
GS =0030 0000000000000000 ffffffff 00cf9300 DPL=0 DS   [-WA]
LDT=0000 0000000000000000 0000ffff 00008200 DPL=0 LDT
TR =0048 00000000075db058 00000067 00008900 DPL=0 TSS64-avl
GDT=     00000000075db000 00000057
IDT=     00000000070e8018 00000fff
CR0=80010033 CR2=0000000000000000 CR3=0000000007801000 CR4=00000668
DR0=0000000000000000 DR1=0000000000000000 DR2=0000000000000000 DR3=0000000000000000 
DR6=00000000ffff0ff0 DR7=0000000000000400
CCS=0000000000000000 CCD=00000000c0c43101 CCO=EFLAGS
EFER=0000000000000d00
Servicing hardware INT=0x20
   215: v=20 e=0000 i=0 cpl=0 IP=0038:0000000006cacc11 pc=0000000006cacc11 SP=0030:0000000007ee34b8 env->regs[R_EAX]=00000000c0c43101
RAX=00000000c0c43101 RBX=00000000070e7498 RCX=00000000070e7498 RDX=0000000000000000
RSI=0000000007f09980 RDI=44515fc33c8d294c RBP=0000000007ee3520 RSP=0000000007ee34b8
R8 =0000000007ee3620 R9 =0000000088dac056 R10=0000000034f6b1bf R11=0000000059095a05
R12=0000000000000004 R13=0000000007f09880 R14=0000000000000010 R15=0000000007f09980
RIP=0000000006cacc11 RFL=00000202 [-------] CPL=0 II=0 A20=1 SMM=0 HLT=0
ES =0030 0000000000000000 ffffffff 00cf9300 DPL=0 DS   [-WA]
CS =0038 0000000000000000 ffffffff 00af9a00 DPL=0 CS64 [-R-]
SS =0030 0000000000000000 ffffffff 00cf9300 DPL=0 DS   [-WA]
DS =0030 0000000000000000 ffffffff 00cf9300 DPL=0 DS   [-WA]
FS =0030 0000000000000000 ffffffff 00cf9300 DPL=0 DS   [-WA]
GS =0030 0000000000000000 ffffffff 00cf9300 DPL=0 DS   [-WA]
LDT=0000 0000000000000000 0000ffff 00008200 DPL=0 LDT
TR =0048 00000000075db058 00000067 00008900 DPL=0 TSS64-avl
GDT=     00000000075db000 00000057
IDT=     00000000070e8018 00000fff
CR0=80010033 CR2=0000000000000000 CR3=0000000007801000 CR4=00000668
DR0=0000000000000000 DR1=0000000000000000 DR2=0000000000000000 DR3=0000000000000000 
DR6=00000000ffff0ff0 DR7=0000000000000400
CCS=0000000000000000 CCD=00000000c0c43101 CCO=EFLAGS
EFER=0000000000000d00
Servicing hardware INT=0x20
   216: v=20 e=0000 i=0 cpl=0 IP=0038:0000000006cacc11 pc=0000000006cacc11 SP=0030:0000000007ee34b8 env->regs[R_EAX]=00000000c0c43101
RAX=00000000c0c43101 RBX=00000000070e7498 RCX=00000000070e7498 RDX=0000000000000000
RSI=0000000007f09980 RDI=44515fc33c8d294c RBP=0000000007ee3520 RSP=0000000007ee34b8
R8 =0000000007ee3620 R9 =0000000088dac056 R10=0000000034f6b1bf R11=0000000059095a05
R12=0000000000000004 R13=0000000007f09880 R14=0000000000000010 R15=0000000007f09980
RIP=0000000006cacc11 RFL=00000202 [-------] CPL=0 II=0 A20=1 SMM=0 HLT=0
ES =0030 0000000000000000 ffffffff 00cf9300 DPL=0 DS   [-WA]
CS =0038 0000000000000000 ffffffff 00af9a00 DPL=0 CS64 [-R-]
SS =0030 0000000000000000 ffffffff 00cf9300 DPL=0 DS   [-WA]
DS =0030 0000000000000000 ffffffff 00cf9300 DPL=0 DS   [-WA]
FS =0030 0000000000000000 ffffffff 00cf9300 DPL=0 DS   [-WA]
GS =0030 0000000000000000 ffffffff 00cf9300 DPL=0 DS   [-WA]
LDT=0000 0000000000000000 0000ffff 00008200 DPL=0 LDT
TR =0048 00000000075db058 00000067 00008900 DPL=0 TSS64-avl
GDT=     00000000075db000 00000057
IDT=     00000000070e8018 00000fff
CR0=80010033 CR2=0000000000000000 CR3=0000000007801000 CR4=00000668
DR0=0000000000000000 DR1=0000000000000000 DR2=0000000000000000 DR3=0000000000000000 
DR6=00000000ffff0ff0 DR7=0000000000000400
CCS=0000000000000000 CCD=00000000c0c43101 CCO=EFLAGS
EFER=0000000000000d00
Servicing hardware INT=0x20
   217: v=20 e=0000 i=0 cpl=0 IP=0038:0000000006cacc11 pc=0000000006cacc11 SP=0030:0000000007ee34b8 env->regs[R_EAX]=00000000c0c43101
RAX=00000000c0c43101 RBX=00000000070e7498 RCX=00000000070e7498 RDX=0000000000000000
RSI=0000000007f09980 RDI=44515fc33c8d294c RBP=0000000007ee3520 RSP=0000000007ee34b8
R8 =0000000007ee3620 R9 =0000000065fefda3 R10=000000000dd40237 R11=00000000d7f45341
R12=0000000000000004 R13=0000000007f09880 R14=0000000000000010 R15=0000000007f09980
RIP=0000000006cacc11 RFL=00000202 [-------] CPL=0 II=0 A20=1 SMM=0 HLT=0
ES =0030 0000000000000000 ffffffff 00cf9300 DPL=0 DS   [-WA]
CS =0038 0000000000000000 ffffffff 00af9a00 DPL=0 CS64 [-R-]
SS =0030 0000000000000000 ffffffff 00cf9300 DPL=0 DS   [-WA]
DS =0030 0000000000000000 ffffffff 00cf9300 DPL=0 DS   [-WA]
FS =0030 0000000000000000 ffffffff 00cf9300 DPL=0 DS   [-WA]
GS =0030 0000000000000000 ffffffff 00cf9300 DPL=0 DS   [-WA]
LDT=0000 0000000000000000 0000ffff 00008200 DPL=0 LDT
TR =0048 00000000075db058 00000067 00008900 DPL=0 TSS64-avl
GDT=     00000000075db000 00000057
IDT=     00000000070e8018 00000fff
CR0=80010033 CR2=0000000000000000 CR3=0000000007801000 CR4=00000668
DR0=0000000000000000 DR1=0000000000000000 DR2=0000000000000000 DR3=0000000000000000 
DR6=00000000ffff0ff0 DR7=0000000000000400
CCS=0000000000000000 CCD=00000000c0c43101 CCO=EFLAGS
EFER=0000000000000d00
Servicing hardware INT=0x20
   218: v=20 e=0000 i=0 cpl=0 IP=0038:0000000006cacc11 pc=0000000006cacc11 SP=0030:0000000007ee34b8 env->regs[R_EAX]=00000000c0c43101
RAX=00000000c0c43101 RBX=00000000070e7498 RCX=00000000070e7498 RDX=0000000000000000
RSI=0000000007f09980 RDI=44515fc33c8d294c RBP=0000000007ee3520 RSP=0000000007ee34b8
R8 =0000000007ee3620 R9 =0000000065fefda3 R10=000000000dd40237 R11=00000000d7f45341
R12=0000000000000004 R13=0000000007f09880 R14=0000000000000010 R15=0000000007f09980
RIP=0000000006cacc11 RFL=00000202 [-------] CPL=0 II=0 A20=1 SMM=0 HLT=0
ES =0030 0000000000000000 ffffffff 00cf9300 DPL=0 DS   [-WA]
CS =0038 0000000000000000 ffffffff 00af9a00 DPL=0 CS64 [-R-]
SS =0030 0000000000000000 ffffffff 00cf9300 DPL=0 DS   [-WA]
DS =0030 0000000000000000 ffffffff 00cf9300 DPL=0 DS   [-WA]
FS =0030 0000000000000000 ffffffff 00cf9300 DPL=0 DS   [-WA]
GS =0030 0000000000000000 ffffffff 00cf9300 DPL=0 DS   [-WA]
LDT=0000 0000000000000000 0000ffff 00008200 DPL=0 LDT
TR =0048 00000000075db058 00000067 00008900 DPL=0 TSS64-avl
GDT=     00000000075db000 00000057
IDT=     00000000070e8018 00000fff
CR0=80010033 CR2=0000000000000000 CR3=0000000007801000 CR4=00000668
DR0=0000000000000000 DR1=0000000000000000 DR2=0000000000000000 DR3=0000000000000000 
DR6=00000000ffff0ff0 DR7=0000000000000400
CCS=0000000000000000 CCD=00000000c0c43101 CCO=EFLAGS
EFER=0000000000000d00
Servicing hardware INT=0x20
   219: v=20 e=0000 i=0 cpl=0 IP=0038:0000000006cacc11 pc=0000000006cacc11 SP=0030:0000000007ee34b8 env->regs[R_EAX]=00000000c0c43101
RAX=00000000c0c43101 RBX=00000000070e7498 RCX=00000000070e7498 RDX=0000000000000000
RSI=0000000007f09980 RDI=44515fc33c8d294c RBP=0000000007ee3520 RSP=0000000007ee34b8
R8 =0000000007ee3620 R9 =0000000054492e2b R10=000000001662931f R11=0000000087b1860e
R12=0000000000000004 R13=0000000007f09880 R14=0000000000000010 R15=0000000007f09980
RIP=0000000006cacc11 RFL=00000202 [-------] CPL=0 II=0 A20=1 SMM=0 HLT=0
ES =0030 0000000000000000 ffffffff 00cf9300 DPL=0 DS   [-WA]
CS =0038 0000000000000000 ffffffff 00af9a00 DPL=0 CS64 [-R-]
SS =0030 0000000000000000 ffffffff 00cf9300 DPL=0 DS   [-WA]
DS =0030 0000000000000000 ffffffff 00cf9300 DPL=0 DS   [-WA]
FS =0030 0000000000000000 ffffffff 00cf9300 DPL=0 DS   [-WA]
GS =0030 0000000000000000 ffffffff 00cf9300 DPL=0 DS   [-WA]
LDT=0000 0000000000000000 0000ffff 00008200 DPL=0 LDT
TR =0048 00000000075db058 00000067 00008900 DPL=0 TSS64-avl
GDT=     00000000075db000 00000057
IDT=     00000000070e8018 00000fff
CR0=80010033 CR2=0000000000000000 CR3=0000000007801000 CR4=00000668
DR0=0000000000000000 DR1=0000000000000000 DR2=0000000000000000 DR3=0000000000000000 
DR6=00000000ffff0ff0 DR7=0000000000000400
CCS=0000000000000000 CCD=00000000c0c43101 CCO=EFLAGS
EFER=0000000000000d00
Servicing hardware INT=0x20
   220: v=20 e=0000 i=0 cpl=0 IP=0038:0000000006cacc11 pc=0000000006cacc11 SP=0030:0000000007ee34b8 env->regs[R_EAX]=00000000c0c43101
RAX=00000000c0c43101 RBX=00000000070e7498 RCX=00000000070e7498 RDX=0000000000000000
RSI=0000000007f09980 RDI=44515fc33c8d294c RBP=0000000007ee3520 RSP=0000000007ee34b8
R8 =0000000007ee3620 R9 =0000000054492e2b R10=000000001662931f R11=0000000087b1860e
R12=0000000000000004 R13=0000000007f09880 R14=0000000000000010 R15=0000000007f09980
RIP=0000000006cacc11 RFL=00000202 [-------] CPL=0 II=0 A20=1 SMM=0 HLT=0
ES =0030 0000000000000000 ffffffff 00cf9300 DPL=0 DS   [-WA]
CS =0038 0000000000000000 ffffffff 00af9a00 DPL=0 CS64 [-R-]
SS =0030 0000000000000000 ffffffff 00cf9300 DPL=0 DS   [-WA]
DS =0030 0000000000000000 ffffffff 00cf9300 DPL=0 DS   [-WA]
FS =0030 0000000000000000 ffffffff 00cf9300 DPL=0 DS   [-WA]
GS =0030 0000000000000000 ffffffff 00cf9300 DPL=0 DS   [-WA]
LDT=0000 0000000000000000 0000ffff 00008200 DPL=0 LDT
TR =0048 00000000075db058 00000067 00008900 DPL=0 TSS64-avl
GDT=     00000000075db000 00000057
IDT=     00000000070e8018 00000fff
CR0=80010033 CR2=0000000000000000 CR3=0000000007801000 CR4=00000668
DR0=0000000000000000 DR1=0000000000000000 DR2=0000000000000000 DR3=0000000000000000 
DR6=00000000ffff0ff0 DR7=0000000000000400
CCS=0000000000000000 CCD=00000000c0c43101 CCO=EFLAGS
EFER=0000000000000d00
Servicing hardware INT=0x20
   221: v=20 e=0000 i=0 cpl=0 IP=0038:0000000006cacc11 pc=0000000006cacc11 SP=0030:0000000007ee34b8 env->regs[R_EAX]=00000000c0c43101
RAX=00000000c0c43101 RBX=00000000070e7498 RCX=00000000070e7498 RDX=0000000000000000
RSI=0000000007f09980 RDI=44515fc33c8d294c RBP=0000000007ee3520 RSP=0000000007ee34b8
R8 =0000000007ee3620 R9 =00000000669f3060 R10=00000000dc6433dc R11=000000003c932e24
R12=0000000000000004 R13=0000000007f09880 R14=0000000000000010 R15=0000000007f09980
RIP=0000000006cacc11 RFL=00000202 [-------] CPL=0 II=0 A20=1 SMM=0 HLT=0
ES =0030 0000000000000000 ffffffff 00cf9300 DPL=0 DS   [-WA]
CS =0038 0000000000000000 ffffffff 00af9a00 DPL=0 CS64 [-R-]
SS =0030 0000000000000000 ffffffff 00cf9300 DPL=0 DS   [-WA]
DS =0030 0000000000000000 ffffffff 00cf9300 DPL=0 DS   [-WA]
FS =0030 0000000000000000 ffffffff 00cf9300 DPL=0 DS   [-WA]
GS =0030 0000000000000000 ffffffff 00cf9300 DPL=0 DS   [-WA]
LDT=0000 0000000000000000 0000ffff 00008200 DPL=0 LDT
TR =0048 00000000075db058 00000067 00008900 DPL=0 TSS64-avl
GDT=     00000000075db000 00000057
IDT=     00000000070e8018 00000fff
CR0=80010033 CR2=0000000000000000 CR3=0000000007801000 CR4=00000668
DR0=0000000000000000 DR1=0000000000000000 DR2=0000000000000000 DR3=0000000000000000 
DR6=00000000ffff0ff0 DR7=0000000000000400
CCS=0000000000000000 CCD=00000000c0c43101 CCO=EFLAGS
EFER=0000000000000d00
Servicing hardware INT=0x20
   222: v=20 e=0000 i=0 cpl=0 IP=0038:0000000006cacc11 pc=0000000006cacc11 SP=0030:0000000007ee34b8 env->regs[R_EAX]=00000000c0c43101
RAX=00000000c0c43101 RBX=00000000070e7498 RCX=00000000070e7498 RDX=0000000000000000
RSI=0000000007f09980 RDI=44515fc33c8d294c RBP=0000000007ee3520 RSP=0000000007ee34b8
R8 =0000000007ee3620 R9 =00000000669f3060 R10=00000000dc6433dc R11=000000003c932e24
R12=0000000000000004 R13=0000000007f09880 R14=0000000000000010 R15=0000000007f09980
RIP=0000000006cacc11 RFL=00000202 [-------] CPL=0 II=0 A20=1 SMM=0 HLT=0
ES =0030 0000000000000000 ffffffff 00cf9300 DPL=0 DS   [-WA]
CS =0038 0000000000000000 ffffffff 00af9a00 DPL=0 CS64 [-R-]
SS =0030 0000000000000000 ffffffff 00cf9300 DPL=0 DS   [-WA]
DS =0030 0000000000000000 ffffffff 00cf9300 DPL=0 DS   [-WA]
FS =0030 0000000000000000 ffffffff 00cf9300 DPL=0 DS   [-WA]
GS =0030 0000000000000000 ffffffff 00cf9300 DPL=0 DS   [-WA]
LDT=0000 0000000000000000 0000ffff 00008200 DPL=0 LDT
TR =0048 00000000075db058 00000067 00008900 DPL=0 TSS64-avl
GDT=     00000000075db000 00000057
IDT=     00000000070e8018 00000fff
CR0=80010033 CR2=0000000000000000 CR3=0000000007801000 CR4=00000668
DR0=0000000000000000 DR1=0000000000000000 DR2=0000000000000000 DR3=0000000000000000 
DR6=00000000ffff0ff0 DR7=0000000000000400
CCS=0000000000000000 CCD=00000000c0c43101 CCO=EFLAGS
EFER=0000000000000d00
Servicing hardware INT=0x20
   223: v=20 e=0000 i=0 cpl=0 IP=0038:0000000006cacc11 pc=0000000006cacc11 SP=0030:0000000007ee34b8 env->regs[R_EAX]=00000000c0c43101
RAX=00000000c0c43101 RBX=00000000070e7498 RCX=00000000070e7498 RDX=0000000000000000
RSI=0000000007f09980 RDI=44515fc33c8d294c RBP=0000000007ee3520 RSP=0000000007ee34b8
R8 =0000000007ee3620 R9 =00000000cdc1b194 R10=00000000817b4b82 R11=00000000fbc4b5b8
R12=0000000000000004 R13=0000000007f09880 R14=0000000000000010 R15=0000000007f09980
RIP=0000000006cacc11 RFL=00000202 [-------] CPL=0 II=0 A20=1 SMM=0 HLT=0
ES =0030 0000000000000000 ffffffff 00cf9300 DPL=0 DS   [-WA]
CS =0038 0000000000000000 ffffffff 00af9a00 DPL=0 CS64 [-R-]
SS =0030 0000000000000000 ffffffff 00cf9300 DPL=0 DS   [-WA]
DS =0030 0000000000000000 ffffffff 00cf9300 DPL=0 DS   [-WA]
FS =0030 0000000000000000 ffffffff 00cf9300 DPL=0 DS   [-WA]
GS =0030 0000000000000000 ffffffff 00cf9300 DPL=0 DS   [-WA]
LDT=0000 0000000000000000 0000ffff 00008200 DPL=0 LDT
TR =0048 00000000075db058 00000067 00008900 DPL=0 TSS64-avl
GDT=     00000000075db000 00000057
IDT=     00000000070e8018 00000fff
CR0=80010033 CR2=0000000000000000 CR3=0000000007801000 CR4=00000668
DR0=0000000000000000 DR1=0000000000000000 DR2=0000000000000000 DR3=0000000000000000 
DR6=00000000ffff0ff0 DR7=0000000000000400
CCS=0000000000000000 CCD=00000000c0c43101 CCO=EFLAGS
EFER=0000000000000d00
Servicing hardware INT=0x20
   224: v=20 e=0000 i=0 cpl=0 IP=0038:0000000006cacc11 pc=0000000006cacc11 SP=0030:0000000007ee34b8 env->regs[R_EAX]=00000000c0c43101
RAX=00000000c0c43101 RBX=00000000070e7498 RCX=00000000070e7498 RDX=0000000000000000
RSI=0000000007f09980 RDI=44515fc33c8d294c RBP=0000000007ee3520 RSP=0000000007ee34b8
R8 =0000000007ee3620 R9 =00000000cdc1b194 R10=00000000817b4b82 R11=00000000fbc4b5b8
R12=0000000000000004 R13=0000000007f09880 R14=0000000000000010 R15=0000000007f09980
RIP=0000000006cacc11 RFL=00000202 [-------] CPL=0 II=0 A20=1 SMM=0 HLT=0
ES =0030 0000000000000000 ffffffff 00cf9300 DPL=0 DS   [-WA]
CS =0038 0000000000000000 ffffffff 00af9a00 DPL=0 CS64 [-R-]
SS =0030 0000000000000000 ffffffff 00cf9300 DPL=0 DS   [-WA]
DS =0030 0000000000000000 ffffffff 00cf9300 DPL=0 DS   [-WA]
FS =0030 0000000000000000 ffffffff 00cf9300 DPL=0 DS   [-WA]
GS =0030 0000000000000000 ffffffff 00cf9300 DPL=0 DS   [-WA]
LDT=0000 0000000000000000 0000ffff 00008200 DPL=0 LDT
TR =0048 00000000075db058 00000067 00008900 DPL=0 TSS64-avl
GDT=     00000000075db000 00000057
IDT=     00000000070e8018 00000fff
CR0=80010033 CR2=0000000000000000 CR3=0000000007801000 CR4=00000668
DR0=0000000000000000 DR1=0000000000000000 DR2=0000000000000000 DR3=0000000000000000 
DR6=00000000ffff0ff0 DR7=0000000000000400
CCS=0000000000000000 CCD=00000000c0c43101 CCO=EFLAGS
EFER=0000000000000d00
Servicing hardware INT=0x20
   225: v=20 e=0000 i=0 cpl=0 IP=0038:0000000006cacc11 pc=0000000006cacc11 SP=0030:0000000007ee34b8 env->regs[R_EAX]=00000000c0c43101
RAX=00000000c0c43101 RBX=00000000070e7498 RCX=00000000070e7498 RDX=0000000000000000
RSI=0000000007f09980 RDI=44515fc33c8d294c RBP=0000000007ee3520 RSP=0000000007ee34b8
R8 =0000000007ee3620 R9 =000000004e64b6c9 R10=00000000907bdaf9 R11=00000000b8104c6e
R12=0000000000000004 R13=0000000007f09880 R14=0000000000000010 R15=0000000007f09980
RIP=0000000006cacc11 RFL=00000202 [-------] CPL=0 II=0 A20=1 SMM=0 HLT=0
ES =0030 0000000000000000 ffffffff 00cf9300 DPL=0 DS   [-WA]
CS =0038 0000000000000000 ffffffff 00af9a00 DPL=0 CS64 [-R-]
SS =0030 0000000000000000 ffffffff 00cf9300 DPL=0 DS   [-WA]
DS =0030 0000000000000000 ffffffff 00cf9300 DPL=0 DS   [-WA]
FS =0030 0000000000000000 ffffffff 00cf9300 DPL=0 DS   [-WA]
GS =0030 0000000000000000 ffffffff 00cf9300 DPL=0 DS   [-WA]
LDT=0000 0000000000000000 0000ffff 00008200 DPL=0 LDT
TR =0048 00000000075db058 00000067 00008900 DPL=0 TSS64-avl
GDT=     00000000075db000 00000057
IDT=     00000000070e8018 00000fff
CR0=80010033 CR2=0000000000000000 CR3=0000000007801000 CR4=00000668
DR0=0000000000000000 DR1=0000000000000000 DR2=0000000000000000 DR3=0000000000000000 
DR6=00000000ffff0ff0 DR7=0000000000000400
CCS=0000000000000000 CCD=00000000c0c43101 CCO=EFLAGS
EFER=0000000000000d00
Servicing hardware INT=0x20
   226: v=20 e=0000 i=0 cpl=0 IP=0038:0000000006cacc11 pc=0000000006cacc11 SP=0030:0000000007ee34b8 env->regs[R_EAX]=00000000c0c43101
RAX=00000000c0c43101 RBX=00000000070e7498 RCX=00000000070e7498 RDX=0000000000000000
RSI=0000000007f09980 RDI=44515fc33c8d294c RBP=0000000007ee3520 RSP=0000000007ee34b8
R8 =0000000007ee3620 R9 =000000004e64b6c9 R10=00000000907bdaf9 R11=00000000b8104c6e
R12=0000000000000004 R13=0000000007f09880 R14=0000000000000010 R15=0000000007f09980
RIP=0000000006cacc11 RFL=00000202 [-------] CPL=0 II=0 A20=1 SMM=0 HLT=0
ES =0030 0000000000000000 ffffffff 00cf9300 DPL=0 DS   [-WA]
CS =0038 0000000000000000 ffffffff 00af9a00 DPL=0 CS64 [-R-]
SS =0030 0000000000000000 ffffffff 00cf9300 DPL=0 DS   [-WA]
DS =0030 0000000000000000 ffffffff 00cf9300 DPL=0 DS   [-WA]
FS =0030 0000000000000000 ffffffff 00cf9300 DPL=0 DS   [-WA]
GS =0030 0000000000000000 ffffffff 00cf9300 DPL=0 DS   [-WA]
LDT=0000 0000000000000000 0000ffff 00008200 DPL=0 LDT
TR =0048 00000000075db058 00000067 00008900 DPL=0 TSS64-avl
GDT=     00000000075db000 00000057
IDT=     00000000070e8018 00000fff
CR0=80010033 CR2=0000000000000000 CR3=0000000007801000 CR4=00000668
DR0=0000000000000000 DR1=0000000000000000 DR2=0000000000000000 DR3=0000000000000000 
DR6=00000000ffff0ff0 DR7=0000000000000400
CCS=0000000000000000 CCD=00000000c0c43101 CCO=EFLAGS
EFER=0000000000000d00
Servicing hardware INT=0x20
   227: v=20 e=0000 i=0 cpl=0 IP=0038:0000000006cacc11 pc=0000000006cacc11 SP=0030:0000000007ee34b8 env->regs[R_EAX]=00000000c0c43101
RAX=00000000c0c43101 RBX=00000000070e7498 RCX=00000000070e7498 RDX=0000000000000000
RSI=0000000007f09980 RDI=44515fc33c8d294c RBP=0000000007ee3520 RSP=0000000007ee34b8
R8 =0000000007ee3620 R9 =0000000072023663 R10=000000004cdb3c1f R11=0000000099415dd5
R12=0000000000000004 R13=0000000007f09880 R14=0000000000000010 R15=0000000007f09980
RIP=0000000006cacc11 RFL=00000202 [-------] CPL=0 II=0 A20=1 SMM=0 HLT=0
ES =0030 0000000000000000 ffffffff 00cf9300 DPL=0 DS   [-WA]
CS =0038 0000000000000000 ffffffff 00af9a00 DPL=0 CS64 [-R-]
SS =0030 0000000000000000 ffffffff 00cf9300 DPL=0 DS   [-WA]
DS =0030 0000000000000000 ffffffff 00cf9300 DPL=0 DS   [-WA]
FS =0030 0000000000000000 ffffffff 00cf9300 DPL=0 DS   [-WA]
GS =0030 0000000000000000 ffffffff 00cf9300 DPL=0 DS   [-WA]
LDT=0000 0000000000000000 0000ffff 00008200 DPL=0 LDT
TR =0048 00000000075db058 00000067 00008900 DPL=0 TSS64-avl
GDT=     00000000075db000 00000057
IDT=     00000000070e8018 00000fff
CR0=80010033 CR2=0000000000000000 CR3=0000000007801000 CR4=00000668
DR0=0000000000000000 DR1=0000000000000000 DR2=0000000000000000 DR3=0000000000000000 
DR6=00000000ffff0ff0 DR7=0000000000000400
CCS=0000000000000000 CCD=00000000c0c43101 CCO=EFLAGS
EFER=0000000000000d00
Servicing hardware INT=0x20
   228: v=20 e=0000 i=0 cpl=0 IP=0038:0000000006cacc11 pc=0000000006cacc11 SP=0030:0000000007ee34b8 env->regs[R_EAX]=00000000c0c43101
RAX=00000000c0c43101 RBX=00000000070e7498 RCX=00000000070e7498 RDX=0000000000000000
RSI=0000000007f09980 RDI=44515fc33c8d294c RBP=0000000007ee3520 RSP=0000000007ee34b8
R8 =0000000007ee3620 R9 =0000000072023663 R10=000000004cdb3c1f R11=0000000099415dd5
R12=0000000000000004 R13=0000000007f09880 R14=0000000000000010 R15=0000000007f09980
RIP=0000000006cacc11 RFL=00000202 [-------] CPL=0 II=0 A20=1 SMM=0 HLT=0
ES =0030 0000000000000000 ffffffff 00cf9300 DPL=0 DS   [-WA]
CS =0038 0000000000000000 ffffffff 00af9a00 DPL=0 CS64 [-R-]
SS =0030 0000000000000000 ffffffff 00cf9300 DPL=0 DS   [-WA]
DS =0030 0000000000000000 ffffffff 00cf9300 DPL=0 DS   [-WA]
FS =0030 0000000000000000 ffffffff 00cf9300 DPL=0 DS   [-WA]
GS =0030 0000000000000000 ffffffff 00cf9300 DPL=0 DS   [-WA]
LDT=0000 0000000000000000 0000ffff 00008200 DPL=0 LDT
TR =0048 00000000075db058 00000067 00008900 DPL=0 TSS64-avl
GDT=     00000000075db000 00000057
IDT=     00000000070e8018 00000fff
CR0=80010033 CR2=0000000000000000 CR3=0000000007801000 CR4=00000668
DR0=0000000000000000 DR1=0000000000000000 DR2=0000000000000000 DR3=0000000000000000 
DR6=00000000ffff0ff0 DR7=0000000000000400
CCS=0000000000000000 CCD=00000000c0c43101 CCO=EFLAGS
EFER=0000000000000d00
Servicing hardware INT=0x20
   229: v=20 e=0000 i=0 cpl=0 IP=0038:0000000006cacc11 pc=0000000006cacc11 SP=0030:0000000007ee34b8 env->regs[R_EAX]=00000000c0c43101
RAX=00000000c0c43101 RBX=00000000070e7498 RCX=00000000070e7498 RDX=0000000000000000
RSI=0000000007f09980 RDI=44515fc33c8d294c RBP=0000000007ee3520 RSP=0000000007ee34b8
R8 =0000000007ee3620 R9 =00000000b58154d2 R10=0000000022419b08 R11=00000000f9b8c588
R12=0000000000000004 R13=0000000007f09880 R14=0000000000000010 R15=0000000007f09980
RIP=0000000006cacc11 RFL=00000202 [-------] CPL=0 II=0 A20=1 SMM=0 HLT=0
ES =0030 0000000000000000 ffffffff 00cf9300 DPL=0 DS   [-WA]
CS =0038 0000000000000000 ffffffff 00af9a00 DPL=0 CS64 [-R-]
SS =0030 0000000000000000 ffffffff 00cf9300 DPL=0 DS   [-WA]
DS =0030 0000000000000000 ffffffff 00cf9300 DPL=0 DS   [-WA]
FS =0030 0000000000000000 ffffffff 00cf9300 DPL=0 DS   [-WA]
GS =0030 0000000000000000 ffffffff 00cf9300 DPL=0 DS   [-WA]
LDT=0000 0000000000000000 0000ffff 00008200 DPL=0 LDT
TR =0048 00000000075db058 00000067 00008900 DPL=0 TSS64-avl
GDT=     00000000075db000 00000057
IDT=     00000000070e8018 00000fff
CR0=80010033 CR2=0000000000000000 CR3=0000000007801000 CR4=00000668
DR0=0000000000000000 DR1=0000000000000000 DR2=0000000000000000 DR3=0000000000000000 
DR6=00000000ffff0ff0 DR7=0000000000000400
CCS=0000000000000000 CCD=00000000c0c43101 CCO=EFLAGS
EFER=0000000000000d00
Servicing hardware INT=0x20
   230: v=20 e=0000 i=0 cpl=0 IP=0038:0000000006cacc11 pc=0000000006cacc11 SP=0030:0000000007ee34b8 env->regs[R_EAX]=00000000c0c43101
RAX=00000000c0c43101 RBX=00000000070e7498 RCX=00000000070e7498 RDX=0000000000000000
RSI=0000000007f09980 RDI=44515fc33c8d294c RBP=0000000007ee3520 RSP=0000000007ee34b8
R8 =0000000007ee3620 R9 =00000000b58154d2 R10=0000000022419b08 R11=00000000f9b8c588
R12=0000000000000004 R13=0000000007f09880 R14=0000000000000010 R15=0000000007f09980
RIP=0000000006cacc11 RFL=00000202 [-------] CPL=0 II=0 A20=1 SMM=0 HLT=0
ES =0030 0000000000000000 ffffffff 00cf9300 DPL=0 DS   [-WA]
CS =0038 0000000000000000 ffffffff 00af9a00 DPL=0 CS64 [-R-]
SS =0030 0000000000000000 ffffffff 00cf9300 DPL=0 DS   [-WA]
DS =0030 0000000000000000 ffffffff 00cf9300 DPL=0 DS   [-WA]
FS =0030 0000000000000000 ffffffff 00cf9300 DPL=0 DS   [-WA]
GS =0030 0000000000000000 ffffffff 00cf9300 DPL=0 DS   [-WA]
LDT=0000 0000000000000000 0000ffff 00008200 DPL=0 LDT
TR =0048 00000000075db058 00000067 00008900 DPL=0 TSS64-avl
GDT=     00000000075db000 00000057
IDT=     00000000070e8018 00000fff
CR0=80010033 CR2=0000000000000000 CR3=0000000007801000 CR4=00000668
DR0=0000000000000000 DR1=0000000000000000 DR2=0000000000000000 DR3=0000000000000000 
DR6=00000000ffff0ff0 DR7=0000000000000400
CCS=0000000000000000 CCD=00000000c0c43101 CCO=EFLAGS
EFER=0000000000000d00
Servicing hardware INT=0x20
   231: v=20 e=0000 i=0 cpl=0 IP=0038:0000000006cacc11 pc=0000000006cacc11 SP=0030:0000000007ee34b8 env->regs[R_EAX]=00000000c0c43101
RAX=00000000c0c43101 RBX=00000000070e7498 RCX=00000000070e7498 RDX=0000000000000000
RSI=0000000007f09980 RDI=44515fc33c8d294c RBP=0000000007ee3520 RSP=0000000007ee34b8
R8 =0000000007ee3620 R9 =0000000057c5250c R10=000000008bd26d25 R11=000000001e2b2546
R12=0000000000000004 R13=0000000007f09880 R14=0000000000000010 R15=0000000007f09980
RIP=0000000006cacc11 RFL=00000202 [-------] CPL=0 II=0 A20=1 SMM=0 HLT=0
ES =0030 0000000000000000 ffffffff 00cf9300 DPL=0 DS   [-WA]
CS =0038 0000000000000000 ffffffff 00af9a00 DPL=0 CS64 [-R-]
SS =0030 0000000000000000 ffffffff 00cf9300 DPL=0 DS   [-WA]
DS =0030 0000000000000000 ffffffff 00cf9300 DPL=0 DS   [-WA]
FS =0030 0000000000000000 ffffffff 00cf9300 DPL=0 DS   [-WA]
GS =0030 0000000000000000 ffffffff 00cf9300 DPL=0 DS   [-WA]
LDT=0000 0000000000000000 0000ffff 00008200 DPL=0 LDT
TR =0048 00000000075db058 00000067 00008900 DPL=0 TSS64-avl
GDT=     00000000075db000 00000057
IDT=     00000000070e8018 00000fff
CR0=80010033 CR2=0000000000000000 CR3=0000000007801000 CR4=00000668
DR0=0000000000000000 DR1=0000000000000000 DR2=0000000000000000 DR3=0000000000000000 
DR6=00000000ffff0ff0 DR7=0000000000000400
CCS=0000000000000000 CCD=00000000c0c43101 CCO=EFLAGS
EFER=0000000000000d00
Servicing hardware INT=0x20
   232: v=20 e=0000 i=0 cpl=0 IP=0038:0000000006cacc11 pc=0000000006cacc11 SP=0030:0000000007ee34b8 env->regs[R_EAX]=00000000c0c43101
RAX=00000000c0c43101 RBX=00000000070e7498 RCX=00000000070e7498 RDX=0000000000000000
RSI=0000000007f09980 RDI=44515fc33c8d294c RBP=0000000007ee3520 RSP=0000000007ee34b8
R8 =0000000007ee3620 R9 =0000000057c5250c R10=000000008bd26d25 R11=000000001e2b2546
R12=0000000000000004 R13=0000000007f09880 R14=0000000000000010 R15=0000000007f09980
RIP=0000000006cacc11 RFL=00000202 [-------] CPL=0 II=0 A20=1 SMM=0 HLT=0
ES =0030 0000000000000000 ffffffff 00cf9300 DPL=0 DS   [-WA]
CS =0038 0000000000000000 ffffffff 00af9a00 DPL=0 CS64 [-R-]
SS =0030 0000000000000000 ffffffff 00cf9300 DPL=0 DS   [-WA]
DS =0030 0000000000000000 ffffffff 00cf9300 DPL=0 DS   [-WA]
FS =0030 0000000000000000 ffffffff 00cf9300 DPL=0 DS   [-WA]
GS =0030 0000000000000000 ffffffff 00cf9300 DPL=0 DS   [-WA]
LDT=0000 0000000000000000 0000ffff 00008200 DPL=0 LDT
TR =0048 00000000075db058 00000067 00008900 DPL=0 TSS64-avl
GDT=     00000000075db000 00000057
IDT=     00000000070e8018 00000fff
CR0=80010033 CR2=0000000000000000 CR3=0000000007801000 CR4=00000668
DR0=0000000000000000 DR1=0000000000000000 DR2=0000000000000000 DR3=0000000000000000 
DR6=00000000ffff0ff0 DR7=0000000000000400
CCS=0000000000000000 CCD=00000000c0c43101 CCO=EFLAGS
EFER=0000000000000d00
Servicing hardware INT=0x20
   233: v=20 e=0000 i=0 cpl=0 IP=0038:0000000006cacc11 pc=0000000006cacc11 SP=0030:0000000007ee34b8 env->regs[R_EAX]=00000000c0c43101
RAX=00000000c0c43101 RBX=00000000070e7498 RCX=00000000070e7498 RDX=0000000000000000
RSI=0000000007f09980 RDI=44515fc33c8d294c RBP=0000000007ee3520 RSP=0000000007ee34b8
R8 =0000000007ee3620 R9 =000000002502a10b R10=00000000639a02b9 R11=00000000c8b8799c
R12=0000000000000004 R13=0000000007f09880 R14=0000000000000010 R15=0000000007f09980
RIP=0000000006cacc11 RFL=00000202 [-------] CPL=0 II=0 A20=1 SMM=0 HLT=0
ES =0030 0000000000000000 ffffffff 00cf9300 DPL=0 DS   [-WA]
CS =0038 0000000000000000 ffffffff 00af9a00 DPL=0 CS64 [-R-]
SS =0030 0000000000000000 ffffffff 00cf9300 DPL=0 DS   [-WA]
DS =0030 0000000000000000 ffffffff 00cf9300 DPL=0 DS   [-WA]
FS =0030 0000000000000000 ffffffff 00cf9300 DPL=0 DS   [-WA]
GS =0030 0000000000000000 ffffffff 00cf9300 DPL=0 DS   [-WA]
LDT=0000 0000000000000000 0000ffff 00008200 DPL=0 LDT
TR =0048 00000000075db058 00000067 00008900 DPL=0 TSS64-avl
GDT=     00000000075db000 00000057
IDT=     00000000070e8018 00000fff
CR0=80010033 CR2=0000000000000000 CR3=0000000007801000 CR4=00000668
DR0=0000000000000000 DR1=0000000000000000 DR2=0000000000000000 DR3=0000000000000000 
DR6=00000000ffff0ff0 DR7=0000000000000400
CCS=0000000000000000 CCD=00000000c0c43101 CCO=EFLAGS
EFER=0000000000000d00
Servicing hardware INT=0x20
   234: v=20 e=0000 i=0 cpl=0 IP=0038:0000000006cacc11 pc=0000000006cacc11 SP=0030:0000000007ee34b8 env->regs[R_EAX]=00000000c0c43101
RAX=00000000c0c43101 RBX=00000000070e7498 RCX=00000000070e7498 RDX=0000000000000000
RSI=0000000007f09980 RDI=44515fc33c8d294c RBP=0000000007ee3520 RSP=0000000007ee34b8
R8 =0000000007ee3620 R9 =000000002502a10b R10=00000000639a02b9 R11=00000000c8b8799c
R12=0000000000000004 R13=0000000007f09880 R14=0000000000000010 R15=0000000007f09980
RIP=0000000006cacc11 RFL=00000202 [-------] CPL=0 II=0 A20=1 SMM=0 HLT=0
ES =0030 0000000000000000 ffffffff 00cf9300 DPL=0 DS   [-WA]
CS =0038 0000000000000000 ffffffff 00af9a00 DPL=0 CS64 [-R-]
SS =0030 0000000000000000 ffffffff 00cf9300 DPL=0 DS   [-WA]
DS =0030 0000000000000000 ffffffff 00cf9300 DPL=0 DS   [-WA]
FS =0030 0000000000000000 ffffffff 00cf9300 DPL=0 DS   [-WA]
GS =0030 0000000000000000 ffffffff 00cf9300 DPL=0 DS   [-WA]
LDT=0000 0000000000000000 0000ffff 00008200 DPL=0 LDT
TR =0048 00000000075db058 00000067 00008900 DPL=0 TSS64-avl
GDT=     00000000075db000 00000057
IDT=     00000000070e8018 00000fff
CR0=80010033 CR2=0000000000000000 CR3=0000000007801000 CR4=00000668
DR0=0000000000000000 DR1=0000000000000000 DR2=0000000000000000 DR3=0000000000000000 
DR6=00000000ffff0ff0 DR7=0000000000000400
CCS=0000000000000000 CCD=00000000c0c43101 CCO=EFLAGS
EFER=0000000000000d00
Servicing hardware INT=0x20
   235: v=20 e=0000 i=0 cpl=0 IP=0038:0000000006cacc11 pc=0000000006cacc11 SP=0030:0000000007ee34b8 env->regs[R_EAX]=00000000c0c43101
RAX=00000000c0c43101 RBX=00000000070e7498 RCX=00000000070e7498 RDX=0000000000000000
RSI=0000000007f09980 RDI=44515fc33c8d294c RBP=0000000007ee3520 RSP=0000000007ee34b8
R8 =0000000007ee3620 R9 =000000009aef155e R10=00000000374d766a R11=00000000ba9475ef
R12=0000000000000004 R13=0000000007f09880 R14=0000000000000010 R15=0000000007f09980
RIP=0000000006cacc11 RFL=00000202 [-------] CPL=0 II=0 A20=1 SMM=0 HLT=0
ES =0030 0000000000000000 ffffffff 00cf9300 DPL=0 DS   [-WA]
CS =0038 0000000000000000 ffffffff 00af9a00 DPL=0 CS64 [-R-]
SS =0030 0000000000000000 ffffffff 00cf9300 DPL=0 DS   [-WA]
DS =0030 0000000000000000 ffffffff 00cf9300 DPL=0 DS   [-WA]
FS =0030 0000000000000000 ffffffff 00cf9300 DPL=0 DS   [-WA]
GS =0030 0000000000000000 ffffffff 00cf9300 DPL=0 DS   [-WA]
LDT=0000 0000000000000000 0000ffff 00008200 DPL=0 LDT
TR =0048 00000000075db058 00000067 00008900 DPL=0 TSS64-avl
GDT=     00000000075db000 00000057
IDT=     00000000070e8018 00000fff
CR0=80010033 CR2=0000000000000000 CR3=0000000007801000 CR4=00000668
DR0=0000000000000000 DR1=0000000000000000 DR2=0000000000000000 DR3=0000000000000000 
DR6=00000000ffff0ff0 DR7=0000000000000400
CCS=0000000000000000 CCD=00000000c0c43101 CCO=EFLAGS
EFER=0000000000000d00
Servicing hardware INT=0x20
   236: v=20 e=0000 i=0 cpl=0 IP=0038:0000000006cacc11 pc=0000000006cacc11 SP=0030:0000000007ee34b8 env->regs[R_EAX]=00000000c0c43101
RAX=00000000c0c43101 RBX=00000000070e7498 RCX=00000000070e7498 RDX=0000000000000000
RSI=0000000007f09980 RDI=44515fc33c8d294c RBP=0000000007ee3520 RSP=0000000007ee34b8
R8 =0000000007ee3620 R9 =000000009aef155e R10=00000000374d766a R11=00000000ba9475ef
R12=0000000000000004 R13=0000000007f09880 R14=0000000000000010 R15=0000000007f09980
RIP=0000000006cacc11 RFL=00000202 [-------] CPL=0 II=0 A20=1 SMM=0 HLT=0
ES =0030 0000000000000000 ffffffff 00cf9300 DPL=0 DS   [-WA]
CS =0038 0000000000000000 ffffffff 00af9a00 DPL=0 CS64 [-R-]
SS =0030 0000000000000000 ffffffff 00cf9300 DPL=0 DS   [-WA]
DS =0030 0000000000000000 ffffffff 00cf9300 DPL=0 DS   [-WA]
FS =0030 0000000000000000 ffffffff 00cf9300 DPL=0 DS   [-WA]
GS =0030 0000000000000000 ffffffff 00cf9300 DPL=0 DS   [-WA]
LDT=0000 0000000000000000 0000ffff 00008200 DPL=0 LDT
TR =0048 00000000075db058 00000067 00008900 DPL=0 TSS64-avl
GDT=     00000000075db000 00000057
IDT=     00000000070e8018 00000fff
CR0=80010033 CR2=0000000000000000 CR3=0000000007801000 CR4=00000668
DR0=0000000000000000 DR1=0000000000000000 DR2=0000000000000000 DR3=0000000000000000 
DR6=00000000ffff0ff0 DR7=0000000000000400
CCS=0000000000000000 CCD=00000000c0c43101 CCO=EFLAGS
EFER=0000000000000d00
Servicing hardware INT=0x20
   237: v=20 e=0000 i=0 cpl=0 IP=0038:0000000006cacc11 pc=0000000006cacc11 SP=0030:0000000007ee34b8 env->regs[R_EAX]=00000000c0c43101
RAX=00000000c0c43101 RBX=00000000070e7498 RCX=00000000070e7498 RDX=0000000000000000
RSI=0000000007f09980 RDI=44515fc33c8d294c RBP=0000000007ee3520 RSP=0000000007ee34b8
R8 =0000000007ee3620 R9 =00000000bc0fcc49 R10=00000000095ceb53 R11=000000001dbb3274
R12=0000000000000004 R13=0000000007f09880 R14=0000000000000010 R15=0000000007f09980
RIP=0000000006cacc11 RFL=00000202 [-------] CPL=0 II=0 A20=1 SMM=0 HLT=0
ES =0030 0000000000000000 ffffffff 00cf9300 DPL=0 DS   [-WA]
CS =0038 0000000000000000 ffffffff 00af9a00 DPL=0 CS64 [-R-]
SS =0030 0000000000000000 ffffffff 00cf9300 DPL=0 DS   [-WA]
DS =0030 0000000000000000 ffffffff 00cf9300 DPL=0 DS   [-WA]
FS =0030 0000000000000000 ffffffff 00cf9300 DPL=0 DS   [-WA]
GS =0030 0000000000000000 ffffffff 00cf9300 DPL=0 DS   [-WA]
LDT=0000 0000000000000000 0000ffff 00008200 DPL=0 LDT
TR =0048 00000000075db058 00000067 00008900 DPL=0 TSS64-avl
GDT=     00000000075db000 00000057
IDT=     00000000070e8018 00000fff
CR0=80010033 CR2=0000000000000000 CR3=0000000007801000 CR4=00000668
DR0=0000000000000000 DR1=0000000000000000 DR2=0000000000000000 DR3=0000000000000000 
DR6=00000000ffff0ff0 DR7=0000000000000400
CCS=0000000000000000 CCD=00000000c0c43101 CCO=EFLAGS
EFER=0000000000000d00
Servicing hardware INT=0x20
   238: v=20 e=0000 i=0 cpl=0 IP=0038:0000000006cacc11 pc=0000000006cacc11 SP=0030:0000000007ee34b8 env->regs[R_EAX]=00000000c0c43101
RAX=00000000c0c43101 RBX=00000000070e7498 RCX=00000000070e7498 RDX=0000000000000000
RSI=0000000007f09980 RDI=44515fc33c8d294c RBP=0000000007ee3520 RSP=0000000007ee34b8
R8 =0000000007ee3620 R9 =00000000bc0fcc49 R10=00000000095ceb53 R11=000000001dbb3274
R12=0000000000000004 R13=0000000007f09880 R14=0000000000000010 R15=0000000007f09980
RIP=0000000006cacc11 RFL=00000202 [-------] CPL=0 II=0 A20=1 SMM=0 HLT=0
ES =0030 0000000000000000 ffffffff 00cf9300 DPL=0 DS   [-WA]
CS =0038 0000000000000000 ffffffff 00af9a00 DPL=0 CS64 [-R-]
SS =0030 0000000000000000 ffffffff 00cf9300 DPL=0 DS   [-WA]
DS =0030 0000000000000000 ffffffff 00cf9300 DPL=0 DS   [-WA]
FS =0030 0000000000000000 ffffffff 00cf9300 DPL=0 DS   [-WA]
GS =0030 0000000000000000 ffffffff 00cf9300 DPL=0 DS   [-WA]
LDT=0000 0000000000000000 0000ffff 00008200 DPL=0 LDT
TR =0048 00000000075db058 00000067 00008900 DPL=0 TSS64-avl
GDT=     00000000075db000 00000057
IDT=     00000000070e8018 00000fff
CR0=80010033 CR2=0000000000000000 CR3=0000000007801000 CR4=00000668
DR0=0000000000000000 DR1=0000000000000000 DR2=0000000000000000 DR3=0000000000000000 
DR6=00000000ffff0ff0 DR7=0000000000000400
CCS=0000000000000000 CCD=00000000c0c43101 CCO=EFLAGS
EFER=0000000000000d00
Servicing hardware INT=0x20
   239: v=20 e=0000 i=0 cpl=0 IP=0038:0000000006cacc11 pc=0000000006cacc11 SP=0030:0000000007ee34b8 env->regs[R_EAX]=00000000c0c43101
RAX=00000000c0c43101 RBX=00000000070e7498 RCX=00000000070e7498 RDX=0000000000000000
RSI=0000000007f09980 RDI=44515fc33c8d294c RBP=0000000007ee3520 RSP=0000000007ee34b8
R8 =0000000007ee3620 R9 =000000003a627e9c R10=000000001d817173 R11=00000000eab73a17
R12=0000000000000004 R13=0000000007f09880 R14=0000000000000010 R15=0000000007f09980
RIP=0000000006cacc11 RFL=00000202 [-------] CPL=0 II=0 A20=1 SMM=0 HLT=0
ES =0030 0000000000000000 ffffffff 00cf9300 DPL=0 DS   [-WA]
CS =0038 0000000000000000 ffffffff 00af9a00 DPL=0 CS64 [-R-]
SS =0030 0000000000000000 ffffffff 00cf9300 DPL=0 DS   [-WA]
DS =0030 0000000000000000 ffffffff 00cf9300 DPL=0 DS   [-WA]
FS =0030 0000000000000000 ffffffff 00cf9300 DPL=0 DS   [-WA]
GS =0030 0000000000000000 ffffffff 00cf9300 DPL=0 DS   [-WA]
LDT=0000 0000000000000000 0000ffff 00008200 DPL=0 LDT
TR =0048 00000000075db058 00000067 00008900 DPL=0 TSS64-avl
GDT=     00000000075db000 00000057
IDT=     00000000070e8018 00000fff
CR0=80010033 CR2=0000000000000000 CR3=0000000007801000 CR4=00000668
DR0=0000000000000000 DR1=0000000000000000 DR2=0000000000000000 DR3=0000000000000000 
DR6=00000000ffff0ff0 DR7=0000000000000400
CCS=0000000000000000 CCD=00000000c0c43101 CCO=EFLAGS
EFER=0000000000000d00
Servicing hardware INT=0x20
   240: v=20 e=0000 i=0 cpl=0 IP=0038:0000000006cacc11 pc=0000000006cacc11 SP=0030:0000000007ee34b8 env->regs[R_EAX]=00000000c0c43101
RAX=00000000c0c43101 RBX=00000000070e7498 RCX=00000000070e7498 RDX=0000000000000000
RSI=0000000007f09980 RDI=44515fc33c8d294c RBP=0000000007ee3520 RSP=0000000007ee34b8
R8 =0000000007ee3620 R9 =000000003a627e9c R10=000000001d817173 R11=00000000eab73a17
R12=0000000000000004 R13=0000000007f09880 R14=0000000000000010 R15=0000000007f09980
RIP=0000000006cacc11 RFL=00000202 [-------] CPL=0 II=0 A20=1 SMM=0 HLT=0
ES =0030 0000000000000000 ffffffff 00cf9300 DPL=0 DS   [-WA]
CS =0038 0000000000000000 ffffffff 00af9a00 DPL=0 CS64 [-R-]
SS =0030 0000000000000000 ffffffff 00cf9300 DPL=0 DS   [-WA]
DS =0030 0000000000000000 ffffffff 00cf9300 DPL=0 DS   [-WA]
FS =0030 0000000000000000 ffffffff 00cf9300 DPL=0 DS   [-WA]
GS =0030 0000000000000000 ffffffff 00cf9300 DPL=0 DS   [-WA]
LDT=0000 0000000000000000 0000ffff 00008200 DPL=0 LDT
TR =0048 00000000075db058 00000067 00008900 DPL=0 TSS64-avl
GDT=     00000000075db000 00000057
IDT=     00000000070e8018 00000fff
CR0=80010033 CR2=0000000000000000 CR3=0000000007801000 CR4=00000668
DR0=0000000000000000 DR1=0000000000000000 DR2=0000000000000000 DR3=0000000000000000 
DR6=00000000ffff0ff0 DR7=0000000000000400
CCS=0000000000000000 CCD=00000000c0c43101 CCO=EFLAGS
EFER=0000000000000d00
Servicing hardware INT=0x20
   241: v=20 e=0000 i=0 cpl=0 IP=0038:0000000006cacc11 pc=0000000006cacc11 SP=0030:0000000007ee34b8 env->regs[R_EAX]=00000000c0c43101
RAX=00000000c0c43101 RBX=00000000070e7498 RCX=00000000070e7498 RDX=0000000000000000
RSI=0000000007f09980 RDI=44515fc33c8d294c RBP=0000000007ee3520 RSP=0000000007ee34b8
R8 =0000000007ee3620 R9 =00000000b7bf8c19 R10=0000000001fcfe19 R11=00000000b94bf60e
R12=0000000000000004 R13=0000000007f09880 R14=0000000000000010 R15=0000000007f09980
RIP=0000000006cacc11 RFL=00000202 [-------] CPL=0 II=0 A20=1 SMM=0 HLT=0
ES =0030 0000000000000000 ffffffff 00cf9300 DPL=0 DS   [-WA]
CS =0038 0000000000000000 ffffffff 00af9a00 DPL=0 CS64 [-R-]
SS =0030 0000000000000000 ffffffff 00cf9300 DPL=0 DS   [-WA]
DS =0030 0000000000000000 ffffffff 00cf9300 DPL=0 DS   [-WA]
FS =0030 0000000000000000 ffffffff 00cf9300 DPL=0 DS   [-WA]
GS =0030 0000000000000000 ffffffff 00cf9300 DPL=0 DS   [-WA]
LDT=0000 0000000000000000 0000ffff 00008200 DPL=0 LDT
TR =0048 00000000075db058 00000067 00008900 DPL=0 TSS64-avl
GDT=     00000000075db000 00000057
IDT=     00000000070e8018 00000fff
CR0=80010033 CR2=0000000000000000 CR3=0000000007801000 CR4=00000668
DR0=0000000000000000 DR1=0000000000000000 DR2=0000000000000000 DR3=0000000000000000 
DR6=00000000ffff0ff0 DR7=0000000000000400
CCS=0000000000000000 CCD=00000000c0c43101 CCO=EFLAGS
EFER=0000000000000d00
Servicing hardware INT=0x20
   242: v=20 e=0000 i=0 cpl=0 IP=0038:0000000006cacc11 pc=0000000006cacc11 SP=0030:0000000007ee34b8 env->regs[R_EAX]=00000000c0c43101
RAX=00000000c0c43101 RBX=00000000070e7498 RCX=00000000070e7498 RDX=0000000000000000
RSI=0000000007f09980 RDI=44515fc33c8d294c RBP=0000000007ee3520 RSP=0000000007ee34b8
R8 =0000000007ee3620 R9 =00000000b7bf8c19 R10=0000000001fcfe19 R11=00000000b94bf60e
R12=0000000000000004 R13=0000000007f09880 R14=0000000000000010 R15=0000000007f09980
RIP=0000000006cacc11 RFL=00000202 [-------] CPL=0 II=0 A20=1 SMM=0 HLT=0
ES =0030 0000000000000000 ffffffff 00cf9300 DPL=0 DS   [-WA]
CS =0038 0000000000000000 ffffffff 00af9a00 DPL=0 CS64 [-R-]
SS =0030 0000000000000000 ffffffff 00cf9300 DPL=0 DS   [-WA]
DS =0030 0000000000000000 ffffffff 00cf9300 DPL=0 DS   [-WA]
FS =0030 0000000000000000 ffffffff 00cf9300 DPL=0 DS   [-WA]
GS =0030 0000000000000000 ffffffff 00cf9300 DPL=0 DS   [-WA]
LDT=0000 0000000000000000 0000ffff 00008200 DPL=0 LDT
TR =0048 00000000075db058 00000067 00008900 DPL=0 TSS64-avl
GDT=     00000000075db000 00000057
IDT=     00000000070e8018 00000fff
CR0=80010033 CR2=0000000000000000 CR3=0000000007801000 CR4=00000668
DR0=0000000000000000 DR1=0000000000000000 DR2=0000000000000000 DR3=0000000000000000 
DR6=00000000ffff0ff0 DR7=0000000000000400
CCS=0000000000000000 CCD=00000000c0c43101 CCO=EFLAGS
EFER=0000000000000d00
Servicing hardware INT=0x20
   243: v=20 e=0000 i=0 cpl=0 IP=0038:0000000006cacc11 pc=0000000006cacc11 SP=0030:0000000007ee34b8 env->regs[R_EAX]=00000000c0c43101
RAX=00000000c0c43101 RBX=00000000070e7498 RCX=00000000070e7498 RDX=0000000000000000
RSI=0000000007f09980 RDI=44515fc33c8d294c RBP=0000000007ee3520 RSP=0000000007ee34b8
R8 =0000000007ee3620 R9 =00000000d7781d97 R10=00000000f80c2e9c R11=00000000a442c05a
R12=0000000000000004 R13=0000000007f09880 R14=0000000000000010 R15=0000000007f09980
RIP=0000000006cacc11 RFL=00000202 [-------] CPL=0 II=0 A20=1 SMM=0 HLT=0
ES =0030 0000000000000000 ffffffff 00cf9300 DPL=0 DS   [-WA]
CS =0038 0000000000000000 ffffffff 00af9a00 DPL=0 CS64 [-R-]
SS =0030 0000000000000000 ffffffff 00cf9300 DPL=0 DS   [-WA]
DS =0030 0000000000000000 ffffffff 00cf9300 DPL=0 DS   [-WA]
FS =0030 0000000000000000 ffffffff 00cf9300 DPL=0 DS   [-WA]
GS =0030 0000000000000000 ffffffff 00cf9300 DPL=0 DS   [-WA]
LDT=0000 0000000000000000 0000ffff 00008200 DPL=0 LDT
TR =0048 00000000075db058 00000067 00008900 DPL=0 TSS64-avl
GDT=     00000000075db000 00000057
IDT=     00000000070e8018 00000fff
CR0=80010033 CR2=0000000000000000 CR3=0000000007801000 CR4=00000668
DR0=0000000000000000 DR1=0000000000000000 DR2=0000000000000000 DR3=0000000000000000 
DR6=00000000ffff0ff0 DR7=0000000000000400
CCS=0000000000000000 CCD=00000000c0c43101 CCO=EFLAGS
EFER=0000000000000d00
Servicing hardware INT=0x20
   244: v=20 e=0000 i=0 cpl=0 IP=0038:0000000006cacc11 pc=0000000006cacc11 SP=0030:0000000007ee34b8 env->regs[R_EAX]=00000000c0c43101
RAX=00000000c0c43101 RBX=00000000070e7498 RCX=00000000070e7498 RDX=0000000000000000
RSI=0000000007f09980 RDI=44515fc33c8d294c RBP=0000000007ee3520 RSP=0000000007ee34b8
R8 =0000000007ee3620 R9 =00000000d7781d97 R10=00000000f80c2e9c R11=00000000a442c05a
R12=0000000000000004 R13=0000000007f09880 R14=0000000000000010 R15=0000000007f09980
RIP=0000000006cacc11 RFL=00000202 [-------] CPL=0 II=0 A20=1 SMM=0 HLT=0
ES =0030 0000000000000000 ffffffff 00cf9300 DPL=0 DS   [-WA]
CS =0038 0000000000000000 ffffffff 00af9a00 DPL=0 CS64 [-R-]
SS =0030 0000000000000000 ffffffff 00cf9300 DPL=0 DS   [-WA]
DS =0030 0000000000000000 ffffffff 00cf9300 DPL=0 DS   [-WA]
FS =0030 0000000000000000 ffffffff 00cf9300 DPL=0 DS   [-WA]
GS =0030 0000000000000000 ffffffff 00cf9300 DPL=0 DS   [-WA]
LDT=0000 0000000000000000 0000ffff 00008200 DPL=0 LDT
TR =0048 00000000075db058 00000067 00008900 DPL=0 TSS64-avl
GDT=     00000000075db000 00000057
IDT=     00000000070e8018 00000fff
CR0=80010033 CR2=0000000000000000 CR3=0000000007801000 CR4=00000668
DR0=0000000000000000 DR1=0000000000000000 DR2=0000000000000000 DR3=0000000000000000 
DR6=00000000ffff0ff0 DR7=0000000000000400
CCS=0000000000000000 CCD=00000000c0c43101 CCO=EFLAGS
EFER=0000000000000d00
Servicing hardware INT=0x20
   245: v=20 e=0000 i=0 cpl=0 IP=0038:0000000006cacc11 pc=0000000006cacc11 SP=0030:0000000007ee34b8 env->regs[R_EAX]=00000000c0c43101
RAX=00000000c0c43101 RBX=00000000070e7498 RCX=00000000070e7498 RDX=0000000000000000
RSI=0000000007f09980 RDI=44515fc33c8d294c RBP=0000000007ee3520 RSP=0000000007ee34b8
R8 =0000000007ee3620 R9 =000000004627607e R10=000000000eadb2df R11=000000003935e624
R12=0000000000000004 R13=0000000007f09880 R14=0000000000000010 R15=0000000007f09980
RIP=0000000006cacc11 RFL=00000202 [-------] CPL=0 II=0 A20=1 SMM=0 HLT=0
ES =0030 0000000000000000 ffffffff 00cf9300 DPL=0 DS   [-WA]
CS =0038 0000000000000000 ffffffff 00af9a00 DPL=0 CS64 [-R-]
SS =0030 0000000000000000 ffffffff 00cf9300 DPL=0 DS   [-WA]
DS =0030 0000000000000000 ffffffff 00cf9300 DPL=0 DS   [-WA]
FS =0030 0000000000000000 ffffffff 00cf9300 DPL=0 DS   [-WA]
GS =0030 0000000000000000 ffffffff 00cf9300 DPL=0 DS   [-WA]
LDT=0000 0000000000000000 0000ffff 00008200 DPL=0 LDT
TR =0048 00000000075db058 00000067 00008900 DPL=0 TSS64-avl
GDT=     00000000075db000 00000057
IDT=     00000000070e8018 00000fff
CR0=80010033 CR2=0000000000000000 CR3=0000000007801000 CR4=00000668
DR0=0000000000000000 DR1=0000000000000000 DR2=0000000000000000 DR3=0000000000000000 
DR6=00000000ffff0ff0 DR7=0000000000000400
CCS=0000000000000000 CCD=00000000c0c43101 CCO=EFLAGS
EFER=0000000000000d00
Servicing hardware INT=0x20
   246: v=20 e=0000 i=0 cpl=0 IP=0038:0000000006cacc11 pc=0000000006cacc11 SP=0030:0000000007ee34b8 env->regs[R_EAX]=00000000c0c43101
RAX=00000000c0c43101 RBX=00000000070e7498 RCX=00000000070e7498 RDX=0000000000000000
RSI=0000000007f09980 RDI=44515fc33c8d294c RBP=0000000007ee3520 RSP=0000000007ee34b8
R8 =0000000007ee3620 R9 =000000004627607e R10=000000000eadb2df R11=000000003935e624
R12=0000000000000004 R13=0000000007f09880 R14=0000000000000010 R15=0000000007f09980
RIP=0000000006cacc11 RFL=00000202 [-------] CPL=0 II=0 A20=1 SMM=0 HLT=0
ES =0030 0000000000000000 ffffffff 00cf9300 DPL=0 DS   [-WA]
CS =0038 0000000000000000 ffffffff 00af9a00 DPL=0 CS64 [-R-]
SS =0030 0000000000000000 ffffffff 00cf9300 DPL=0 DS   [-WA]
DS =0030 0000000000000000 ffffffff 00cf9300 DPL=0 DS   [-WA]
FS =0030 0000000000000000 ffffffff 00cf9300 DPL=0 DS   [-WA]
GS =0030 0000000000000000 ffffffff 00cf9300 DPL=0 DS   [-WA]
LDT=0000 0000000000000000 0000ffff 00008200 DPL=0 LDT
TR =0048 00000000075db058 00000067 00008900 DPL=0 TSS64-avl
GDT=     00000000075db000 00000057
IDT=     00000000070e8018 00000fff
CR0=80010033 CR2=0000000000000000 CR3=0000000007801000 CR4=00000668
DR0=0000000000000000 DR1=0000000000000000 DR2=0000000000000000 DR3=0000000000000000 
DR6=00000000ffff0ff0 DR7=0000000000000400
CCS=0000000000000000 CCD=00000000c0c43101 CCO=EFLAGS
EFER=0000000000000d00
Servicing hardware INT=0x20
   247: v=20 e=0000 i=0 cpl=0 IP=0038:0000000006cacc11 pc=0000000006cacc11 SP=0030:0000000007ee34b8 env->regs[R_EAX]=00000000c0c43101
RAX=00000000c0c43101 RBX=00000000070e7498 RCX=00000000070e7498 RDX=0000000000000000
RSI=0000000007f09980 RDI=44515fc33c8d294c RBP=0000000007ee3520 RSP=0000000007ee34b8
R8 =0000000007ee3620 R9 =00000000eb686cab R10=0000000074a9bea7 R11=00000000dd1ae424
R12=0000000000000004 R13=0000000007f09880 R14=0000000000000010 R15=0000000007f09980
RIP=0000000006cacc11 RFL=00000202 [-------] CPL=0 II=0 A20=1 SMM=0 HLT=0
ES =0030 0000000000000000 ffffffff 00cf9300 DPL=0 DS   [-WA]
CS =0038 0000000000000000 ffffffff 00af9a00 DPL=0 CS64 [-R-]
SS =0030 0000000000000000 ffffffff 00cf9300 DPL=0 DS   [-WA]
DS =0030 0000000000000000 ffffffff 00cf9300 DPL=0 DS   [-WA]
FS =0030 0000000000000000 ffffffff 00cf9300 DPL=0 DS   [-WA]
GS =0030 0000000000000000 ffffffff 00cf9300 DPL=0 DS   [-WA]
LDT=0000 0000000000000000 0000ffff 00008200 DPL=0 LDT
TR =0048 00000000075db058 00000067 00008900 DPL=0 TSS64-avl
GDT=     00000000075db000 00000057
IDT=     00000000070e8018 00000fff
CR0=80010033 CR2=0000000000000000 CR3=0000000007801000 CR4=00000668
DR0=0000000000000000 DR1=0000000000000000 DR2=0000000000000000 DR3=0000000000000000 
DR6=00000000ffff0ff0 DR7=0000000000000400
CCS=0000000000000000 CCD=00000000c0c43101 CCO=EFLAGS
EFER=0000000000000d00
Servicing hardware INT=0x20
   248: v=20 e=0000 i=0 cpl=0 IP=0038:0000000006cacc11 pc=0000000006cacc11 SP=0030:0000000007ee34b8 env->regs[R_EAX]=00000000c0c43101
RAX=00000000c0c43101 RBX=00000000070e7498 RCX=00000000070e7498 RDX=0000000000000000
RSI=0000000007f09980 RDI=44515fc33c8d294c RBP=0000000007ee3520 RSP=0000000007ee34b8
R8 =0000000007ee3620 R9 =00000000eb686cab R10=0000000074a9bea7 R11=00000000dd1ae424
R12=0000000000000004 R13=0000000007f09880 R14=0000000000000010 R15=0000000007f09980
RIP=0000000006cacc11 RFL=00000202 [-------] CPL=0 II=0 A20=1 SMM=0 HLT=0
ES =0030 0000000000000000 ffffffff 00cf9300 DPL=0 DS   [-WA]
CS =0038 0000000000000000 ffffffff 00af9a00 DPL=0 CS64 [-R-]
SS =0030 0000000000000000 ffffffff 00cf9300 DPL=0 DS   [-WA]
DS =0030 0000000000000000 ffffffff 00cf9300 DPL=0 DS   [-WA]
FS =0030 0000000000000000 ffffffff 00cf9300 DPL=0 DS   [-WA]
GS =0030 0000000000000000 ffffffff 00cf9300 DPL=0 DS   [-WA]
LDT=0000 0000000000000000 0000ffff 00008200 DPL=0 LDT
TR =0048 00000000075db058 00000067 00008900 DPL=0 TSS64-avl
GDT=     00000000075db000 00000057
IDT=     00000000070e8018 00000fff
CR0=80010033 CR2=0000000000000000 CR3=0000000007801000 CR4=00000668
DR0=0000000000000000 DR1=0000000000000000 DR2=0000000000000000 DR3=0000000000000000 
DR6=00000000ffff0ff0 DR7=0000000000000400
CCS=0000000000000000 CCD=00000000c0c43101 CCO=EFLAGS
EFER=0000000000000d00
Servicing hardware INT=0x20
   249: v=20 e=0000 i=0 cpl=0 IP=0038:0000000006cacc11 pc=0000000006cacc11 SP=0030:0000000007ee34b8 env->regs[R_EAX]=00000000c0c43101
RAX=00000000c0c43101 RBX=00000000070e7498 RCX=00000000070e7498 RDX=0000000000000000
RSI=0000000007f09980 RDI=44515fc33c8d294c RBP=0000000007ee3520 RSP=0000000007ee34b8
R8 =0000000007ee3620 R9 =00000000db9a0075 R10=0000000016bf4139 R11=00000000985fa58f
R12=0000000000000004 R13=0000000007f09880 R14=0000000000000010 R15=0000000007f09980
RIP=0000000006cacc11 RFL=00000202 [-------] CPL=0 II=0 A20=1 SMM=0 HLT=0
ES =0030 0000000000000000 ffffffff 00cf9300 DPL=0 DS   [-WA]
CS =0038 0000000000000000 ffffffff 00af9a00 DPL=0 CS64 [-R-]
SS =0030 0000000000000000 ffffffff 00cf9300 DPL=0 DS   [-WA]
DS =0030 0000000000000000 ffffffff 00cf9300 DPL=0 DS   [-WA]
FS =0030 0000000000000000 ffffffff 00cf9300 DPL=0 DS   [-WA]
GS =0030 0000000000000000 ffffffff 00cf9300 DPL=0 DS   [-WA]
LDT=0000 0000000000000000 0000ffff 00008200 DPL=0 LDT
TR =0048 00000000075db058 00000067 00008900 DPL=0 TSS64-avl
GDT=     00000000075db000 00000057
IDT=     00000000070e8018 00000fff
CR0=80010033 CR2=0000000000000000 CR3=0000000007801000 CR4=00000668
DR0=0000000000000000 DR1=0000000000000000 DR2=0000000000000000 DR3=0000000000000000 
DR6=00000000ffff0ff0 DR7=0000000000000400
CCS=0000000000000000 CCD=00000000c0c43101 CCO=EFLAGS
EFER=0000000000000d00
Servicing hardware INT=0x20
   250: v=20 e=0000 i=0 cpl=0 IP=0038:0000000006cacc11 pc=0000000006cacc11 SP=0030:0000000007ee34b8 env->regs[R_EAX]=00000000c0c43101
RAX=00000000c0c43101 RBX=00000000070e7498 RCX=00000000070e7498 RDX=0000000000000000
RSI=0000000007f09980 RDI=44515fc33c8d294c RBP=0000000007ee3520 RSP=0000000007ee34b8
R8 =0000000007ee3620 R9 =00000000db9a0075 R10=0000000016bf4139 R11=00000000985fa58f
R12=0000000000000004 R13=0000000007f09880 R14=0000000000000010 R15=0000000007f09980
RIP=0000000006cacc11 RFL=00000202 [-------] CPL=0 II=0 A20=1 SMM=0 HLT=0
ES =0030 0000000000000000 ffffffff 00cf9300 DPL=0 DS   [-WA]
CS =0038 0000000000000000 ffffffff 00af9a00 DPL=0 CS64 [-R-]
SS =0030 0000000000000000 ffffffff 00cf9300 DPL=0 DS   [-WA]
DS =0030 0000000000000000 ffffffff 00cf9300 DPL=0 DS   [-WA]
FS =0030 0000000000000000 ffffffff 00cf9300 DPL=0 DS   [-WA]
GS =0030 0000000000000000 ffffffff 00cf9300 DPL=0 DS   [-WA]
LDT=0000 0000000000000000 0000ffff 00008200 DPL=0 LDT
TR =0048 00000000075db058 00000067 00008900 DPL=0 TSS64-avl
GDT=     00000000075db000 00000057
IDT=     00000000070e8018 00000fff
CR0=80010033 CR2=0000000000000000 CR3=0000000007801000 CR4=00000668
DR0=0000000000000000 DR1=0000000000000000 DR2=0000000000000000 DR3=0000000000000000 
DR6=00000000ffff0ff0 DR7=0000000000000400
CCS=0000000000000000 CCD=00000000c0c43101 CCO=EFLAGS
EFER=0000000000000d00
Servicing hardware INT=0x20
   251: v=20 e=0000 i=0 cpl=0 IP=0038:0000000006cacc11 pc=0000000006cacc11 SP=0030:0000000007ee34b8 env->regs[R_EAX]=00000000c0c43101
RAX=00000000c0c43101 RBX=00000000070e7498 RCX=00000000070e7498 RDX=0000000000000000
RSI=0000000007f09980 RDI=44515fc33c8d294c RBP=0000000007ee3520 RSP=0000000007ee34b8
R8 =0000000007ee3620 R9 =00000000a541e5a5 R10=00000000a27758d0 R11=00000000fd788c5f
R12=0000000000000004 R13=0000000007f09880 R14=0000000000000010 R15=0000000007f09980
RIP=0000000006cacc11 RFL=00000202 [-------] CPL=0 II=0 A20=1 SMM=0 HLT=0
ES =0030 0000000000000000 ffffffff 00cf9300 DPL=0 DS   [-WA]
CS =0038 0000000000000000 ffffffff 00af9a00 DPL=0 CS64 [-R-]
SS =0030 0000000000000000 ffffffff 00cf9300 DPL=0 DS   [-WA]
DS =0030 0000000000000000 ffffffff 00cf9300 DPL=0 DS   [-WA]
FS =0030 0000000000000000 ffffffff 00cf9300 DPL=0 DS   [-WA]
GS =0030 0000000000000000 ffffffff 00cf9300 DPL=0 DS   [-WA]
LDT=0000 0000000000000000 0000ffff 00008200 DPL=0 LDT
TR =0048 00000000075db058 00000067 00008900 DPL=0 TSS64-avl
GDT=     00000000075db000 00000057
IDT=     00000000070e8018 00000fff
CR0=80010033 CR2=0000000000000000 CR3=0000000007801000 CR4=00000668
DR0=0000000000000000 DR1=0000000000000000 DR2=0000000000000000 DR3=0000000000000000 
DR6=00000000ffff0ff0 DR7=0000000000000400
CCS=0000000000000000 CCD=00000000c0c43101 CCO=EFLAGS
EFER=0000000000000d00
Servicing hardware INT=0x20
   252: v=20 e=0000 i=0 cpl=0 IP=0038:0000000006cacc11 pc=0000000006cacc11 SP=0030:0000000007ee34b8 env->regs[R_EAX]=00000000c0c43101
RAX=00000000c0c43101 RBX=00000000070e7498 RCX=00000000070e7498 RDX=0000000000000000
RSI=0000000007f09980 RDI=44515fc33c8d294c RBP=0000000007ee3520 RSP=0000000007ee34b8
R8 =0000000007ee3620 R9 =00000000a541e5a5 R10=00000000a27758d0 R11=00000000fd788c5f
R12=0000000000000004 R13=0000000007f09880 R14=0000000000000010 R15=0000000007f09980
RIP=0000000006cacc11 RFL=00000202 [-------] CPL=0 II=0 A20=1 SMM=0 HLT=0
ES =0030 0000000000000000 ffffffff 00cf9300 DPL=0 DS   [-WA]
CS =0038 0000000000000000 ffffffff 00af9a00 DPL=0 CS64 [-R-]
SS =0030 0000000000000000 ffffffff 00cf9300 DPL=0 DS   [-WA]
DS =0030 0000000000000000 ffffffff 00cf9300 DPL=0 DS   [-WA]
FS =0030 0000000000000000 ffffffff 00cf9300 DPL=0 DS   [-WA]
GS =0030 0000000000000000 ffffffff 00cf9300 DPL=0 DS   [-WA]
LDT=0000 0000000000000000 0000ffff 00008200 DPL=0 LDT
TR =0048 00000000075db058 00000067 00008900 DPL=0 TSS64-avl
GDT=     00000000075db000 00000057
IDT=     00000000070e8018 00000fff
CR0=80010033 CR2=0000000000000000 CR3=0000000007801000 CR4=00000668
DR0=0000000000000000 DR1=0000000000000000 DR2=0000000000000000 DR3=0000000000000000 
DR6=00000000ffff0ff0 DR7=0000000000000400
CCS=0000000000000000 CCD=00000000c0c43101 CCO=EFLAGS
EFER=0000000000000d00
Servicing hardware INT=0x20
   253: v=20 e=0000 i=0 cpl=0 IP=0038:0000000006cacc11 pc=0000000006cacc11 SP=0030:0000000007ee34b8 env->regs[R_EAX]=00000000c0c43101
RAX=00000000c0c43101 RBX=00000000070e7498 RCX=00000000070e7498 RDX=0000000000000000
RSI=0000000007f09980 RDI=44515fc33c8d294c RBP=0000000007ee3520 RSP=0000000007ee34b8
R8 =0000000007ee3620 R9 =0000000048b4c28c R10=00000000be7c1a60 R11=0000000031cbbc6b
R12=0000000000000004 R13=0000000007f09880 R14=0000000000000010 R15=0000000007f09980
RIP=0000000006cacc11 RFL=00000202 [-------] CPL=0 II=0 A20=1 SMM=0 HLT=0
ES =0030 0000000000000000 ffffffff 00cf9300 DPL=0 DS   [-WA]
CS =0038 0000000000000000 ffffffff 00af9a00 DPL=0 CS64 [-R-]
SS =0030 0000000000000000 ffffffff 00cf9300 DPL=0 DS   [-WA]
DS =0030 0000000000000000 ffffffff 00cf9300 DPL=0 DS   [-WA]
FS =0030 0000000000000000 ffffffff 00cf9300 DPL=0 DS   [-WA]
GS =0030 0000000000000000 ffffffff 00cf9300 DPL=0 DS   [-WA]
LDT=0000 0000000000000000 0000ffff 00008200 DPL=0 LDT
TR =0048 00000000075db058 00000067 00008900 DPL=0 TSS64-avl
GDT=     00000000075db000 00000057
IDT=     00000000070e8018 00000fff
CR0=80010033 CR2=0000000000000000 CR3=0000000007801000 CR4=00000668
DR0=0000000000000000 DR1=0000000000000000 DR2=0000000000000000 DR3=0000000000000000 
DR6=00000000ffff0ff0 DR7=0000000000000400
CCS=0000000000000000 CCD=00000000c0c43101 CCO=EFLAGS
EFER=0000000000000d00
Servicing hardware INT=0x20
   254: v=20 e=0000 i=0 cpl=0 IP=0038:0000000006cacc11 pc=0000000006cacc11 SP=0030:0000000007ee34b8 env->regs[R_EAX]=00000000c0c43101
RAX=00000000c0c43101 RBX=00000000070e7498 RCX=00000000070e7498 RDX=0000000000000000
RSI=0000000007f09980 RDI=44515fc33c8d294c RBP=0000000007ee3520 RSP=0000000007ee34b8
R8 =0000000007ee3620 R9 =0000000048b4c28c R10=00000000be7c1a60 R11=0000000031cbbc6b
R12=0000000000000004 R13=0000000007f09880 R14=0000000000000010 R15=0000000007f09980
RIP=0000000006cacc11 RFL=00000202 [-------] CPL=0 II=0 A20=1 SMM=0 HLT=0
ES =0030 0000000000000000 ffffffff 00cf9300 DPL=0 DS   [-WA]
CS =0038 0000000000000000 ffffffff 00af9a00 DPL=0 CS64 [-R-]
SS =0030 0000000000000000 ffffffff 00cf9300 DPL=0 DS   [-WA]
DS =0030 0000000000000000 ffffffff 00cf9300 DPL=0 DS   [-WA]
FS =0030 0000000000000000 ffffffff 00cf9300 DPL=0 DS   [-WA]
GS =0030 0000000000000000 ffffffff 00cf9300 DPL=0 DS   [-WA]
LDT=0000 0000000000000000 0000ffff 00008200 DPL=0 LDT
TR =0048 00000000075db058 00000067 00008900 DPL=0 TSS64-avl
GDT=     00000000075db000 00000057
IDT=     00000000070e8018 00000fff
CR0=80010033 CR2=0000000000000000 CR3=0000000007801000 CR4=00000668
DR0=0000000000000000 DR1=0000000000000000 DR2=0000000000000000 DR3=0000000000000000 
DR6=00000000ffff0ff0 DR7=0000000000000400
CCS=0000000000000000 CCD=00000000c0c43101 CCO=EFLAGS
EFER=0000000000000d00
Servicing hardware INT=0x20
   255: v=20 e=0000 i=0 cpl=0 IP=0038:0000000006cacc11 pc=0000000006cacc11 SP=0030:0000000007ee34b8 env->regs[R_EAX]=00000000c0c43101
RAX=00000000c0c43101 RBX=00000000070e7498 RCX=00000000070e7498 RDX=0000000000000000
RSI=0000000007f09980 RDI=44515fc33c8d294c RBP=0000000007ee3520 RSP=0000000007ee34b8
R8 =0000000007ee3620 R9 =000000006e587849 R10=00000000e21816c5 R11=00000000ad33c938
R12=0000000000000004 R13=0000000007f09880 R14=0000000000000010 R15=0000000007f09980
RIP=0000000006cacc11 RFL=00000202 [-------] CPL=0 II=0 A20=1 SMM=0 HLT=0
ES =0030 0000000000000000 ffffffff 00cf9300 DPL=0 DS   [-WA]
CS =0038 0000000000000000 ffffffff 00af9a00 DPL=0 CS64 [-R-]
SS =0030 0000000000000000 ffffffff 00cf9300 DPL=0 DS   [-WA]
DS =0030 0000000000000000 ffffffff 00cf9300 DPL=0 DS   [-WA]
FS =0030 0000000000000000 ffffffff 00cf9300 DPL=0 DS   [-WA]
GS =0030 0000000000000000 ffffffff 00cf9300 DPL=0 DS   [-WA]
LDT=0000 0000000000000000 0000ffff 00008200 DPL=0 LDT
TR =0048 00000000075db058 00000067 00008900 DPL=0 TSS64-avl
GDT=     00000000075db000 00000057
IDT=     00000000070e8018 00000fff
CR0=80010033 CR2=0000000000000000 CR3=0000000007801000 CR4=00000668
DR0=0000000000000000 DR1=0000000000000000 DR2=0000000000000000 DR3=0000000000000000 
DR6=00000000ffff0ff0 DR7=0000000000000400
CCS=0000000000000000 CCD=00000000c0c43101 CCO=EFLAGS
EFER=0000000000000d00
Servicing hardware INT=0x20
   256: v=20 e=0000 i=0 cpl=0 IP=0038:0000000006cacc11 pc=0000000006cacc11 SP=0030:0000000007ee34b8 env->regs[R_EAX]=00000000c0c43101
RAX=00000000c0c43101 RBX=00000000070e7498 RCX=00000000070e7498 RDX=0000000000000000
RSI=0000000007f09980 RDI=44515fc33c8d294c RBP=0000000007ee3520 RSP=0000000007ee34b8
R8 =0000000007ee3620 R9 =000000006e587849 R10=00000000e21816c5 R11=00000000ad33c938
R12=0000000000000004 R13=0000000007f09880 R14=0000000000000010 R15=0000000007f09980
RIP=0000000006cacc11 RFL=00000202 [-------] CPL=0 II=0 A20=1 SMM=0 HLT=0
ES =0030 0000000000000000 ffffffff 00cf9300 DPL=0 DS   [-WA]
CS =0038 0000000000000000 ffffffff 00af9a00 DPL=0 CS64 [-R-]
SS =0030 0000000000000000 ffffffff 00cf9300 DPL=0 DS   [-WA]
DS =0030 0000000000000000 ffffffff 00cf9300 DPL=0 DS   [-WA]
FS =0030 0000000000000000 ffffffff 00cf9300 DPL=0 DS   [-WA]
GS =0030 0000000000000000 ffffffff 00cf9300 DPL=0 DS   [-WA]
LDT=0000 0000000000000000 0000ffff 00008200 DPL=0 LDT
TR =0048 00000000075db058 00000067 00008900 DPL=0 TSS64-avl
GDT=     00000000075db000 00000057
IDT=     00000000070e8018 00000fff
CR0=80010033 CR2=0000000000000000 CR3=0000000007801000 CR4=00000668
DR0=0000000000000000 DR1=0000000000000000 DR2=0000000000000000 DR3=0000000000000000 
DR6=00000000ffff0ff0 DR7=0000000000000400
CCS=0000000000000000 CCD=00000000c0c43101 CCO=EFLAGS
EFER=0000000000000d00
Servicing hardware INT=0x20
   257: v=20 e=0000 i=0 cpl=0 IP=0038:0000000006cacc11 pc=0000000006cacc11 SP=0030:0000000007ee34b8 env->regs[R_EAX]=00000000c0c43101
RAX=00000000c0c43101 RBX=00000000070e7498 RCX=00000000070e7498 RDX=0000000000000000
RSI=0000000007f09980 RDI=44515fc33c8d294c RBP=0000000007ee3520 RSP=0000000007ee34b8
R8 =0000000007ee3620 R9 =0000000094b2771f R10=000000005b00d0fa R11=0000000020425999
R12=0000000000000004 R13=0000000007f09880 R14=0000000000000010 R15=0000000007f09980
RIP=0000000006cacc11 RFL=00000202 [-------] CPL=0 II=0 A20=1 SMM=0 HLT=0
ES =0030 0000000000000000 ffffffff 00cf9300 DPL=0 DS   [-WA]
CS =0038 0000000000000000 ffffffff 00af9a00 DPL=0 CS64 [-R-]
SS =0030 0000000000000000 ffffffff 00cf9300 DPL=0 DS   [-WA]
DS =0030 0000000000000000 ffffffff 00cf9300 DPL=0 DS   [-WA]
FS =0030 0000000000000000 ffffffff 00cf9300 DPL=0 DS   [-WA]
GS =0030 0000000000000000 ffffffff 00cf9300 DPL=0 DS   [-WA]
LDT=0000 0000000000000000 0000ffff 00008200 DPL=0 LDT
TR =0048 00000000075db058 00000067 00008900 DPL=0 TSS64-avl
GDT=     00000000075db000 00000057
IDT=     00000000070e8018 00000fff
CR0=80010033 CR2=0000000000000000 CR3=0000000007801000 CR4=00000668
DR0=0000000000000000 DR1=0000000000000000 DR2=0000000000000000 DR3=0000000000000000 
DR6=00000000ffff0ff0 DR7=0000000000000400
CCS=0000000000000000 CCD=00000000c0c43101 CCO=EFLAGS
EFER=0000000000000d00
Servicing hardware INT=0x20
   258: v=20 e=0000 i=0 cpl=0 IP=0038:0000000006cacc11 pc=0000000006cacc11 SP=0030:0000000007ee34b8 env->regs[R_EAX]=00000000c0c43101
RAX=00000000c0c43101 RBX=00000000070e7498 RCX=00000000070e7498 RDX=0000000000000000
RSI=0000000007f09980 RDI=44515fc33c8d294c RBP=0000000007ee3520 RSP=0000000007ee34b8
R8 =0000000007ee3620 R9 =0000000094b2771f R10=000000005b00d0fa R11=0000000020425999
R12=0000000000000004 R13=0000000007f09880 R14=0000000000000010 R15=0000000007f09980
RIP=0000000006cacc11 RFL=00000202 [-------] CPL=0 II=0 A20=1 SMM=0 HLT=0
ES =0030 0000000000000000 ffffffff 00cf9300 DPL=0 DS   [-WA]
CS =0038 0000000000000000 ffffffff 00af9a00 DPL=0 CS64 [-R-]
SS =0030 0000000000000000 ffffffff 00cf9300 DPL=0 DS   [-WA]
DS =0030 0000000000000000 ffffffff 00cf9300 DPL=0 DS   [-WA]
FS =0030 0000000000000000 ffffffff 00cf9300 DPL=0 DS   [-WA]
GS =0030 0000000000000000 ffffffff 00cf9300 DPL=0 DS   [-WA]
LDT=0000 0000000000000000 0000ffff 00008200 DPL=0 LDT
TR =0048 00000000075db058 00000067 00008900 DPL=0 TSS64-avl
GDT=     00000000075db000 00000057
IDT=     00000000070e8018 00000fff
CR0=80010033 CR2=0000000000000000 CR3=0000000007801000 CR4=00000668
DR0=0000000000000000 DR1=0000000000000000 DR2=0000000000000000 DR3=0000000000000000 
DR6=00000000ffff0ff0 DR7=0000000000000400
CCS=0000000000000000 CCD=00000000c0c43101 CCO=EFLAGS
EFER=0000000000000d00
Servicing hardware INT=0x20
   259: v=20 e=0000 i=0 cpl=0 IP=0038:0000000006cacc11 pc=0000000006cacc11 SP=0030:0000000007ee34b8 env->regs[R_EAX]=00000000c0c43101
RAX=00000000c0c43101 RBX=00000000070e7498 RCX=00000000070e7498 RDX=0000000000000000
RSI=0000000007f09980 RDI=44515fc33c8d294c RBP=0000000007ee3520 RSP=0000000007ee34b8
R8 =0000000007ee3620 R9 =00000000cdf9471e R10=00000000f7ab1c2c R11=0000000084edc863
R12=0000000000000004 R13=0000000007f09880 R14=0000000000000010 R15=0000000007f09980
RIP=0000000006cacc11 RFL=00000202 [-------] CPL=0 II=0 A20=1 SMM=0 HLT=0
ES =0030 0000000000000000 ffffffff 00cf9300 DPL=0 DS   [-WA]
CS =0038 0000000000000000 ffffffff 00af9a00 DPL=0 CS64 [-R-]
SS =0030 0000000000000000 ffffffff 00cf9300 DPL=0 DS   [-WA]
DS =0030 0000000000000000 ffffffff 00cf9300 DPL=0 DS   [-WA]
FS =0030 0000000000000000 ffffffff 00cf9300 DPL=0 DS   [-WA]
GS =0030 0000000000000000 ffffffff 00cf9300 DPL=0 DS   [-WA]
LDT=0000 0000000000000000 0000ffff 00008200 DPL=0 LDT
TR =0048 00000000075db058 00000067 00008900 DPL=0 TSS64-avl
GDT=     00000000075db000 00000057
IDT=     00000000070e8018 00000fff
CR0=80010033 CR2=0000000000000000 CR3=0000000007801000 CR4=00000668
DR0=0000000000000000 DR1=0000000000000000 DR2=0000000000000000 DR3=0000000000000000 
DR6=00000000ffff0ff0 DR7=0000000000000400
CCS=0000000000000000 CCD=00000000c0c43101 CCO=EFLAGS
EFER=0000000000000d00
Servicing hardware INT=0x20
   260: v=20 e=0000 i=0 cpl=0 IP=0038:0000000006cacc11 pc=0000000006cacc11 SP=0030:0000000007ee34b8 env->regs[R_EAX]=00000000c0c43101
RAX=00000000c0c43101 RBX=00000000070e7498 RCX=00000000070e7498 RDX=0000000000000000
RSI=0000000007f09980 RDI=44515fc33c8d294c RBP=0000000007ee3520 RSP=0000000007ee34b8
R8 =0000000007ee3620 R9 =00000000cdf9471e R10=00000000f7ab1c2c R11=0000000084edc863
R12=0000000000000004 R13=0000000007f09880 R14=0000000000000010 R15=0000000007f09980
RIP=0000000006cacc11 RFL=00000202 [-------] CPL=0 II=0 A20=1 SMM=0 HLT=0
ES =0030 0000000000000000 ffffffff 00cf9300 DPL=0 DS   [-WA]
CS =0038 0000000000000000 ffffffff 00af9a00 DPL=0 CS64 [-R-]
SS =0030 0000000000000000 ffffffff 00cf9300 DPL=0 DS   [-WA]
DS =0030 0000000000000000 ffffffff 00cf9300 DPL=0 DS   [-WA]
FS =0030 0000000000000000 ffffffff 00cf9300 DPL=0 DS   [-WA]
GS =0030 0000000000000000 ffffffff 00cf9300 DPL=0 DS   [-WA]
LDT=0000 0000000000000000 0000ffff 00008200 DPL=0 LDT
TR =0048 00000000075db058 00000067 00008900 DPL=0 TSS64-avl
GDT=     00000000075db000 00000057
IDT=     00000000070e8018 00000fff
CR0=80010033 CR2=0000000000000000 CR3=0000000007801000 CR4=00000668
DR0=0000000000000000 DR1=0000000000000000 DR2=0000000000000000 DR3=0000000000000000 
DR6=00000000ffff0ff0 DR7=0000000000000400
CCS=0000000000000000 CCD=00000000c0c43101 CCO=EFLAGS
EFER=0000000000000d00
Servicing hardware INT=0x20
   261: v=20 e=0000 i=0 cpl=0 IP=0038:0000000006cacc11 pc=0000000006cacc11 SP=0030:0000000007ee34b8 env->regs[R_EAX]=00000000c0c43101
RAX=00000000c0c43101 RBX=00000000070e7498 RCX=00000000070e7498 RDX=0000000000000000
RSI=0000000007f09980 RDI=44515fc33c8d294c RBP=0000000007ee3520 RSP=0000000007ee34b8
R8 =0000000007ee3620 R9 =000000009e977a87 R10=00000000e4affe4a R11=00000000838eb38e
R12=0000000000000004 R13=0000000007f09880 R14=0000000000000010 R15=0000000007f09980
RIP=0000000006cacc11 RFL=00000202 [-------] CPL=0 II=0 A20=1 SMM=0 HLT=0
ES =0030 0000000000000000 ffffffff 00cf9300 DPL=0 DS   [-WA]
CS =0038 0000000000000000 ffffffff 00af9a00 DPL=0 CS64 [-R-]
SS =0030 0000000000000000 ffffffff 00cf9300 DPL=0 DS   [-WA]
DS =0030 0000000000000000 ffffffff 00cf9300 DPL=0 DS   [-WA]
FS =0030 0000000000000000 ffffffff 00cf9300 DPL=0 DS   [-WA]
GS =0030 0000000000000000 ffffffff 00cf9300 DPL=0 DS   [-WA]
LDT=0000 0000000000000000 0000ffff 00008200 DPL=0 LDT
TR =0048 00000000075db058 00000067 00008900 DPL=0 TSS64-avl
GDT=     00000000075db000 00000057
IDT=     00000000070e8018 00000fff
CR0=80010033 CR2=0000000000000000 CR3=0000000007801000 CR4=00000668
DR0=0000000000000000 DR1=0000000000000000 DR2=0000000000000000 DR3=0000000000000000 
DR6=00000000ffff0ff0 DR7=0000000000000400
CCS=0000000000000000 CCD=00000000c0c43101 CCO=EFLAGS
EFER=0000000000000d00
Servicing hardware INT=0x20
   262: v=20 e=0000 i=0 cpl=0 IP=0038:0000000006cacc11 pc=0000000006cacc11 SP=0030:0000000007ee34b8 env->regs[R_EAX]=00000000c0c43101
RAX=00000000c0c43101 RBX=00000000070e7498 RCX=00000000070e7498 RDX=0000000000000000
RSI=0000000007f09980 RDI=44515fc33c8d294c RBP=0000000007ee3520 RSP=0000000007ee34b8
R8 =0000000007ee3620 R9 =000000009e977a87 R10=00000000e4affe4a R11=00000000838eb38e
R12=0000000000000004 R13=0000000007f09880 R14=0000000000000010 R15=0000000007f09980
RIP=0000000006cacc11 RFL=00000202 [-------] CPL=0 II=0 A20=1 SMM=0 HLT=0
ES =0030 0000000000000000 ffffffff 00cf9300 DPL=0 DS   [-WA]
CS =0038 0000000000000000 ffffffff 00af9a00 DPL=0 CS64 [-R-]
SS =0030 0000000000000000 ffffffff 00cf9300 DPL=0 DS   [-WA]
DS =0030 0000000000000000 ffffffff 00cf9300 DPL=0 DS   [-WA]
FS =0030 0000000000000000 ffffffff 00cf9300 DPL=0 DS   [-WA]
GS =0030 0000000000000000 ffffffff 00cf9300 DPL=0 DS   [-WA]
LDT=0000 0000000000000000 0000ffff 00008200 DPL=0 LDT
TR =0048 00000000075db058 00000067 00008900 DPL=0 TSS64-avl
GDT=     00000000075db000 00000057
IDT=     00000000070e8018 00000fff
CR0=80010033 CR2=0000000000000000 CR3=0000000007801000 CR4=00000668
DR0=0000000000000000 DR1=0000000000000000 DR2=0000000000000000 DR3=0000000000000000 
DR6=00000000ffff0ff0 DR7=0000000000000400
CCS=0000000000000000 CCD=00000000c0c43101 CCO=EFLAGS
EFER=0000000000000d00
Servicing hardware INT=0x20
   263: v=20 e=0000 i=0 cpl=0 IP=0038:0000000006cacc11 pc=0000000006cacc11 SP=0030:0000000007ee34b8 env->regs[R_EAX]=00000000c0c43101
RAX=00000000c0c43101 RBX=00000000070e7498 RCX=00000000070e7498 RDX=0000000000000000
RSI=0000000007f09980 RDI=44515fc33c8d294c RBP=0000000007ee3520 RSP=0000000007ee34b8
R8 =0000000007ee3620 R9 =00000000f66c8cf9 R10=00000000faf75a95 R11=000000004b5a9eb7
R12=0000000000000004 R13=0000000007f09880 R14=0000000000000010 R15=0000000007f09980
RIP=0000000006cacc11 RFL=00000202 [-------] CPL=0 II=0 A20=1 SMM=0 HLT=0
ES =0030 0000000000000000 ffffffff 00cf9300 DPL=0 DS   [-WA]
CS =0038 0000000000000000 ffffffff 00af9a00 DPL=0 CS64 [-R-]
SS =0030 0000000000000000 ffffffff 00cf9300 DPL=0 DS   [-WA]
DS =0030 0000000000000000 ffffffff 00cf9300 DPL=0 DS   [-WA]
FS =0030 0000000000000000 ffffffff 00cf9300 DPL=0 DS   [-WA]
GS =0030 0000000000000000 ffffffff 00cf9300 DPL=0 DS   [-WA]
LDT=0000 0000000000000000 0000ffff 00008200 DPL=0 LDT
TR =0048 00000000075db058 00000067 00008900 DPL=0 TSS64-avl
GDT=     00000000075db000 00000057
IDT=     00000000070e8018 00000fff
CR0=80010033 CR2=0000000000000000 CR3=0000000007801000 CR4=00000668
DR0=0000000000000000 DR1=0000000000000000 DR2=0000000000000000 DR3=0000000000000000 
DR6=00000000ffff0ff0 DR7=0000000000000400
CCS=0000000000000000 CCD=00000000c0c43101 CCO=EFLAGS
EFER=0000000000000d00
Servicing hardware INT=0x20
   264: v=20 e=0000 i=0 cpl=0 IP=0038:0000000006cacc11 pc=0000000006cacc11 SP=0030:0000000007ee34b8 env->regs[R_EAX]=00000000c0c43101
RAX=00000000c0c43101 RBX=00000000070e7498 RCX=00000000070e7498 RDX=0000000000000000
RSI=0000000007f09980 RDI=44515fc33c8d294c RBP=0000000007ee3520 RSP=0000000007ee34b8
R8 =0000000007ee3620 R9 =00000000f66c8cf9 R10=00000000faf75a95 R11=000000004b5a9eb7
R12=0000000000000004 R13=0000000007f09880 R14=0000000000000010 R15=0000000007f09980
RIP=0000000006cacc11 RFL=00000202 [-------] CPL=0 II=0 A20=1 SMM=0 HLT=0
ES =0030 0000000000000000 ffffffff 00cf9300 DPL=0 DS   [-WA]
CS =0038 0000000000000000 ffffffff 00af9a00 DPL=0 CS64 [-R-]
SS =0030 0000000000000000 ffffffff 00cf9300 DPL=0 DS   [-WA]
DS =0030 0000000000000000 ffffffff 00cf9300 DPL=0 DS   [-WA]
FS =0030 0000000000000000 ffffffff 00cf9300 DPL=0 DS   [-WA]
GS =0030 0000000000000000 ffffffff 00cf9300 DPL=0 DS   [-WA]
LDT=0000 0000000000000000 0000ffff 00008200 DPL=0 LDT
TR =0048 00000000075db058 00000067 00008900 DPL=0 TSS64-avl
GDT=     00000000075db000 00000057
IDT=     00000000070e8018 00000fff
CR0=80010033 CR2=0000000000000000 CR3=0000000007801000 CR4=00000668
DR0=0000000000000000 DR1=0000000000000000 DR2=0000000000000000 DR3=0000000000000000 
DR6=00000000ffff0ff0 DR7=0000000000000400
CCS=0000000000000000 CCD=00000000c0c43101 CCO=EFLAGS
EFER=0000000000000d00
Servicing hardware INT=0x20
   265: v=20 e=0000 i=0 cpl=0 IP=0038:0000000006cacc11 pc=0000000006cacc11 SP=0030:0000000007ee34b8 env->regs[R_EAX]=00000000c0c43101
RAX=00000000c0c43101 RBX=00000000070e7498 RCX=00000000070e7498 RDX=0000000000000000
RSI=0000000007f09980 RDI=44515fc33c8d294c RBP=0000000007ee3520 RSP=0000000007ee34b8
R8 =0000000007ee3620 R9 =00000000d1078a26 R10=00000000cd09045d R11=000000003477d167
R12=0000000000000004 R13=0000000007f09880 R14=0000000000000010 R15=0000000007f09980
RIP=0000000006cacc11 RFL=00000202 [-------] CPL=0 II=0 A20=1 SMM=0 HLT=0
ES =0030 0000000000000000 ffffffff 00cf9300 DPL=0 DS   [-WA]
CS =0038 0000000000000000 ffffffff 00af9a00 DPL=0 CS64 [-R-]
SS =0030 0000000000000000 ffffffff 00cf9300 DPL=0 DS   [-WA]
DS =0030 0000000000000000 ffffffff 00cf9300 DPL=0 DS   [-WA]
FS =0030 0000000000000000 ffffffff 00cf9300 DPL=0 DS   [-WA]
GS =0030 0000000000000000 ffffffff 00cf9300 DPL=0 DS   [-WA]
LDT=0000 0000000000000000 0000ffff 00008200 DPL=0 LDT
TR =0048 00000000075db058 00000067 00008900 DPL=0 TSS64-avl
GDT=     00000000075db000 00000057
IDT=     00000000070e8018 00000fff
CR0=80010033 CR2=0000000000000000 CR3=0000000007801000 CR4=00000668
DR0=0000000000000000 DR1=0000000000000000 DR2=0000000000000000 DR3=0000000000000000 
DR6=00000000ffff0ff0 DR7=0000000000000400
CCS=0000000000000000 CCD=00000000c0c43101 CCO=EFLAGS
EFER=0000000000000d00
Servicing hardware INT=0x20
   266: v=20 e=0000 i=0 cpl=0 IP=0038:0000000006cacc11 pc=0000000006cacc11 SP=0030:0000000007ee34b8 env->regs[R_EAX]=00000000c0c43101
RAX=00000000c0c43101 RBX=00000000070e7498 RCX=00000000070e7498 RDX=0000000000000000
RSI=0000000007f09980 RDI=44515fc33c8d294c RBP=0000000007ee3520 RSP=0000000007ee34b8
R8 =0000000007ee3620 R9 =00000000d1078a26 R10=00000000cd09045d R11=000000003477d167
R12=0000000000000004 R13=0000000007f09880 R14=0000000000000010 R15=0000000007f09980
RIP=0000000006cacc11 RFL=00000202 [-------] CPL=0 II=0 A20=1 SMM=0 HLT=0
ES =0030 0000000000000000 ffffffff 00cf9300 DPL=0 DS   [-WA]
CS =0038 0000000000000000 ffffffff 00af9a00 DPL=0 CS64 [-R-]
SS =0030 0000000000000000 ffffffff 00cf9300 DPL=0 DS   [-WA]
DS =0030 0000000000000000 ffffffff 00cf9300 DPL=0 DS   [-WA]
FS =0030 0000000000000000 ffffffff 00cf9300 DPL=0 DS   [-WA]
GS =0030 0000000000000000 ffffffff 00cf9300 DPL=0 DS   [-WA]
LDT=0000 0000000000000000 0000ffff 00008200 DPL=0 LDT
TR =0048 00000000075db058 00000067 00008900 DPL=0 TSS64-avl
GDT=     00000000075db000 00000057
IDT=     00000000070e8018 00000fff
CR0=80010033 CR2=0000000000000000 CR3=0000000007801000 CR4=00000668
DR0=0000000000000000 DR1=0000000000000000 DR2=0000000000000000 DR3=0000000000000000 
DR6=00000000ffff0ff0 DR7=0000000000000400
CCS=0000000000000000 CCD=00000000c0c43101 CCO=EFLAGS
EFER=0000000000000d00
Servicing hardware INT=0x20
   267: v=20 e=0000 i=0 cpl=0 IP=0038:0000000006cacc11 pc=0000000006cacc11 SP=0030:0000000007ee34b8 env->regs[R_EAX]=00000000c0c43101
RAX=00000000c0c43101 RBX=00000000070e7498 RCX=00000000070e7498 RDX=0000000000000000
RSI=0000000007f09980 RDI=44515fc33c8d294c RBP=0000000007ee3520 RSP=0000000007ee34b8
R8 =0000000007ee3620 R9 =00000000e15b05e0 R10=0000000054377733 R11=0000000090ae9ad8
R12=0000000000000004 R13=0000000007f09880 R14=0000000000000010 R15=0000000007f09980
RIP=0000000006cacc11 RFL=00000202 [-------] CPL=0 II=0 A20=1 SMM=0 HLT=0
ES =0030 0000000000000000 ffffffff 00cf9300 DPL=0 DS   [-WA]
CS =0038 0000000000000000 ffffffff 00af9a00 DPL=0 CS64 [-R-]
SS =0030 0000000000000000 ffffffff 00cf9300 DPL=0 DS   [-WA]
DS =0030 0000000000000000 ffffffff 00cf9300 DPL=0 DS   [-WA]
FS =0030 0000000000000000 ffffffff 00cf9300 DPL=0 DS   [-WA]
GS =0030 0000000000000000 ffffffff 00cf9300 DPL=0 DS   [-WA]
LDT=0000 0000000000000000 0000ffff 00008200 DPL=0 LDT
TR =0048 00000000075db058 00000067 00008900 DPL=0 TSS64-avl
GDT=     00000000075db000 00000057
IDT=     00000000070e8018 00000fff
CR0=80010033 CR2=0000000000000000 CR3=0000000007801000 CR4=00000668
DR0=0000000000000000 DR1=0000000000000000 DR2=0000000000000000 DR3=0000000000000000 
DR6=00000000ffff0ff0 DR7=0000000000000400
CCS=0000000000000000 CCD=00000000c0c43101 CCO=EFLAGS
EFER=0000000000000d00
Servicing hardware INT=0x20
   268: v=20 e=0000 i=0 cpl=0 IP=0038:0000000006cacc11 pc=0000000006cacc11 SP=0030:0000000007ee34b8 env->regs[R_EAX]=00000000c0c43101
RAX=00000000c0c43101 RBX=00000000070e7498 RCX=00000000070e7498 RDX=0000000000000000
RSI=0000000007f09980 RDI=44515fc33c8d294c RBP=0000000007ee3520 RSP=0000000007ee34b8
R8 =0000000007ee3620 R9 =00000000e15b05e0 R10=0000000054377733 R11=0000000090ae9ad8
R12=0000000000000004 R13=0000000007f09880 R14=0000000000000010 R15=0000000007f09980
RIP=0000000006cacc11 RFL=00000202 [-------] CPL=0 II=0 A20=1 SMM=0 HLT=0
ES =0030 0000000000000000 ffffffff 00cf9300 DPL=0 DS   [-WA]
CS =0038 0000000000000000 ffffffff 00af9a00 DPL=0 CS64 [-R-]
SS =0030 0000000000000000 ffffffff 00cf9300 DPL=0 DS   [-WA]
DS =0030 0000000000000000 ffffffff 00cf9300 DPL=0 DS   [-WA]
FS =0030 0000000000000000 ffffffff 00cf9300 DPL=0 DS   [-WA]
GS =0030 0000000000000000 ffffffff 00cf9300 DPL=0 DS   [-WA]
LDT=0000 0000000000000000 0000ffff 00008200 DPL=0 LDT
TR =0048 00000000075db058 00000067 00008900 DPL=0 TSS64-avl
GDT=     00000000075db000 00000057
IDT=     00000000070e8018 00000fff
CR0=80010033 CR2=0000000000000000 CR3=0000000007801000 CR4=00000668
DR0=0000000000000000 DR1=0000000000000000 DR2=0000000000000000 DR3=0000000000000000 
DR6=00000000ffff0ff0 DR7=0000000000000400
CCS=0000000000000000 CCD=00000000c0c43101 CCO=EFLAGS
EFER=0000000000000d00
Servicing hardware INT=0x20
   269: v=20 e=0000 i=0 cpl=0 IP=0038:0000000006cacc11 pc=0000000006cacc11 SP=0030:0000000007ee34b8 env->regs[R_EAX]=00000000c0c43101
RAX=00000000c0c43101 RBX=00000000070e7498 RCX=00000000070e7498 RDX=0000000000000000
RSI=0000000007f09980 RDI=44515fc33c8d294c RBP=0000000007ee3520 RSP=0000000007ee34b8
R8 =0000000007ee3620 R9 =00000000e26cb368 R10=0000000034da41f3 R11=0000000079638ed9
R12=0000000000000004 R13=0000000007f09880 R14=0000000000000010 R15=0000000007f09980
RIP=0000000006cacc11 RFL=00000202 [-------] CPL=0 II=0 A20=1 SMM=0 HLT=0
ES =0030 0000000000000000 ffffffff 00cf9300 DPL=0 DS   [-WA]
CS =0038 0000000000000000 ffffffff 00af9a00 DPL=0 CS64 [-R-]
SS =0030 0000000000000000 ffffffff 00cf9300 DPL=0 DS   [-WA]
DS =0030 0000000000000000 ffffffff 00cf9300 DPL=0 DS   [-WA]
FS =0030 0000000000000000 ffffffff 00cf9300 DPL=0 DS   [-WA]
GS =0030 0000000000000000 ffffffff 00cf9300 DPL=0 DS   [-WA]
LDT=0000 0000000000000000 0000ffff 00008200 DPL=0 LDT
TR =0048 00000000075db058 00000067 00008900 DPL=0 TSS64-avl
GDT=     00000000075db000 00000057
IDT=     00000000070e8018 00000fff
CR0=80010033 CR2=0000000000000000 CR3=0000000007801000 CR4=00000668
DR0=0000000000000000 DR1=0000000000000000 DR2=0000000000000000 DR3=0000000000000000 
DR6=00000000ffff0ff0 DR7=0000000000000400
CCS=0000000000000000 CCD=00000000c0c43101 CCO=EFLAGS
EFER=0000000000000d00
Servicing hardware INT=0x20
   270: v=20 e=0000 i=0 cpl=0 IP=0038:0000000006cacc11 pc=0000000006cacc11 SP=0030:0000000007ee34b8 env->regs[R_EAX]=00000000c0c43101
RAX=00000000c0c43101 RBX=00000000070e7498 RCX=00000000070e7498 RDX=0000000000000000
RSI=0000000007f09980 RDI=44515fc33c8d294c RBP=0000000007ee3520 RSP=0000000007ee34b8
R8 =0000000007ee3620 R9 =00000000e26cb368 R10=0000000034da41f3 R11=0000000079638ed9
R12=0000000000000004 R13=0000000007f09880 R14=0000000000000010 R15=0000000007f09980
RIP=0000000006cacc11 RFL=00000202 [-------] CPL=0 II=0 A20=1 SMM=0 HLT=0
ES =0030 0000000000000000 ffffffff 00cf9300 DPL=0 DS   [-WA]
CS =0038 0000000000000000 ffffffff 00af9a00 DPL=0 CS64 [-R-]
SS =0030 0000000000000000 ffffffff 00cf9300 DPL=0 DS   [-WA]
DS =0030 0000000000000000 ffffffff 00cf9300 DPL=0 DS   [-WA]
FS =0030 0000000000000000 ffffffff 00cf9300 DPL=0 DS   [-WA]
GS =0030 0000000000000000 ffffffff 00cf9300 DPL=0 DS   [-WA]
LDT=0000 0000000000000000 0000ffff 00008200 DPL=0 LDT
TR =0048 00000000075db058 00000067 00008900 DPL=0 TSS64-avl
GDT=     00000000075db000 00000057
IDT=     00000000070e8018 00000fff
CR0=80010033 CR2=0000000000000000 CR3=0000000007801000 CR4=00000668
DR0=0000000000000000 DR1=0000000000000000 DR2=0000000000000000 DR3=0000000000000000 
DR6=00000000ffff0ff0 DR7=0000000000000400
CCS=0000000000000000 CCD=00000000c0c43101 CCO=EFLAGS
EFER=0000000000000d00
Servicing hardware INT=0x20
   271: v=20 e=0000 i=0 cpl=0 IP=0038:0000000006cacc11 pc=0000000006cacc11 SP=0030:0000000007ee34b8 env->regs[R_EAX]=00000000c0c43101
RAX=00000000c0c43101 RBX=00000000070e7498 RCX=00000000070e7498 RDX=0000000000000000
RSI=0000000007f09980 RDI=44515fc33c8d294c RBP=0000000007ee3520 RSP=0000000007ee34b8
R8 =0000000007ee3620 R9 =00000000d806c97f R10=00000000e3280fc7 R11=000000005098e946
R12=0000000000000004 R13=0000000007f09880 R14=0000000000000010 R15=0000000007f09980
RIP=0000000006cacc11 RFL=00000202 [-------] CPL=0 II=0 A20=1 SMM=0 HLT=0
ES =0030 0000000000000000 ffffffff 00cf9300 DPL=0 DS   [-WA]
CS =0038 0000000000000000 ffffffff 00af9a00 DPL=0 CS64 [-R-]
SS =0030 0000000000000000 ffffffff 00cf9300 DPL=0 DS   [-WA]
DS =0030 0000000000000000 ffffffff 00cf9300 DPL=0 DS   [-WA]
FS =0030 0000000000000000 ffffffff 00cf9300 DPL=0 DS   [-WA]
GS =0030 0000000000000000 ffffffff 00cf9300 DPL=0 DS   [-WA]
LDT=0000 0000000000000000 0000ffff 00008200 DPL=0 LDT
TR =0048 00000000075db058 00000067 00008900 DPL=0 TSS64-avl
GDT=     00000000075db000 00000057
IDT=     00000000070e8018 00000fff
CR0=80010033 CR2=0000000000000000 CR3=0000000007801000 CR4=00000668
DR0=0000000000000000 DR1=0000000000000000 DR2=0000000000000000 DR3=0000000000000000 
DR6=00000000ffff0ff0 DR7=0000000000000400
CCS=0000000000000000 CCD=00000000c0c43101 CCO=EFLAGS
EFER=0000000000000d00
Servicing hardware INT=0x20
   272: v=20 e=0000 i=0 cpl=0 IP=0038:0000000006cacc11 pc=0000000006cacc11 SP=0030:0000000007ee34b8 env->regs[R_EAX]=00000000c0c43101
RAX=00000000c0c43101 RBX=00000000070e7498 RCX=00000000070e7498 RDX=0000000000000000
RSI=0000000007f09980 RDI=44515fc33c8d294c RBP=0000000007ee3520 RSP=0000000007ee34b8
R8 =0000000007ee3620 R9 =00000000d806c97f R10=00000000e3280fc7 R11=000000005098e946
R12=0000000000000004 R13=0000000007f09880 R14=0000000000000010 R15=0000000007f09980
RIP=0000000006cacc11 RFL=00000202 [-------] CPL=0 II=0 A20=1 SMM=0 HLT=0
ES =0030 0000000000000000 ffffffff 00cf9300 DPL=0 DS   [-WA]
CS =0038 0000000000000000 ffffffff 00af9a00 DPL=0 CS64 [-R-]
SS =0030 0000000000000000 ffffffff 00cf9300 DPL=0 DS   [-WA]
DS =0030 0000000000000000 ffffffff 00cf9300 DPL=0 DS   [-WA]
FS =0030 0000000000000000 ffffffff 00cf9300 DPL=0 DS   [-WA]
GS =0030 0000000000000000 ffffffff 00cf9300 DPL=0 DS   [-WA]
LDT=0000 0000000000000000 0000ffff 00008200 DPL=0 LDT
TR =0048 00000000075db058 00000067 00008900 DPL=0 TSS64-avl
GDT=     00000000075db000 00000057
IDT=     00000000070e8018 00000fff
CR0=80010033 CR2=0000000000000000 CR3=0000000007801000 CR4=00000668
DR0=0000000000000000 DR1=0000000000000000 DR2=0000000000000000 DR3=0000000000000000 
DR6=00000000ffff0ff0 DR7=0000000000000400
CCS=0000000000000000 CCD=00000000c0c43101 CCO=EFLAGS
EFER=0000000000000d00
Servicing hardware INT=0x20
   273: v=20 e=0000 i=0 cpl=0 IP=0038:0000000006cacc11 pc=0000000006cacc11 SP=0030:0000000007ee34b8 env->regs[R_EAX]=00000000c0c43101
RAX=00000000c0c43101 RBX=00000000070e7498 RCX=00000000070e7498 RDX=0000000000000000
RSI=0000000007f09980 RDI=44515fc33c8d294c RBP=0000000007ee3520 RSP=0000000007ee34b8
R8 =0000000007ee3620 R9 =000000000d14ca34 R10=000000003292269e R11=000000001ac6bde9
R12=0000000000000004 R13=0000000007f09880 R14=0000000000000010 R15=0000000007f09980
RIP=0000000006cacc11 RFL=00000202 [-------] CPL=0 II=0 A20=1 SMM=0 HLT=0
ES =0030 0000000000000000 ffffffff 00cf9300 DPL=0 DS   [-WA]
CS =0038 0000000000000000 ffffffff 00af9a00 DPL=0 CS64 [-R-]
SS =0030 0000000000000000 ffffffff 00cf9300 DPL=0 DS   [-WA]
DS =0030 0000000000000000 ffffffff 00cf9300 DPL=0 DS   [-WA]
FS =0030 0000000000000000 ffffffff 00cf9300 DPL=0 DS   [-WA]
GS =0030 0000000000000000 ffffffff 00cf9300 DPL=0 DS   [-WA]
LDT=0000 0000000000000000 0000ffff 00008200 DPL=0 LDT
TR =0048 00000000075db058 00000067 00008900 DPL=0 TSS64-avl
GDT=     00000000075db000 00000057
IDT=     00000000070e8018 00000fff
CR0=80010033 CR2=0000000000000000 CR3=0000000007801000 CR4=00000668
DR0=0000000000000000 DR1=0000000000000000 DR2=0000000000000000 DR3=0000000000000000 
DR6=00000000ffff0ff0 DR7=0000000000000400
CCS=0000000000000000 CCD=00000000c0c43101 CCO=EFLAGS
EFER=0000000000000d00
Servicing hardware INT=0x20
   274: v=20 e=0000 i=0 cpl=0 IP=0038:0000000006cacc11 pc=0000000006cacc11 SP=0030:0000000007ee34b8 env->regs[R_EAX]=00000000c0c43101
RAX=00000000c0c43101 RBX=00000000070e7498 RCX=00000000070e7498 RDX=0000000000000000
RSI=0000000007f09980 RDI=44515fc33c8d294c RBP=0000000007ee3520 RSP=0000000007ee34b8
R8 =0000000007ee3620 R9 =000000000d14ca34 R10=000000003292269e R11=000000001ac6bde9
R12=0000000000000004 R13=0000000007f09880 R14=0000000000000010 R15=0000000007f09980
RIP=0000000006cacc11 RFL=00000202 [-------] CPL=0 II=0 A20=1 SMM=0 HLT=0
ES =0030 0000000000000000 ffffffff 00cf9300 DPL=0 DS   [-WA]
CS =0038 0000000000000000 ffffffff 00af9a00 DPL=0 CS64 [-R-]
SS =0030 0000000000000000 ffffffff 00cf9300 DPL=0 DS   [-WA]
DS =0030 0000000000000000 ffffffff 00cf9300 DPL=0 DS   [-WA]
FS =0030 0000000000000000 ffffffff 00cf9300 DPL=0 DS   [-WA]
GS =0030 0000000000000000 ffffffff 00cf9300 DPL=0 DS   [-WA]
LDT=0000 0000000000000000 0000ffff 00008200 DPL=0 LDT
TR =0048 00000000075db058 00000067 00008900 DPL=0 TSS64-avl
GDT=     00000000075db000 00000057
IDT=     00000000070e8018 00000fff
CR0=80010033 CR2=0000000000000000 CR3=0000000007801000 CR4=00000668
DR0=0000000000000000 DR1=0000000000000000 DR2=0000000000000000 DR3=0000000000000000 
DR6=00000000ffff0ff0 DR7=0000000000000400
CCS=0000000000000000 CCD=00000000c0c43101 CCO=EFLAGS
EFER=0000000000000d00
Servicing hardware INT=0x20
   275: v=20 e=0000 i=0 cpl=0 IP=0038:0000000006cacc11 pc=0000000006cacc11 SP=0030:0000000007ee34b8 env->regs[R_EAX]=00000000c0c43101
RAX=00000000c0c43101 RBX=00000000070e7498 RCX=00000000070e7498 RDX=0000000000000000
RSI=0000000007f09980 RDI=44515fc33c8d294c RBP=0000000007ee3520 RSP=0000000007ee34b8
R8 =0000000007ee3620 R9 =00000000d1db485d R10=00000000774ce233 R11=00000000db6fe3cd
R12=0000000000000004 R13=0000000007f09880 R14=0000000000000010 R15=0000000007f09980
RIP=0000000006cacc11 RFL=00000202 [-------] CPL=0 II=0 A20=1 SMM=0 HLT=0
ES =0030 0000000000000000 ffffffff 00cf9300 DPL=0 DS   [-WA]
CS =0038 0000000000000000 ffffffff 00af9a00 DPL=0 CS64 [-R-]
SS =0030 0000000000000000 ffffffff 00cf9300 DPL=0 DS   [-WA]
DS =0030 0000000000000000 ffffffff 00cf9300 DPL=0 DS   [-WA]
FS =0030 0000000000000000 ffffffff 00cf9300 DPL=0 DS   [-WA]
GS =0030 0000000000000000 ffffffff 00cf9300 DPL=0 DS   [-WA]
LDT=0000 0000000000000000 0000ffff 00008200 DPL=0 LDT
TR =0048 00000000075db058 00000067 00008900 DPL=0 TSS64-avl
GDT=     00000000075db000 00000057
IDT=     00000000070e8018 00000fff
CR0=80010033 CR2=0000000000000000 CR3=0000000007801000 CR4=00000668
DR0=0000000000000000 DR1=0000000000000000 DR2=0000000000000000 DR3=0000000000000000 
DR6=00000000ffff0ff0 DR7=0000000000000400
CCS=0000000000000000 CCD=00000000c0c43101 CCO=EFLAGS
EFER=0000000000000d00
Servicing hardware INT=0x20
   276: v=20 e=0000 i=0 cpl=0 IP=0038:0000000006cacc11 pc=0000000006cacc11 SP=0030:0000000007ee34b8 env->regs[R_EAX]=00000000c0c43101
RAX=00000000c0c43101 RBX=00000000070e7498 RCX=00000000070e7498 RDX=0000000000000000
RSI=0000000007f09980 RDI=44515fc33c8d294c RBP=0000000007ee3520 RSP=0000000007ee34b8
R8 =0000000007ee3620 R9 =00000000d1db485d R10=00000000774ce233 R11=00000000db6fe3cd
R12=0000000000000004 R13=0000000007f09880 R14=0000000000000010 R15=0000000007f09980
RIP=0000000006cacc11 RFL=00000202 [-------] CPL=0 II=0 A20=1 SMM=0 HLT=0
ES =0030 0000000000000000 ffffffff 00cf9300 DPL=0 DS   [-WA]
CS =0038 0000000000000000 ffffffff 00af9a00 DPL=0 CS64 [-R-]
SS =0030 0000000000000000 ffffffff 00cf9300 DPL=0 DS   [-WA]
DS =0030 0000000000000000 ffffffff 00cf9300 DPL=0 DS   [-WA]
FS =0030 0000000000000000 ffffffff 00cf9300 DPL=0 DS   [-WA]
GS =0030 0000000000000000 ffffffff 00cf9300 DPL=0 DS   [-WA]
LDT=0000 0000000000000000 0000ffff 00008200 DPL=0 LDT
TR =0048 00000000075db058 00000067 00008900 DPL=0 TSS64-avl
GDT=     00000000075db000 00000057
IDT=     00000000070e8018 00000fff
CR0=80010033 CR2=0000000000000000 CR3=0000000007801000 CR4=00000668
DR0=0000000000000000 DR1=0000000000000000 DR2=0000000000000000 DR3=0000000000000000 
DR6=00000000ffff0ff0 DR7=0000000000000400
CCS=0000000000000000 CCD=00000000c0c43101 CCO=EFLAGS
EFER=0000000000000d00
Servicing hardware INT=0x20
   277: v=20 e=0000 i=0 cpl=0 IP=0038:0000000006cacc11 pc=0000000006cacc11 SP=0030:0000000007ee34b8 env->regs[R_EAX]=00000000c0c43101
RAX=00000000c0c43101 RBX=00000000070e7498 RCX=00000000070e7498 RDX=0000000000000000
RSI=0000000007f09980 RDI=44515fc33c8d294c RBP=0000000007ee3520 RSP=0000000007ee34b8
R8 =0000000007ee3620 R9 =000000008440895b R10=00000000bb369765 R11=00000000d289f3c5
R12=0000000000000004 R13=0000000007f09880 R14=0000000000000010 R15=0000000007f09980
RIP=0000000006cacc11 RFL=00000202 [-------] CPL=0 II=0 A20=1 SMM=0 HLT=0
ES =0030 0000000000000000 ffffffff 00cf9300 DPL=0 DS   [-WA]
CS =0038 0000000000000000 ffffffff 00af9a00 DPL=0 CS64 [-R-]
SS =0030 0000000000000000 ffffffff 00cf9300 DPL=0 DS   [-WA]
DS =0030 0000000000000000 ffffffff 00cf9300 DPL=0 DS   [-WA]
FS =0030 0000000000000000 ffffffff 00cf9300 DPL=0 DS   [-WA]
GS =0030 0000000000000000 ffffffff 00cf9300 DPL=0 DS   [-WA]
LDT=0000 0000000000000000 0000ffff 00008200 DPL=0 LDT
TR =0048 00000000075db058 00000067 00008900 DPL=0 TSS64-avl
GDT=     00000000075db000 00000057
IDT=     00000000070e8018 00000fff
CR0=80010033 CR2=0000000000000000 CR3=0000000007801000 CR4=00000668
DR0=0000000000000000 DR1=0000000000000000 DR2=0000000000000000 DR3=0000000000000000 
DR6=00000000ffff0ff0 DR7=0000000000000400
CCS=0000000000000000 CCD=00000000c0c43101 CCO=EFLAGS
EFER=0000000000000d00
Servicing hardware INT=0x20
   278: v=20 e=0000 i=0 cpl=0 IP=0038:0000000006cacc11 pc=0000000006cacc11 SP=0030:0000000007ee34b8 env->regs[R_EAX]=00000000c0c43101
RAX=00000000c0c43101 RBX=00000000070e7498 RCX=00000000070e7498 RDX=0000000000000000
RSI=0000000007f09980 RDI=44515fc33c8d294c RBP=0000000007ee3520 RSP=0000000007ee34b8
R8 =0000000007ee3620 R9 =000000008440895b R10=00000000bb369765 R11=00000000d289f3c5
R12=0000000000000004 R13=0000000007f09880 R14=0000000000000010 R15=0000000007f09980
RIP=0000000006cacc11 RFL=00000202 [-------] CPL=0 II=0 A20=1 SMM=0 HLT=0
ES =0030 0000000000000000 ffffffff 00cf9300 DPL=0 DS   [-WA]
CS =0038 0000000000000000 ffffffff 00af9a00 DPL=0 CS64 [-R-]
SS =0030 0000000000000000 ffffffff 00cf9300 DPL=0 DS   [-WA]
DS =0030 0000000000000000 ffffffff 00cf9300 DPL=0 DS   [-WA]
FS =0030 0000000000000000 ffffffff 00cf9300 DPL=0 DS   [-WA]
GS =0030 0000000000000000 ffffffff 00cf9300 DPL=0 DS   [-WA]
LDT=0000 0000000000000000 0000ffff 00008200 DPL=0 LDT
TR =0048 00000000075db058 00000067 00008900 DPL=0 TSS64-avl
GDT=     00000000075db000 00000057
IDT=     00000000070e8018 00000fff
CR0=80010033 CR2=0000000000000000 CR3=0000000007801000 CR4=00000668
DR0=0000000000000000 DR1=0000000000000000 DR2=0000000000000000 DR3=0000000000000000 
DR6=00000000ffff0ff0 DR7=0000000000000400
CCS=0000000000000000 CCD=00000000c0c43101 CCO=EFLAGS
EFER=0000000000000d00
Servicing hardware INT=0x20
   279: v=20 e=0000 i=0 cpl=0 IP=0038:0000000006cacc11 pc=0000000006cacc11 SP=0030:0000000007ee34b8 env->regs[R_EAX]=00000000c0c43101
RAX=00000000c0c43101 RBX=00000000070e7498 RCX=00000000070e7498 RDX=0000000000000000
RSI=0000000007f09980 RDI=44515fc33c8d294c RBP=0000000007ee3520 RSP=0000000007ee34b8
R8 =0000000007ee3620 R9 =0000000088fac51a R10=000000003ede3416 R11=000000006fba1b05
R12=0000000000000004 R13=0000000007f09880 R14=0000000000000010 R15=0000000007f09980
RIP=0000000006cacc11 RFL=00000202 [-------] CPL=0 II=0 A20=1 SMM=0 HLT=0
ES =0030 0000000000000000 ffffffff 00cf9300 DPL=0 DS   [-WA]
CS =0038 0000000000000000 ffffffff 00af9a00 DPL=0 CS64 [-R-]
SS =0030 0000000000000000 ffffffff 00cf9300 DPL=0 DS   [-WA]
DS =0030 0000000000000000 ffffffff 00cf9300 DPL=0 DS   [-WA]
FS =0030 0000000000000000 ffffffff 00cf9300 DPL=0 DS   [-WA]
GS =0030 0000000000000000 ffffffff 00cf9300 DPL=0 DS   [-WA]
LDT=0000 0000000000000000 0000ffff 00008200 DPL=0 LDT
TR =0048 00000000075db058 00000067 00008900 DPL=0 TSS64-avl
GDT=     00000000075db000 00000057
IDT=     00000000070e8018 00000fff
CR0=80010033 CR2=0000000000000000 CR3=0000000007801000 CR4=00000668
DR0=0000000000000000 DR1=0000000000000000 DR2=0000000000000000 DR3=0000000000000000 
DR6=00000000ffff0ff0 DR7=0000000000000400
CCS=0000000000000000 CCD=00000000c0c43101 CCO=EFLAGS
EFER=0000000000000d00
Servicing hardware INT=0x20
   280: v=20 e=0000 i=0 cpl=0 IP=0038:0000000006cacc11 pc=0000000006cacc11 SP=0030:0000000007ee34b8 env->regs[R_EAX]=00000000c0c43101
RAX=00000000c0c43101 RBX=00000000070e7498 RCX=00000000070e7498 RDX=0000000000000000
RSI=0000000007f09980 RDI=44515fc33c8d294c RBP=0000000007ee3520 RSP=0000000007ee34b8
R8 =0000000007ee3620 R9 =0000000088fac51a R10=000000003ede3416 R11=000000006fba1b05
R12=0000000000000004 R13=0000000007f09880 R14=0000000000000010 R15=0000000007f09980
RIP=0000000006cacc11 RFL=00000202 [-------] CPL=0 II=0 A20=1 SMM=0 HLT=0
ES =0030 0000000000000000 ffffffff 00cf9300 DPL=0 DS   [-WA]
CS =0038 0000000000000000 ffffffff 00af9a00 DPL=0 CS64 [-R-]
SS =0030 0000000000000000 ffffffff 00cf9300 DPL=0 DS   [-WA]
DS =0030 0000000000000000 ffffffff 00cf9300 DPL=0 DS   [-WA]
FS =0030 0000000000000000 ffffffff 00cf9300 DPL=0 DS   [-WA]
GS =0030 0000000000000000 ffffffff 00cf9300 DPL=0 DS   [-WA]
LDT=0000 0000000000000000 0000ffff 00008200 DPL=0 LDT
TR =0048 00000000075db058 00000067 00008900 DPL=0 TSS64-avl
GDT=     00000000075db000 00000057
IDT=     00000000070e8018 00000fff
CR0=80010033 CR2=0000000000000000 CR3=0000000007801000 CR4=00000668
DR0=0000000000000000 DR1=0000000000000000 DR2=0000000000000000 DR3=0000000000000000 
DR6=00000000ffff0ff0 DR7=0000000000000400
CCS=0000000000000000 CCD=00000000c0c43101 CCO=EFLAGS
EFER=0000000000000d00
Servicing hardware INT=0x20
   281: v=20 e=0000 i=0 cpl=0 IP=0038:0000000006cacc11 pc=0000000006cacc11 SP=0030:0000000007ee34b8 env->regs[R_EAX]=00000000c0c43101
RAX=00000000c0c43101 RBX=00000000070e7498 RCX=00000000070e7498 RDX=0000000000000000
RSI=0000000007f09980 RDI=44515fc33c8d294c RBP=0000000007ee3520 RSP=0000000007ee34b8
R8 =0000000007ee3620 R9 =00000000021aaa65 R10=000000005b209e9b R11=000000008ea3e90c
R12=0000000000000004 R13=0000000007f09880 R14=0000000000000010 R15=0000000007f09980
RIP=0000000006cacc11 RFL=00000202 [-------] CPL=0 II=0 A20=1 SMM=0 HLT=0
ES =0030 0000000000000000 ffffffff 00cf9300 DPL=0 DS   [-WA]
CS =0038 0000000000000000 ffffffff 00af9a00 DPL=0 CS64 [-R-]
SS =0030 0000000000000000 ffffffff 00cf9300 DPL=0 DS   [-WA]
DS =0030 0000000000000000 ffffffff 00cf9300 DPL=0 DS   [-WA]
FS =0030 0000000000000000 ffffffff 00cf9300 DPL=0 DS   [-WA]
GS =0030 0000000000000000 ffffffff 00cf9300 DPL=0 DS   [-WA]
LDT=0000 0000000000000000 0000ffff 00008200 DPL=0 LDT
TR =0048 00000000075db058 00000067 00008900 DPL=0 TSS64-avl
GDT=     00000000075db000 00000057
IDT=     00000000070e8018 00000fff
CR0=80010033 CR2=0000000000000000 CR3=0000000007801000 CR4=00000668
DR0=0000000000000000 DR1=0000000000000000 DR2=0000000000000000 DR3=0000000000000000 
DR6=00000000ffff0ff0 DR7=0000000000000400
CCS=0000000000000000 CCD=00000000c0c43101 CCO=EFLAGS
EFER=0000000000000d00
Servicing hardware INT=0x20
   282: v=20 e=0000 i=0 cpl=0 IP=0038:0000000006cacc11 pc=0000000006cacc11 SP=0030:0000000007ee34b8 env->regs[R_EAX]=00000000c0c43101
RAX=00000000c0c43101 RBX=00000000070e7498 RCX=00000000070e7498 RDX=0000000000000000
RSI=0000000007f09980 RDI=44515fc33c8d294c RBP=0000000007ee3520 RSP=0000000007ee34b8
R8 =0000000007ee3620 R9 =00000000021aaa65 R10=000000005b209e9b R11=000000008ea3e90c
R12=0000000000000004 R13=0000000007f09880 R14=0000000000000010 R15=0000000007f09980
RIP=0000000006cacc11 RFL=00000202 [-------] CPL=0 II=0 A20=1 SMM=0 HLT=0
ES =0030 0000000000000000 ffffffff 00cf9300 DPL=0 DS   [-WA]
CS =0038 0000000000000000 ffffffff 00af9a00 DPL=0 CS64 [-R-]
SS =0030 0000000000000000 ffffffff 00cf9300 DPL=0 DS   [-WA]
DS =0030 0000000000000000 ffffffff 00cf9300 DPL=0 DS   [-WA]
FS =0030 0000000000000000 ffffffff 00cf9300 DPL=0 DS   [-WA]
GS =0030 0000000000000000 ffffffff 00cf9300 DPL=0 DS   [-WA]
LDT=0000 0000000000000000 0000ffff 00008200 DPL=0 LDT
TR =0048 00000000075db058 00000067 00008900 DPL=0 TSS64-avl
GDT=     00000000075db000 00000057
IDT=     00000000070e8018 00000fff
CR0=80010033 CR2=0000000000000000 CR3=0000000007801000 CR4=00000668
DR0=0000000000000000 DR1=0000000000000000 DR2=0000000000000000 DR3=0000000000000000 
DR6=00000000ffff0ff0 DR7=0000000000000400
CCS=0000000000000000 CCD=00000000c0c43101 CCO=EFLAGS
EFER=0000000000000d00
Servicing hardware INT=0x20
   283: v=20 e=0000 i=0 cpl=0 IP=0038:0000000006cacc11 pc=0000000006cacc11 SP=0030:0000000007ee34b8 env->regs[R_EAX]=00000000c0c43101
RAX=00000000c0c43101 RBX=00000000070e7498 RCX=00000000070e7498 RDX=0000000000000000
RSI=0000000007f09980 RDI=44515fc33c8d294c RBP=0000000007ee3520 RSP=0000000007ee34b8
R8 =0000000007ee3620 R9 =00000000d560533d R10=000000004e135c23 R11=00000000d8b615a9
R12=0000000000000004 R13=0000000007f09880 R14=0000000000000010 R15=0000000007f09980
RIP=0000000006cacc11 RFL=00000202 [-------] CPL=0 II=0 A20=1 SMM=0 HLT=0
ES =0030 0000000000000000 ffffffff 00cf9300 DPL=0 DS   [-WA]
CS =0038 0000000000000000 ffffffff 00af9a00 DPL=0 CS64 [-R-]
SS =0030 0000000000000000 ffffffff 00cf9300 DPL=0 DS   [-WA]
DS =0030 0000000000000000 ffffffff 00cf9300 DPL=0 DS   [-WA]
FS =0030 0000000000000000 ffffffff 00cf9300 DPL=0 DS   [-WA]
GS =0030 0000000000000000 ffffffff 00cf9300 DPL=0 DS   [-WA]
LDT=0000 0000000000000000 0000ffff 00008200 DPL=0 LDT
TR =0048 00000000075db058 00000067 00008900 DPL=0 TSS64-avl
GDT=     00000000075db000 00000057
IDT=     00000000070e8018 00000fff
CR0=80010033 CR2=0000000000000000 CR3=0000000007801000 CR4=00000668
DR0=0000000000000000 DR1=0000000000000000 DR2=0000000000000000 DR3=0000000000000000 
DR6=00000000ffff0ff0 DR7=0000000000000400
CCS=0000000000000000 CCD=00000000c0c43101 CCO=EFLAGS
EFER=0000000000000d00
Servicing hardware INT=0x20
   284: v=20 e=0000 i=0 cpl=0 IP=0038:0000000006cacc11 pc=0000000006cacc11 SP=0030:0000000007ee34b8 env->regs[R_EAX]=00000000c0c43101
RAX=00000000c0c43101 RBX=00000000070e7498 RCX=00000000070e7498 RDX=0000000000000000
RSI=0000000007f09980 RDI=44515fc33c8d294c RBP=0000000007ee3520 RSP=0000000007ee34b8
R8 =0000000007ee3620 R9 =00000000d560533d R10=000000004e135c23 R11=00000000d8b615a9
R12=0000000000000004 R13=0000000007f09880 R14=0000000000000010 R15=0000000007f09980
RIP=0000000006cacc11 RFL=00000202 [-------] CPL=0 II=0 A20=1 SMM=0 HLT=0
ES =0030 0000000000000000 ffffffff 00cf9300 DPL=0 DS   [-WA]
CS =0038 0000000000000000 ffffffff 00af9a00 DPL=0 CS64 [-R-]
SS =0030 0000000000000000 ffffffff 00cf9300 DPL=0 DS   [-WA]
DS =0030 0000000000000000 ffffffff 00cf9300 DPL=0 DS   [-WA]
FS =0030 0000000000000000 ffffffff 00cf9300 DPL=0 DS   [-WA]
GS =0030 0000000000000000 ffffffff 00cf9300 DPL=0 DS   [-WA]
LDT=0000 0000000000000000 0000ffff 00008200 DPL=0 LDT
TR =0048 00000000075db058 00000067 00008900 DPL=0 TSS64-avl
GDT=     00000000075db000 00000057
IDT=     00000000070e8018 00000fff
CR0=80010033 CR2=0000000000000000 CR3=0000000007801000 CR4=00000668
DR0=0000000000000000 DR1=0000000000000000 DR2=0000000000000000 DR3=0000000000000000 
DR6=00000000ffff0ff0 DR7=0000000000000400
CCS=0000000000000000 CCD=00000000c0c43101 CCO=EFLAGS
EFER=0000000000000d00
Servicing hardware INT=0x20
   285: v=20 e=0000 i=0 cpl=0 IP=0038:0000000006cacc11 pc=0000000006cacc11 SP=0030:0000000007ee34b8 env->regs[R_EAX]=00000000c0c43101
RAX=00000000c0c43101 RBX=00000000070e7498 RCX=00000000070e7498 RDX=0000000000000000
RSI=0000000007f09980 RDI=44515fc33c8d294c RBP=0000000007ee3520 RSP=0000000007ee34b8
R8 =0000000007ee3620 R9 =000000006fc58c04 R10=00000000abd6f295 R11=00000000ff478bcd
R12=0000000000000004 R13=0000000007f09880 R14=0000000000000010 R15=0000000007f09980
RIP=0000000006cacc11 RFL=00000202 [-------] CPL=0 II=0 A20=1 SMM=0 HLT=0
ES =0030 0000000000000000 ffffffff 00cf9300 DPL=0 DS   [-WA]
CS =0038 0000000000000000 ffffffff 00af9a00 DPL=0 CS64 [-R-]
SS =0030 0000000000000000 ffffffff 00cf9300 DPL=0 DS   [-WA]
DS =0030 0000000000000000 ffffffff 00cf9300 DPL=0 DS   [-WA]
FS =0030 0000000000000000 ffffffff 00cf9300 DPL=0 DS   [-WA]
GS =0030 0000000000000000 ffffffff 00cf9300 DPL=0 DS   [-WA]
LDT=0000 0000000000000000 0000ffff 00008200 DPL=0 LDT
TR =0048 00000000075db058 00000067 00008900 DPL=0 TSS64-avl
GDT=     00000000075db000 00000057
IDT=     00000000070e8018 00000fff
CR0=80010033 CR2=0000000000000000 CR3=0000000007801000 CR4=00000668
DR0=0000000000000000 DR1=0000000000000000 DR2=0000000000000000 DR3=0000000000000000 
DR6=00000000ffff0ff0 DR7=0000000000000400
CCS=0000000000000000 CCD=00000000c0c43101 CCO=EFLAGS
EFER=0000000000000d00
Servicing hardware INT=0x20
   286: v=20 e=0000 i=0 cpl=0 IP=0038:0000000006cacc11 pc=0000000006cacc11 SP=0030:0000000007ee34b8 env->regs[R_EAX]=00000000c0c43101
RAX=00000000c0c43101 RBX=00000000070e7498 RCX=00000000070e7498 RDX=0000000000000000
RSI=0000000007f09980 RDI=44515fc33c8d294c RBP=0000000007ee3520 RSP=0000000007ee34b8
R8 =0000000007ee3620 R9 =000000006fc58c04 R10=00000000abd6f295 R11=00000000ff478bcd
R12=0000000000000004 R13=0000000007f09880 R14=0000000000000010 R15=0000000007f09980
RIP=0000000006cacc11 RFL=00000202 [-------] CPL=0 II=0 A20=1 SMM=0 HLT=0
ES =0030 0000000000000000 ffffffff 00cf9300 DPL=0 DS   [-WA]
CS =0038 0000000000000000 ffffffff 00af9a00 DPL=0 CS64 [-R-]
SS =0030 0000000000000000 ffffffff 00cf9300 DPL=0 DS   [-WA]
DS =0030 0000000000000000 ffffffff 00cf9300 DPL=0 DS   [-WA]
FS =0030 0000000000000000 ffffffff 00cf9300 DPL=0 DS   [-WA]
GS =0030 0000000000000000 ffffffff 00cf9300 DPL=0 DS   [-WA]
LDT=0000 0000000000000000 0000ffff 00008200 DPL=0 LDT
TR =0048 00000000075db058 00000067 00008900 DPL=0 TSS64-avl
GDT=     00000000075db000 00000057
IDT=     00000000070e8018 00000fff
CR0=80010033 CR2=0000000000000000 CR3=0000000007801000 CR4=00000668
DR0=0000000000000000 DR1=0000000000000000 DR2=0000000000000000 DR3=0000000000000000 
DR6=00000000ffff0ff0 DR7=0000000000000400
CCS=0000000000000000 CCD=00000000c0c43101 CCO=EFLAGS
EFER=0000000000000d00
Servicing hardware INT=0x20
   287: v=20 e=0000 i=0 cpl=0 IP=0038:0000000006cacc11 pc=0000000006cacc11 SP=0030:0000000007ee34b8 env->regs[R_EAX]=00000000c0c43101
RAX=00000000c0c43101 RBX=00000000070e7498 RCX=00000000070e7498 RDX=0000000000000000
RSI=0000000007f09980 RDI=44515fc33c8d294c RBP=0000000007ee3520 RSP=0000000007ee34b8
R8 =0000000007ee3620 R9 =0000000032c9dd57 R10=000000005ee1e5cc R11=00000000802a691a
R12=0000000000000004 R13=0000000007f09880 R14=0000000000000010 R15=0000000007f09980
RIP=0000000006cacc11 RFL=00000202 [-------] CPL=0 II=0 A20=1 SMM=0 HLT=0
ES =0030 0000000000000000 ffffffff 00cf9300 DPL=0 DS   [-WA]
CS =0038 0000000000000000 ffffffff 00af9a00 DPL=0 CS64 [-R-]
SS =0030 0000000000000000 ffffffff 00cf9300 DPL=0 DS   [-WA]
DS =0030 0000000000000000 ffffffff 00cf9300 DPL=0 DS   [-WA]
FS =0030 0000000000000000 ffffffff 00cf9300 DPL=0 DS   [-WA]
GS =0030 0000000000000000 ffffffff 00cf9300 DPL=0 DS   [-WA]
LDT=0000 0000000000000000 0000ffff 00008200 DPL=0 LDT
TR =0048 00000000075db058 00000067 00008900 DPL=0 TSS64-avl
GDT=     00000000075db000 00000057
IDT=     00000000070e8018 00000fff
CR0=80010033 CR2=0000000000000000 CR3=0000000007801000 CR4=00000668
DR0=0000000000000000 DR1=0000000000000000 DR2=0000000000000000 DR3=0000000000000000 
DR6=00000000ffff0ff0 DR7=0000000000000400
CCS=0000000000000000 CCD=00000000c0c43101 CCO=EFLAGS
EFER=0000000000000d00
Servicing hardware INT=0x20
   288: v=20 e=0000 i=0 cpl=0 IP=0038:0000000006cacc11 pc=0000000006cacc11 SP=0030:0000000007ee34b8 env->regs[R_EAX]=00000000c0c43101
RAX=00000000c0c43101 RBX=00000000070e7498 RCX=00000000070e7498 RDX=0000000000000000
RSI=0000000007f09980 RDI=44515fc33c8d294c RBP=0000000007ee3520 RSP=0000000007ee34b8
R8 =0000000007ee3620 R9 =0000000032c9dd57 R10=000000005ee1e5cc R11=00000000802a691a
R12=0000000000000004 R13=0000000007f09880 R14=0000000000000010 R15=0000000007f09980
RIP=0000000006cacc11 RFL=00000202 [-------] CPL=0 II=0 A20=1 SMM=0 HLT=0
ES =0030 0000000000000000 ffffffff 00cf9300 DPL=0 DS   [-WA]
CS =0038 0000000000000000 ffffffff 00af9a00 DPL=0 CS64 [-R-]
SS =0030 0000000000000000 ffffffff 00cf9300 DPL=0 DS   [-WA]
DS =0030 0000000000000000 ffffffff 00cf9300 DPL=0 DS   [-WA]
FS =0030 0000000000000000 ffffffff 00cf9300 DPL=0 DS   [-WA]
GS =0030 0000000000000000 ffffffff 00cf9300 DPL=0 DS   [-WA]
LDT=0000 0000000000000000 0000ffff 00008200 DPL=0 LDT
TR =0048 00000000075db058 00000067 00008900 DPL=0 TSS64-avl
GDT=     00000000075db000 00000057
IDT=     00000000070e8018 00000fff
CR0=80010033 CR2=0000000000000000 CR3=0000000007801000 CR4=00000668
DR0=0000000000000000 DR1=0000000000000000 DR2=0000000000000000 DR3=0000000000000000 
DR6=00000000ffff0ff0 DR7=0000000000000400
CCS=0000000000000000 CCD=00000000c0c43101 CCO=EFLAGS
EFER=0000000000000d00
Servicing hardware INT=0x20
   289: v=20 e=0000 i=0 cpl=0 IP=0038:0000000006cacc11 pc=0000000006cacc11 SP=0030:0000000007ee34b8 env->regs[R_EAX]=00000000c0c43101
RAX=00000000c0c43101 RBX=00000000070e7498 RCX=00000000070e7498 RDX=0000000000000000
RSI=0000000007f09980 RDI=44515fc33c8d294c RBP=0000000007ee3520 RSP=0000000007ee34b8
R8 =0000000007ee3620 R9 =00000000fb6f7aec R10=0000000039a234c3 R11=00000000ba49c9de
R12=0000000000000004 R13=0000000007f09880 R14=0000000000000010 R15=0000000007f09980
RIP=0000000006cacc11 RFL=00000202 [-------] CPL=0 II=0 A20=1 SMM=0 HLT=0
ES =0030 0000000000000000 ffffffff 00cf9300 DPL=0 DS   [-WA]
CS =0038 0000000000000000 ffffffff 00af9a00 DPL=0 CS64 [-R-]
SS =0030 0000000000000000 ffffffff 00cf9300 DPL=0 DS   [-WA]
DS =0030 0000000000000000 ffffffff 00cf9300 DPL=0 DS   [-WA]
FS =0030 0000000000000000 ffffffff 00cf9300 DPL=0 DS   [-WA]
GS =0030 0000000000000000 ffffffff 00cf9300 DPL=0 DS   [-WA]
LDT=0000 0000000000000000 0000ffff 00008200 DPL=0 LDT
TR =0048 00000000075db058 00000067 00008900 DPL=0 TSS64-avl
GDT=     00000000075db000 00000057
IDT=     00000000070e8018 00000fff
CR0=80010033 CR2=0000000000000000 CR3=0000000007801000 CR4=00000668
DR0=0000000000000000 DR1=0000000000000000 DR2=0000000000000000 DR3=0000000000000000 
DR6=00000000ffff0ff0 DR7=0000000000000400
CCS=0000000000000000 CCD=00000000c0c43101 CCO=EFLAGS
EFER=0000000000000d00
Servicing hardware INT=0x20
   290: v=20 e=0000 i=0 cpl=0 IP=0038:0000000006cacc11 pc=0000000006cacc11 SP=0030:0000000007ee34b8 env->regs[R_EAX]=00000000c0c43101
RAX=00000000c0c43101 RBX=00000000070e7498 RCX=00000000070e7498 RDX=0000000000000000
RSI=0000000007f09980 RDI=44515fc33c8d294c RBP=0000000007ee3520 RSP=0000000007ee34b8
R8 =0000000007ee3620 R9 =00000000fb6f7aec R10=0000000039a234c3 R11=00000000ba49c9de
R12=0000000000000004 R13=0000000007f09880 R14=0000000000000010 R15=0000000007f09980
RIP=0000000006cacc11 RFL=00000202 [-------] CPL=0 II=0 A20=1 SMM=0 HLT=0
ES =0030 0000000000000000 ffffffff 00cf9300 DPL=0 DS   [-WA]
CS =0038 0000000000000000 ffffffff 00af9a00 DPL=0 CS64 [-R-]
SS =0030 0000000000000000 ffffffff 00cf9300 DPL=0 DS   [-WA]
DS =0030 0000000000000000 ffffffff 00cf9300 DPL=0 DS   [-WA]
FS =0030 0000000000000000 ffffffff 00cf9300 DPL=0 DS   [-WA]
GS =0030 0000000000000000 ffffffff 00cf9300 DPL=0 DS   [-WA]
LDT=0000 0000000000000000 0000ffff 00008200 DPL=0 LDT
TR =0048 00000000075db058 00000067 00008900 DPL=0 TSS64-avl
GDT=     00000000075db000 00000057
IDT=     00000000070e8018 00000fff
CR0=80010033 CR2=0000000000000000 CR3=0000000007801000 CR4=00000668
DR0=0000000000000000 DR1=0000000000000000 DR2=0000000000000000 DR3=0000000000000000 
DR6=00000000ffff0ff0 DR7=0000000000000400
CCS=0000000000000000 CCD=00000000c0c43101 CCO=EFLAGS
EFER=0000000000000d00
Servicing hardware INT=0x20
   291: v=20 e=0000 i=0 cpl=0 IP=0038:0000000006cacc11 pc=0000000006cacc11 SP=0030:0000000007ee34b8 env->regs[R_EAX]=00000000c0c43101
RAX=00000000c0c43101 RBX=00000000070e7498 RCX=00000000070e7498 RDX=0000000000000000
RSI=0000000007f09980 RDI=44515fc33c8d294c RBP=0000000007ee3520 RSP=0000000007ee34b8
R8 =0000000007ee3620 R9 =000000003bf7ee8e R10=00000000925415b1 R11=000000006c9cea60
R12=0000000000000004 R13=0000000007f09880 R14=0000000000000010 R15=0000000007f09980
RIP=0000000006cacc11 RFL=00000202 [-------] CPL=0 II=0 A20=1 SMM=0 HLT=0
ES =0030 0000000000000000 ffffffff 00cf9300 DPL=0 DS   [-WA]
CS =0038 0000000000000000 ffffffff 00af9a00 DPL=0 CS64 [-R-]
SS =0030 0000000000000000 ffffffff 00cf9300 DPL=0 DS   [-WA]
DS =0030 0000000000000000 ffffffff 00cf9300 DPL=0 DS   [-WA]
FS =0030 0000000000000000 ffffffff 00cf9300 DPL=0 DS   [-WA]
GS =0030 0000000000000000 ffffffff 00cf9300 DPL=0 DS   [-WA]
LDT=0000 0000000000000000 0000ffff 00008200 DPL=0 LDT
TR =0048 00000000075db058 00000067 00008900 DPL=0 TSS64-avl
GDT=     00000000075db000 00000057
IDT=     00000000070e8018 00000fff
CR0=80010033 CR2=0000000000000000 CR3=0000000007801000 CR4=00000668
DR0=0000000000000000 DR1=0000000000000000 DR2=0000000000000000 DR3=0000000000000000 
DR6=00000000ffff0ff0 DR7=0000000000000400
CCS=0000000000000000 CCD=00000000c0c43101 CCO=EFLAGS
EFER=0000000000000d00
Servicing hardware INT=0x20
   292: v=20 e=0000 i=0 cpl=0 IP=0038:0000000006cacc11 pc=0000000006cacc11 SP=0030:0000000007ee34b8 env->regs[R_EAX]=00000000c0c43101
RAX=00000000c0c43101 RBX=00000000070e7498 RCX=00000000070e7498 RDX=0000000000000000
RSI=0000000007f09980 RDI=44515fc33c8d294c RBP=0000000007ee3520 RSP=0000000007ee34b8
R8 =0000000007ee3620 R9 =000000003bf7ee8e R10=00000000925415b1 R11=000000006c9cea60
R12=0000000000000004 R13=0000000007f09880 R14=0000000000000010 R15=0000000007f09980
RIP=0000000006cacc11 RFL=00000202 [-------] CPL=0 II=0 A20=1 SMM=0 HLT=0
ES =0030 0000000000000000 ffffffff 00cf9300 DPL=0 DS   [-WA]
CS =0038 0000000000000000 ffffffff 00af9a00 DPL=0 CS64 [-R-]
SS =0030 0000000000000000 ffffffff 00cf9300 DPL=0 DS   [-WA]
DS =0030 0000000000000000 ffffffff 00cf9300 DPL=0 DS   [-WA]
FS =0030 0000000000000000 ffffffff 00cf9300 DPL=0 DS   [-WA]
GS =0030 0000000000000000 ffffffff 00cf9300 DPL=0 DS   [-WA]
LDT=0000 0000000000000000 0000ffff 00008200 DPL=0 LDT
TR =0048 00000000075db058 00000067 00008900 DPL=0 TSS64-avl
GDT=     00000000075db000 00000057
IDT=     00000000070e8018 00000fff
CR0=80010033 CR2=0000000000000000 CR3=0000000007801000 CR4=00000668
DR0=0000000000000000 DR1=0000000000000000 DR2=0000000000000000 DR3=0000000000000000 
DR6=00000000ffff0ff0 DR7=0000000000000400
CCS=0000000000000000 CCD=00000000c0c43101 CCO=EFLAGS
EFER=0000000000000d00
Servicing hardware INT=0x20
   293: v=20 e=0000 i=0 cpl=0 IP=0038:0000000006cacc11 pc=0000000006cacc11 SP=0030:0000000007ee34b8 env->regs[R_EAX]=00000000c0c43101
RAX=00000000c0c43101 RBX=00000000070e7498 RCX=00000000070e7498 RDX=0000000000000000
RSI=0000000007f09980 RDI=44515fc33c8d294c RBP=0000000007ee3520 RSP=0000000007ee34b8
R8 =0000000007ee3620 R9 =0000000003fb8b8d R10=000000003177b150 R11=00000000001548ff
R12=0000000000000004 R13=0000000007f09880 R14=0000000000000010 R15=0000000007f09980
RIP=0000000006cacc11 RFL=00000202 [-------] CPL=0 II=0 A20=1 SMM=0 HLT=0
ES =0030 0000000000000000 ffffffff 00cf9300 DPL=0 DS   [-WA]
CS =0038 0000000000000000 ffffffff 00af9a00 DPL=0 CS64 [-R-]
SS =0030 0000000000000000 ffffffff 00cf9300 DPL=0 DS   [-WA]
DS =0030 0000000000000000 ffffffff 00cf9300 DPL=0 DS   [-WA]
FS =0030 0000000000000000 ffffffff 00cf9300 DPL=0 DS   [-WA]
GS =0030 0000000000000000 ffffffff 00cf9300 DPL=0 DS   [-WA]
LDT=0000 0000000000000000 0000ffff 00008200 DPL=0 LDT
TR =0048 00000000075db058 00000067 00008900 DPL=0 TSS64-avl
GDT=     00000000075db000 00000057
IDT=     00000000070e8018 00000fff
CR0=80010033 CR2=0000000000000000 CR3=0000000007801000 CR4=00000668
DR0=0000000000000000 DR1=0000000000000000 DR2=0000000000000000 DR3=0000000000000000 
DR6=00000000ffff0ff0 DR7=0000000000000400
CCS=0000000000000000 CCD=00000000c0c43101 CCO=EFLAGS
EFER=0000000000000d00
Servicing hardware INT=0x20
   294: v=20 e=0000 i=0 cpl=0 IP=0038:0000000006cacc11 pc=0000000006cacc11 SP=0030:0000000007ee34b8 env->regs[R_EAX]=00000000c0c43101
RAX=00000000c0c43101 RBX=00000000070e7498 RCX=00000000070e7498 RDX=0000000000000000
RSI=0000000007f09980 RDI=44515fc33c8d294c RBP=0000000007ee3520 RSP=0000000007ee34b8
R8 =0000000007ee3620 R9 =0000000003fb8b8d R10=000000003177b150 R11=00000000001548ff
R12=0000000000000004 R13=0000000007f09880 R14=0000000000000010 R15=0000000007f09980
RIP=0000000006cacc11 RFL=00000202 [-------] CPL=0 II=0 A20=1 SMM=0 HLT=0
ES =0030 0000000000000000 ffffffff 00cf9300 DPL=0 DS   [-WA]
CS =0038 0000000000000000 ffffffff 00af9a00 DPL=0 CS64 [-R-]
SS =0030 0000000000000000 ffffffff 00cf9300 DPL=0 DS   [-WA]
DS =0030 0000000000000000 ffffffff 00cf9300 DPL=0 DS   [-WA]
FS =0030 0000000000000000 ffffffff 00cf9300 DPL=0 DS   [-WA]
GS =0030 0000000000000000 ffffffff 00cf9300 DPL=0 DS   [-WA]
LDT=0000 0000000000000000 0000ffff 00008200 DPL=0 LDT
TR =0048 00000000075db058 00000067 00008900 DPL=0 TSS64-avl
GDT=     00000000075db000 00000057
IDT=     00000000070e8018 00000fff
CR0=80010033 CR2=0000000000000000 CR3=0000000007801000 CR4=00000668
DR0=0000000000000000 DR1=0000000000000000 DR2=0000000000000000 DR3=0000000000000000 
DR6=00000000ffff0ff0 DR7=0000000000000400
CCS=0000000000000000 CCD=00000000c0c43101 CCO=EFLAGS
EFER=0000000000000d00
Servicing hardware INT=0x20
   295: v=20 e=0000 i=0 cpl=0 IP=0038:0000000006cacc11 pc=0000000006cacc11 SP=0030:0000000007ee34b8 env->regs[R_EAX]=00000000c0c43101
RAX=00000000c0c43101 RBX=00000000070e7498 RCX=00000000070e7498 RDX=0000000000000000
RSI=0000000007f09980 RDI=44515fc33c8d294c RBP=0000000007ee3520 RSP=0000000007ee34b8
R8 =0000000007ee3620 R9 =00000000a086509f R10=0000000056b05a60 R11=00000000c9431df8
R12=0000000000000004 R13=0000000007f09880 R14=0000000000000010 R15=0000000007f09980
RIP=0000000006cacc11 RFL=00000202 [-------] CPL=0 II=0 A20=1 SMM=0 HLT=0
ES =0030 0000000000000000 ffffffff 00cf9300 DPL=0 DS   [-WA]
CS =0038 0000000000000000 ffffffff 00af9a00 DPL=0 CS64 [-R-]
SS =0030 0000000000000000 ffffffff 00cf9300 DPL=0 DS   [-WA]
DS =0030 0000000000000000 ffffffff 00cf9300 DPL=0 DS   [-WA]
FS =0030 0000000000000000 ffffffff 00cf9300 DPL=0 DS   [-WA]
GS =0030 0000000000000000 ffffffff 00cf9300 DPL=0 DS   [-WA]
LDT=0000 0000000000000000 0000ffff 00008200 DPL=0 LDT
TR =0048 00000000075db058 00000067 00008900 DPL=0 TSS64-avl
GDT=     00000000075db000 00000057
IDT=     00000000070e8018 00000fff
CR0=80010033 CR2=0000000000000000 CR3=0000000007801000 CR4=00000668
DR0=0000000000000000 DR1=0000000000000000 DR2=0000000000000000 DR3=0000000000000000 
DR6=00000000ffff0ff0 DR7=0000000000000400
CCS=0000000000000000 CCD=00000000c0c43101 CCO=EFLAGS
EFER=0000000000000d00
Servicing hardware INT=0x20
   296: v=20 e=0000 i=0 cpl=0 IP=0038:0000000006cacc11 pc=0000000006cacc11 SP=0030:0000000007ee34b8 env->regs[R_EAX]=00000000c0c43101
RAX=00000000c0c43101 RBX=00000000070e7498 RCX=00000000070e7498 RDX=0000000000000000
RSI=0000000007f09980 RDI=44515fc33c8d294c RBP=0000000007ee3520 RSP=0000000007ee34b8
R8 =0000000007ee3620 R9 =00000000a086509f R10=0000000056b05a60 R11=00000000c9431df8
R12=0000000000000004 R13=0000000007f09880 R14=0000000000000010 R15=0000000007f09980
RIP=0000000006cacc11 RFL=00000202 [-------] CPL=0 II=0 A20=1 SMM=0 HLT=0
ES =0030 0000000000000000 ffffffff 00cf9300 DPL=0 DS   [-WA]
CS =0038 0000000000000000 ffffffff 00af9a00 DPL=0 CS64 [-R-]
SS =0030 0000000000000000 ffffffff 00cf9300 DPL=0 DS   [-WA]
DS =0030 0000000000000000 ffffffff 00cf9300 DPL=0 DS   [-WA]
FS =0030 0000000000000000 ffffffff 00cf9300 DPL=0 DS   [-WA]
GS =0030 0000000000000000 ffffffff 00cf9300 DPL=0 DS   [-WA]
LDT=0000 0000000000000000 0000ffff 00008200 DPL=0 LDT
TR =0048 00000000075db058 00000067 00008900 DPL=0 TSS64-avl
GDT=     00000000075db000 00000057
IDT=     00000000070e8018 00000fff
CR0=80010033 CR2=0000000000000000 CR3=0000000007801000 CR4=00000668
DR0=0000000000000000 DR1=0000000000000000 DR2=0000000000000000 DR3=0000000000000000 
DR6=00000000ffff0ff0 DR7=0000000000000400
CCS=0000000000000000 CCD=00000000c0c43101 CCO=EFLAGS
EFER=0000000000000d00
Servicing hardware INT=0x20
   297: v=20 e=0000 i=0 cpl=0 IP=0038:0000000006cacc11 pc=0000000006cacc11 SP=0030:0000000007ee34b8 env->regs[R_EAX]=00000000c0c43101
RAX=00000000c0c43101 RBX=00000000070e7498 RCX=00000000070e7498 RDX=0000000000000000
RSI=0000000007f09980 RDI=44515fc33c8d294c RBP=0000000007ee3520 RSP=0000000007ee34b8
R8 =0000000007ee3620 R9 =0000000028bfd96d R10=000000000165ca15 R11=000000003c29a419
R12=0000000000000004 R13=0000000007f09880 R14=0000000000000010 R15=0000000007f09980
RIP=0000000006cacc11 RFL=00000202 [-------] CPL=0 II=0 A20=1 SMM=0 HLT=0
ES =0030 0000000000000000 ffffffff 00cf9300 DPL=0 DS   [-WA]
CS =0038 0000000000000000 ffffffff 00af9a00 DPL=0 CS64 [-R-]
SS =0030 0000000000000000 ffffffff 00cf9300 DPL=0 DS   [-WA]
DS =0030 0000000000000000 ffffffff 00cf9300 DPL=0 DS   [-WA]
FS =0030 0000000000000000 ffffffff 00cf9300 DPL=0 DS   [-WA]
GS =0030 0000000000000000 ffffffff 00cf9300 DPL=0 DS   [-WA]
LDT=0000 0000000000000000 0000ffff 00008200 DPL=0 LDT
TR =0048 00000000075db058 00000067 00008900 DPL=0 TSS64-avl
GDT=     00000000075db000 00000057
IDT=     00000000070e8018 00000fff
CR0=80010033 CR2=0000000000000000 CR3=0000000007801000 CR4=00000668
DR0=0000000000000000 DR1=0000000000000000 DR2=0000000000000000 DR3=0000000000000000 
DR6=00000000ffff0ff0 DR7=0000000000000400
CCS=0000000000000000 CCD=00000000c0c43101 CCO=EFLAGS
EFER=0000000000000d00
Servicing hardware INT=0x20
   298: v=20 e=0000 i=0 cpl=0 IP=0038:0000000006cacc11 pc=0000000006cacc11 SP=0030:0000000007ee34b8 env->regs[R_EAX]=00000000c0c43101
RAX=00000000c0c43101 RBX=00000000070e7498 RCX=00000000070e7498 RDX=0000000000000000
RSI=0000000007f09980 RDI=44515fc33c8d294c RBP=0000000007ee3520 RSP=0000000007ee34b8
R8 =0000000007ee3620 R9 =0000000028bfd96d R10=000000000165ca15 R11=000000003c29a419
R12=0000000000000004 R13=0000000007f09880 R14=0000000000000010 R15=0000000007f09980
RIP=0000000006cacc11 RFL=00000202 [-------] CPL=0 II=0 A20=1 SMM=0 HLT=0
ES =0030 0000000000000000 ffffffff 00cf9300 DPL=0 DS   [-WA]
CS =0038 0000000000000000 ffffffff 00af9a00 DPL=0 CS64 [-R-]
SS =0030 0000000000000000 ffffffff 00cf9300 DPL=0 DS   [-WA]
DS =0030 0000000000000000 ffffffff 00cf9300 DPL=0 DS   [-WA]
FS =0030 0000000000000000 ffffffff 00cf9300 DPL=0 DS   [-WA]
GS =0030 0000000000000000 ffffffff 00cf9300 DPL=0 DS   [-WA]
LDT=0000 0000000000000000 0000ffff 00008200 DPL=0 LDT
TR =0048 00000000075db058 00000067 00008900 DPL=0 TSS64-avl
GDT=     00000000075db000 00000057
IDT=     00000000070e8018 00000fff
CR0=80010033 CR2=0000000000000000 CR3=0000000007801000 CR4=00000668
DR0=0000000000000000 DR1=0000000000000000 DR2=0000000000000000 DR3=0000000000000000 
DR6=00000000ffff0ff0 DR7=0000000000000400
CCS=0000000000000000 CCD=00000000c0c43101 CCO=EFLAGS
EFER=0000000000000d00
Servicing hardware INT=0x20
   299: v=20 e=0000 i=0 cpl=0 IP=0038:0000000006cacc11 pc=0000000006cacc11 SP=0030:0000000007ee34b8 env->regs[R_EAX]=00000000c0c43101
RAX=00000000c0c43101 RBX=00000000070e7498 RCX=00000000070e7498 RDX=0000000000000000
RSI=0000000007f09980 RDI=44515fc33c8d294c RBP=0000000007ee3520 RSP=0000000007ee34b8
R8 =0000000007ee3620 R9 =0000000078aa01be R10=00000000ebaeb05c R11=00000000ce40823e
R12=0000000000000004 R13=0000000007f09880 R14=0000000000000010 R15=0000000007f09980
RIP=0000000006cacc11 RFL=00000202 [-------] CPL=0 II=0 A20=1 SMM=0 HLT=0
ES =0030 0000000000000000 ffffffff 00cf9300 DPL=0 DS   [-WA]
CS =0038 0000000000000000 ffffffff 00af9a00 DPL=0 CS64 [-R-]
SS =0030 0000000000000000 ffffffff 00cf9300 DPL=0 DS   [-WA]
DS =0030 0000000000000000 ffffffff 00cf9300 DPL=0 DS   [-WA]
FS =0030 0000000000000000 ffffffff 00cf9300 DPL=0 DS   [-WA]
GS =0030 0000000000000000 ffffffff 00cf9300 DPL=0 DS   [-WA]
LDT=0000 0000000000000000 0000ffff 00008200 DPL=0 LDT
TR =0048 00000000075db058 00000067 00008900 DPL=0 TSS64-avl
GDT=     00000000075db000 00000057
IDT=     00000000070e8018 00000fff
CR0=80010033 CR2=0000000000000000 CR3=0000000007801000 CR4=00000668
DR0=0000000000000000 DR1=0000000000000000 DR2=0000000000000000 DR3=0000000000000000 
DR6=00000000ffff0ff0 DR7=0000000000000400
CCS=0000000000000000 CCD=00000000c0c43101 CCO=EFLAGS
EFER=0000000000000d00
Servicing hardware INT=0x20
   300: v=20 e=0000 i=0 cpl=0 IP=0038:0000000006cacc11 pc=0000000006cacc11 SP=0030:0000000007ee34b8 env->regs[R_EAX]=00000000c0c43101
RAX=00000000c0c43101 RBX=00000000070e7498 RCX=00000000070e7498 RDX=0000000000000000
RSI=0000000007f09980 RDI=44515fc33c8d294c RBP=0000000007ee3520 RSP=0000000007ee34b8
R8 =0000000007ee3620 R9 =0000000078aa01be R10=00000000ebaeb05c R11=00000000ce40823e
R12=0000000000000004 R13=0000000007f09880 R14=0000000000000010 R15=0000000007f09980
RIP=0000000006cacc11 RFL=00000202 [-------] CPL=0 II=0 A20=1 SMM=0 HLT=0
ES =0030 0000000000000000 ffffffff 00cf9300 DPL=0 DS   [-WA]
CS =0038 0000000000000000 ffffffff 00af9a00 DPL=0 CS64 [-R-]
SS =0030 0000000000000000 ffffffff 00cf9300 DPL=0 DS   [-WA]
DS =0030 0000000000000000 ffffffff 00cf9300 DPL=0 DS   [-WA]
FS =0030 0000000000000000 ffffffff 00cf9300 DPL=0 DS   [-WA]
GS =0030 0000000000000000 ffffffff 00cf9300 DPL=0 DS   [-WA]
LDT=0000 0000000000000000 0000ffff 00008200 DPL=0 LDT
TR =0048 00000000075db058 00000067 00008900 DPL=0 TSS64-avl
GDT=     00000000075db000 00000057
IDT=     00000000070e8018 00000fff
CR0=80010033 CR2=0000000000000000 CR3=0000000007801000 CR4=00000668
DR0=0000000000000000 DR1=0000000000000000 DR2=0000000000000000 DR3=0000000000000000 
DR6=00000000ffff0ff0 DR7=0000000000000400
CCS=0000000000000000 CCD=00000000c0c43101 CCO=EFLAGS
EFER=0000000000000d00
Servicing hardware INT=0x20
   301: v=20 e=0000 i=0 cpl=0 IP=0038:0000000006cacc11 pc=0000000006cacc11 SP=0030:0000000007ee34b8 env->regs[R_EAX]=00000000c0c43101
RAX=00000000c0c43101 RBX=00000000070e7498 RCX=00000000070e7498 RDX=0000000000000000
RSI=0000000007f09980 RDI=44515fc33c8d294c RBP=0000000007ee3520 RSP=0000000007ee34b8
R8 =0000000007ee3620 R9 =00000000ea9df2b2 R10=00000000c8217fa2 R11=0000000015c2afe3
R12=0000000000000004 R13=0000000007f09880 R14=0000000000000010 R15=0000000007f09980
RIP=0000000006cacc11 RFL=00000202 [-------] CPL=0 II=0 A20=1 SMM=0 HLT=0
ES =0030 0000000000000000 ffffffff 00cf9300 DPL=0 DS   [-WA]
CS =0038 0000000000000000 ffffffff 00af9a00 DPL=0 CS64 [-R-]
SS =0030 0000000000000000 ffffffff 00cf9300 DPL=0 DS   [-WA]
DS =0030 0000000000000000 ffffffff 00cf9300 DPL=0 DS   [-WA]
FS =0030 0000000000000000 ffffffff 00cf9300 DPL=0 DS   [-WA]
GS =0030 0000000000000000 ffffffff 00cf9300 DPL=0 DS   [-WA]
LDT=0000 0000000000000000 0000ffff 00008200 DPL=0 LDT
TR =0048 00000000075db058 00000067 00008900 DPL=0 TSS64-avl
GDT=     00000000075db000 00000057
IDT=     00000000070e8018 00000fff
CR0=80010033 CR2=0000000000000000 CR3=0000000007801000 CR4=00000668
DR0=0000000000000000 DR1=0000000000000000 DR2=0000000000000000 DR3=0000000000000000 
DR6=00000000ffff0ff0 DR7=0000000000000400
CCS=0000000000000000 CCD=00000000c0c43101 CCO=EFLAGS
EFER=0000000000000d00
Servicing hardware INT=0x20
   302: v=20 e=0000 i=0 cpl=0 IP=0038:0000000006cacc11 pc=0000000006cacc11 SP=0030:0000000007ee34b8 env->regs[R_EAX]=00000000c0c43101
RAX=00000000c0c43101 RBX=00000000070e7498 RCX=00000000070e7498 RDX=0000000000000000
RSI=0000000007f09980 RDI=44515fc33c8d294c RBP=0000000007ee3520 RSP=0000000007ee34b8
R8 =0000000007ee3620 R9 =00000000ea9df2b2 R10=00000000c8217fa2 R11=0000000015c2afe3
R12=0000000000000004 R13=0000000007f09880 R14=0000000000000010 R15=0000000007f09980
RIP=0000000006cacc11 RFL=00000202 [-------] CPL=0 II=0 A20=1 SMM=0 HLT=0
ES =0030 0000000000000000 ffffffff 00cf9300 DPL=0 DS   [-WA]
CS =0038 0000000000000000 ffffffff 00af9a00 DPL=0 CS64 [-R-]
SS =0030 0000000000000000 ffffffff 00cf9300 DPL=0 DS   [-WA]
DS =0030 0000000000000000 ffffffff 00cf9300 DPL=0 DS   [-WA]
FS =0030 0000000000000000 ffffffff 00cf9300 DPL=0 DS   [-WA]
GS =0030 0000000000000000 ffffffff 00cf9300 DPL=0 DS   [-WA]
LDT=0000 0000000000000000 0000ffff 00008200 DPL=0 LDT
TR =0048 00000000075db058 00000067 00008900 DPL=0 TSS64-avl
GDT=     00000000075db000 00000057
IDT=     00000000070e8018 00000fff
CR0=80010033 CR2=0000000000000000 CR3=0000000007801000 CR4=00000668
DR0=0000000000000000 DR1=0000000000000000 DR2=0000000000000000 DR3=0000000000000000 
DR6=00000000ffff0ff0 DR7=0000000000000400
CCS=0000000000000000 CCD=00000000c0c43101 CCO=EFLAGS
EFER=0000000000000d00
Servicing hardware INT=0x20
   303: v=20 e=0000 i=0 cpl=0 IP=0038:0000000006cacc11 pc=0000000006cacc11 SP=0030:0000000007ee34b8 env->regs[R_EAX]=00000000c0c43101
RAX=00000000c0c43101 RBX=00000000070e7498 RCX=00000000070e7498 RDX=0000000000000000
RSI=0000000007f09980 RDI=44515fc33c8d294c RBP=0000000007ee3520 RSP=0000000007ee34b8
R8 =0000000007ee3620 R9 =00000000c4f2f1e8 R10=00000000dfbaf6e7 R11=00000000b45f3666
R12=0000000000000004 R13=0000000007f09880 R14=0000000000000010 R15=0000000007f09980
RIP=0000000006cacc11 RFL=00000202 [-------] CPL=0 II=0 A20=1 SMM=0 HLT=0
ES =0030 0000000000000000 ffffffff 00cf9300 DPL=0 DS   [-WA]
CS =0038 0000000000000000 ffffffff 00af9a00 DPL=0 CS64 [-R-]
SS =0030 0000000000000000 ffffffff 00cf9300 DPL=0 DS   [-WA]
DS =0030 0000000000000000 ffffffff 00cf9300 DPL=0 DS   [-WA]
FS =0030 0000000000000000 ffffffff 00cf9300 DPL=0 DS   [-WA]
GS =0030 0000000000000000 ffffffff 00cf9300 DPL=0 DS   [-WA]
LDT=0000 0000000000000000 0000ffff 00008200 DPL=0 LDT
TR =0048 00000000075db058 00000067 00008900 DPL=0 TSS64-avl
GDT=     00000000075db000 00000057
IDT=     00000000070e8018 00000fff
CR0=80010033 CR2=0000000000000000 CR3=0000000007801000 CR4=00000668
DR0=0000000000000000 DR1=0000000000000000 DR2=0000000000000000 DR3=0000000000000000 
DR6=00000000ffff0ff0 DR7=0000000000000400
CCS=0000000000000000 CCD=00000000c0c43101 CCO=EFLAGS
EFER=0000000000000d00
Servicing hardware INT=0x20
   304: v=20 e=0000 i=0 cpl=0 IP=0038:0000000006cacc11 pc=0000000006cacc11 SP=0030:0000000007ee34b8 env->regs[R_EAX]=00000000c0c43101
RAX=00000000c0c43101 RBX=00000000070e7498 RCX=00000000070e7498 RDX=0000000000000000
RSI=0000000007f09980 RDI=44515fc33c8d294c RBP=0000000007ee3520 RSP=0000000007ee34b8
R8 =0000000007ee3620 R9 =00000000c4f2f1e8 R10=00000000dfbaf6e7 R11=00000000b45f3666
R12=0000000000000004 R13=0000000007f09880 R14=0000000000000010 R15=0000000007f09980
RIP=0000000006cacc11 RFL=00000202 [-------] CPL=0 II=0 A20=1 SMM=0 HLT=0
ES =0030 0000000000000000 ffffffff 00cf9300 DPL=0 DS   [-WA]
CS =0038 0000000000000000 ffffffff 00af9a00 DPL=0 CS64 [-R-]
SS =0030 0000000000000000 ffffffff 00cf9300 DPL=0 DS   [-WA]
DS =0030 0000000000000000 ffffffff 00cf9300 DPL=0 DS   [-WA]
FS =0030 0000000000000000 ffffffff 00cf9300 DPL=0 DS   [-WA]
GS =0030 0000000000000000 ffffffff 00cf9300 DPL=0 DS   [-WA]
LDT=0000 0000000000000000 0000ffff 00008200 DPL=0 LDT
TR =0048 00000000075db058 00000067 00008900 DPL=0 TSS64-avl
GDT=     00000000075db000 00000057
IDT=     00000000070e8018 00000fff
CR0=80010033 CR2=0000000000000000 CR3=0000000007801000 CR4=00000668
DR0=0000000000000000 DR1=0000000000000000 DR2=0000000000000000 DR3=0000000000000000 
DR6=00000000ffff0ff0 DR7=0000000000000400
CCS=0000000000000000 CCD=00000000c0c43101 CCO=EFLAGS
EFER=0000000000000d00
Servicing hardware INT=0x20
   305: v=20 e=0000 i=0 cpl=0 IP=0038:0000000006cacc11 pc=0000000006cacc11 SP=0030:0000000007ee34b8 env->regs[R_EAX]=00000000c0c43101
RAX=00000000c0c43101 RBX=00000000070e7498 RCX=00000000070e7498 RDX=0000000000000000
RSI=0000000007f09980 RDI=44515fc33c8d294c RBP=0000000007ee3520 RSP=0000000007ee34b8
R8 =0000000007ee3620 R9 =000000003ce67161 R10=00000000f361f26a R11=0000000060f26fee
R12=0000000000000004 R13=0000000007f09880 R14=0000000000000010 R15=0000000007f09980
RIP=0000000006cacc11 RFL=00000202 [-------] CPL=0 II=0 A20=1 SMM=0 HLT=0
ES =0030 0000000000000000 ffffffff 00cf9300 DPL=0 DS   [-WA]
CS =0038 0000000000000000 ffffffff 00af9a00 DPL=0 CS64 [-R-]
SS =0030 0000000000000000 ffffffff 00cf9300 DPL=0 DS   [-WA]
DS =0030 0000000000000000 ffffffff 00cf9300 DPL=0 DS   [-WA]
FS =0030 0000000000000000 ffffffff 00cf9300 DPL=0 DS   [-WA]
GS =0030 0000000000000000 ffffffff 00cf9300 DPL=0 DS   [-WA]
LDT=0000 0000000000000000 0000ffff 00008200 DPL=0 LDT
TR =0048 00000000075db058 00000067 00008900 DPL=0 TSS64-avl
GDT=     00000000075db000 00000057
IDT=     00000000070e8018 00000fff
CR0=80010033 CR2=0000000000000000 CR3=0000000007801000 CR4=00000668
DR0=0000000000000000 DR1=0000000000000000 DR2=0000000000000000 DR3=0000000000000000 
DR6=00000000ffff0ff0 DR7=0000000000000400
CCS=0000000000000000 CCD=00000000c0c43101 CCO=EFLAGS
EFER=0000000000000d00
Servicing hardware INT=0x20
   306: v=20 e=0000 i=0 cpl=0 IP=0038:0000000006cacc11 pc=0000000006cacc11 SP=0030:0000000007ee34b8 env->regs[R_EAX]=00000000c0c43101
RAX=00000000c0c43101 RBX=00000000070e7498 RCX=00000000070e7498 RDX=0000000000000000
RSI=0000000007f09980 RDI=44515fc33c8d294c RBP=0000000007ee3520 RSP=0000000007ee34b8
R8 =0000000007ee3620 R9 =000000003ce67161 R10=00000000f361f26a R11=0000000060f26fee
R12=0000000000000004 R13=0000000007f09880 R14=0000000000000010 R15=0000000007f09980
RIP=0000000006cacc11 RFL=00000202 [-------] CPL=0 II=0 A20=1 SMM=0 HLT=0
ES =0030 0000000000000000 ffffffff 00cf9300 DPL=0 DS   [-WA]
CS =0038 0000000000000000 ffffffff 00af9a00 DPL=0 CS64 [-R-]
SS =0030 0000000000000000 ffffffff 00cf9300 DPL=0 DS   [-WA]
DS =0030 0000000000000000 ffffffff 00cf9300 DPL=0 DS   [-WA]
FS =0030 0000000000000000 ffffffff 00cf9300 DPL=0 DS   [-WA]
GS =0030 0000000000000000 ffffffff 00cf9300 DPL=0 DS   [-WA]
LDT=0000 0000000000000000 0000ffff 00008200 DPL=0 LDT
TR =0048 00000000075db058 00000067 00008900 DPL=0 TSS64-avl
GDT=     00000000075db000 00000057
IDT=     00000000070e8018 00000fff
CR0=80010033 CR2=0000000000000000 CR3=0000000007801000 CR4=00000668
DR0=0000000000000000 DR1=0000000000000000 DR2=0000000000000000 DR3=0000000000000000 
DR6=00000000ffff0ff0 DR7=0000000000000400
CCS=0000000000000000 CCD=00000000c0c43101 CCO=EFLAGS
EFER=0000000000000d00
Servicing hardware INT=0x20
   307: v=20 e=0000 i=0 cpl=0 IP=0038:0000000006cacc11 pc=0000000006cacc11 SP=0030:0000000007ee34b8 env->regs[R_EAX]=00000000c0c43101
RAX=00000000c0c43101 RBX=00000000070e7498 RCX=00000000070e7498 RDX=0000000000000000
RSI=0000000007f09980 RDI=44515fc33c8d294c RBP=0000000007ee3520 RSP=0000000007ee34b8
R8 =0000000007ee3620 R9 =0000000075dead52 R10=00000000739b591d R11=000000008a0f1532
R12=0000000000000004 R13=0000000007f09880 R14=0000000000000010 R15=0000000007f09980
RIP=0000000006cacc11 RFL=00000202 [-------] CPL=0 II=0 A20=1 SMM=0 HLT=0
ES =0030 0000000000000000 ffffffff 00cf9300 DPL=0 DS   [-WA]
CS =0038 0000000000000000 ffffffff 00af9a00 DPL=0 CS64 [-R-]
SS =0030 0000000000000000 ffffffff 00cf9300 DPL=0 DS   [-WA]
DS =0030 0000000000000000 ffffffff 00cf9300 DPL=0 DS   [-WA]
FS =0030 0000000000000000 ffffffff 00cf9300 DPL=0 DS   [-WA]
GS =0030 0000000000000000 ffffffff 00cf9300 DPL=0 DS   [-WA]
LDT=0000 0000000000000000 0000ffff 00008200 DPL=0 LDT
TR =0048 00000000075db058 00000067 00008900 DPL=0 TSS64-avl
GDT=     00000000075db000 00000057
IDT=     00000000070e8018 00000fff
CR0=80010033 CR2=0000000000000000 CR3=0000000007801000 CR4=00000668
DR0=0000000000000000 DR1=0000000000000000 DR2=0000000000000000 DR3=0000000000000000 
DR6=00000000ffff0ff0 DR7=0000000000000400
CCS=0000000000000000 CCD=00000000c0c43101 CCO=EFLAGS
EFER=0000000000000d00
Servicing hardware INT=0x20
   308: v=20 e=0000 i=0 cpl=0 IP=0038:0000000006cacc11 pc=0000000006cacc11 SP=0030:0000000007ee34b8 env->regs[R_EAX]=00000000c0c43101
RAX=00000000c0c43101 RBX=00000000070e7498 RCX=00000000070e7498 RDX=0000000000000000
RSI=0000000007f09980 RDI=44515fc33c8d294c RBP=0000000007ee3520 RSP=0000000007ee34b8
R8 =0000000007ee3620 R9 =0000000075dead52 R10=00000000739b591d R11=000000008a0f1532
R12=0000000000000004 R13=0000000007f09880 R14=0000000000000010 R15=0000000007f09980
RIP=0000000006cacc11 RFL=00000202 [-------] CPL=0 II=0 A20=1 SMM=0 HLT=0
ES =0030 0000000000000000 ffffffff 00cf9300 DPL=0 DS   [-WA]
CS =0038 0000000000000000 ffffffff 00af9a00 DPL=0 CS64 [-R-]
SS =0030 0000000000000000 ffffffff 00cf9300 DPL=0 DS   [-WA]
DS =0030 0000000000000000 ffffffff 00cf9300 DPL=0 DS   [-WA]
FS =0030 0000000000000000 ffffffff 00cf9300 DPL=0 DS   [-WA]
GS =0030 0000000000000000 ffffffff 00cf9300 DPL=0 DS   [-WA]
LDT=0000 0000000000000000 0000ffff 00008200 DPL=0 LDT
TR =0048 00000000075db058 00000067 00008900 DPL=0 TSS64-avl
GDT=     00000000075db000 00000057
IDT=     00000000070e8018 00000fff
CR0=80010033 CR2=0000000000000000 CR3=0000000007801000 CR4=00000668
DR0=0000000000000000 DR1=0000000000000000 DR2=0000000000000000 DR3=0000000000000000 
DR6=00000000ffff0ff0 DR7=0000000000000400
CCS=0000000000000000 CCD=00000000c0c43101 CCO=EFLAGS
EFER=0000000000000d00
Servicing hardware INT=0x20
   309: v=20 e=0000 i=0 cpl=0 IP=0038:0000000006cacc11 pc=0000000006cacc11 SP=0030:0000000007ee34b8 env->regs[R_EAX]=00000000c0c43101
RAX=00000000c0c43101 RBX=00000000070e7498 RCX=00000000070e7498 RDX=0000000000000000
RSI=0000000007f09980 RDI=44515fc33c8d294c RBP=0000000007ee3520 RSP=0000000007ee34b8
R8 =0000000007ee3620 R9 =00000000f77f2a22 R10=00000000f732ce42 R11=000000002c77da85
R12=0000000000000004 R13=0000000007f09880 R14=0000000000000010 R15=0000000007f09980
RIP=0000000006cacc11 RFL=00000202 [-------] CPL=0 II=0 A20=1 SMM=0 HLT=0
ES =0030 0000000000000000 ffffffff 00cf9300 DPL=0 DS   [-WA]
CS =0038 0000000000000000 ffffffff 00af9a00 DPL=0 CS64 [-R-]
SS =0030 0000000000000000 ffffffff 00cf9300 DPL=0 DS   [-WA]
DS =0030 0000000000000000 ffffffff 00cf9300 DPL=0 DS   [-WA]
FS =0030 0000000000000000 ffffffff 00cf9300 DPL=0 DS   [-WA]
GS =0030 0000000000000000 ffffffff 00cf9300 DPL=0 DS   [-WA]
LDT=0000 0000000000000000 0000ffff 00008200 DPL=0 LDT
TR =0048 00000000075db058 00000067 00008900 DPL=0 TSS64-avl
GDT=     00000000075db000 00000057
IDT=     00000000070e8018 00000fff
CR0=80010033 CR2=0000000000000000 CR3=0000000007801000 CR4=00000668
DR0=0000000000000000 DR1=0000000000000000 DR2=0000000000000000 DR3=0000000000000000 
DR6=00000000ffff0ff0 DR7=0000000000000400
CCS=0000000000000000 CCD=00000000c0c43101 CCO=EFLAGS
EFER=0000000000000d00
Servicing hardware INT=0x20
   310: v=20 e=0000 i=0 cpl=0 IP=0038:0000000006cacc11 pc=0000000006cacc11 SP=0030:0000000007ee34b8 env->regs[R_EAX]=00000000c0c43101
RAX=00000000c0c43101 RBX=00000000070e7498 RCX=00000000070e7498 RDX=0000000000000000
RSI=0000000007f09980 RDI=44515fc33c8d294c RBP=0000000007ee3520 RSP=0000000007ee34b8
R8 =0000000007ee3620 R9 =00000000f77f2a22 R10=00000000f732ce42 R11=000000002c77da85
R12=0000000000000004 R13=0000000007f09880 R14=0000000000000010 R15=0000000007f09980
RIP=0000000006cacc11 RFL=00000202 [-------] CPL=0 II=0 A20=1 SMM=0 HLT=0
ES =0030 0000000000000000 ffffffff 00cf9300 DPL=0 DS   [-WA]
CS =0038 0000000000000000 ffffffff 00af9a00 DPL=0 CS64 [-R-]
SS =0030 0000000000000000 ffffffff 00cf9300 DPL=0 DS   [-WA]
DS =0030 0000000000000000 ffffffff 00cf9300 DPL=0 DS   [-WA]
FS =0030 0000000000000000 ffffffff 00cf9300 DPL=0 DS   [-WA]
GS =0030 0000000000000000 ffffffff 00cf9300 DPL=0 DS   [-WA]
LDT=0000 0000000000000000 0000ffff 00008200 DPL=0 LDT
TR =0048 00000000075db058 00000067 00008900 DPL=0 TSS64-avl
GDT=     00000000075db000 00000057
IDT=     00000000070e8018 00000fff
CR0=80010033 CR2=0000000000000000 CR3=0000000007801000 CR4=00000668
DR0=0000000000000000 DR1=0000000000000000 DR2=0000000000000000 DR3=0000000000000000 
DR6=00000000ffff0ff0 DR7=0000000000000400
CCS=0000000000000000 CCD=00000000c0c43101 CCO=EFLAGS
EFER=0000000000000d00
Servicing hardware INT=0x20
   311: v=20 e=0000 i=0 cpl=0 IP=0038:0000000006cacc11 pc=0000000006cacc11 SP=0030:0000000007ee34b8 env->regs[R_EAX]=00000000c0c43101
RAX=00000000c0c43101 RBX=00000000070e7498 RCX=00000000070e7498 RDX=0000000000000000
RSI=0000000007f09980 RDI=44515fc33c8d294c RBP=0000000007ee3520 RSP=0000000007ee34b8
R8 =0000000007ee3620 R9 =000000008f8f063f R10=000000003f524c8f R11=000000007cad236a
R12=0000000000000004 R13=0000000007f09880 R14=0000000000000010 R15=0000000007f09980
RIP=0000000006cacc11 RFL=00000202 [-------] CPL=0 II=0 A20=1 SMM=0 HLT=0
ES =0030 0000000000000000 ffffffff 00cf9300 DPL=0 DS   [-WA]
CS =0038 0000000000000000 ffffffff 00af9a00 DPL=0 CS64 [-R-]
SS =0030 0000000000000000 ffffffff 00cf9300 DPL=0 DS   [-WA]
DS =0030 0000000000000000 ffffffff 00cf9300 DPL=0 DS   [-WA]
FS =0030 0000000000000000 ffffffff 00cf9300 DPL=0 DS   [-WA]
GS =0030 0000000000000000 ffffffff 00cf9300 DPL=0 DS   [-WA]
LDT=0000 0000000000000000 0000ffff 00008200 DPL=0 LDT
TR =0048 00000000075db058 00000067 00008900 DPL=0 TSS64-avl
GDT=     00000000075db000 00000057
IDT=     00000000070e8018 00000fff
CR0=80010033 CR2=0000000000000000 CR3=0000000007801000 CR4=00000668
DR0=0000000000000000 DR1=0000000000000000 DR2=0000000000000000 DR3=0000000000000000 
DR6=00000000ffff0ff0 DR7=0000000000000400
CCS=0000000000000000 CCD=00000000c0c43101 CCO=EFLAGS
EFER=0000000000000d00
Servicing hardware INT=0x20
   312: v=20 e=0000 i=0 cpl=0 IP=0038:0000000006cacc11 pc=0000000006cacc11 SP=0030:0000000007ee34b8 env->regs[R_EAX]=00000000c0c43101
RAX=00000000c0c43101 RBX=00000000070e7498 RCX=00000000070e7498 RDX=0000000000000000
RSI=0000000007f09980 RDI=44515fc33c8d294c RBP=0000000007ee3520 RSP=0000000007ee34b8
R8 =0000000007ee3620 R9 =000000008f8f063f R10=000000003f524c8f R11=000000007cad236a
R12=0000000000000004 R13=0000000007f09880 R14=0000000000000010 R15=0000000007f09980
RIP=0000000006cacc11 RFL=00000202 [-------] CPL=0 II=0 A20=1 SMM=0 HLT=0
ES =0030 0000000000000000 ffffffff 00cf9300 DPL=0 DS   [-WA]
CS =0038 0000000000000000 ffffffff 00af9a00 DPL=0 CS64 [-R-]
SS =0030 0000000000000000 ffffffff 00cf9300 DPL=0 DS   [-WA]
DS =0030 0000000000000000 ffffffff 00cf9300 DPL=0 DS   [-WA]
FS =0030 0000000000000000 ffffffff 00cf9300 DPL=0 DS   [-WA]
GS =0030 0000000000000000 ffffffff 00cf9300 DPL=0 DS   [-WA]
LDT=0000 0000000000000000 0000ffff 00008200 DPL=0 LDT
TR =0048 00000000075db058 00000067 00008900 DPL=0 TSS64-avl
GDT=     00000000075db000 00000057
IDT=     00000000070e8018 00000fff
CR0=80010033 CR2=0000000000000000 CR3=0000000007801000 CR4=00000668
DR0=0000000000000000 DR1=0000000000000000 DR2=0000000000000000 DR3=0000000000000000 
DR6=00000000ffff0ff0 DR7=0000000000000400
CCS=0000000000000000 CCD=00000000c0c43101 CCO=EFLAGS
EFER=0000000000000d00
Servicing hardware INT=0x20
   313: v=20 e=0000 i=0 cpl=0 IP=0038:0000000006cacc11 pc=0000000006cacc11 SP=0030:0000000007ee34b8 env->regs[R_EAX]=00000000c0c43101
RAX=00000000c0c43101 RBX=00000000070e7498 RCX=00000000070e7498 RDX=0000000000000000
RSI=0000000007f09980 RDI=44515fc33c8d294c RBP=0000000007ee3520 RSP=0000000007ee34b8
R8 =0000000007ee3620 R9 =0000000091b26f5f R10=00000000fd004c6c R11=000000006d9645f4
R12=0000000000000004 R13=0000000007f09880 R14=0000000000000010 R15=0000000007f09980
RIP=0000000006cacc11 RFL=00000202 [-------] CPL=0 II=0 A20=1 SMM=0 HLT=0
ES =0030 0000000000000000 ffffffff 00cf9300 DPL=0 DS   [-WA]
CS =0038 0000000000000000 ffffffff 00af9a00 DPL=0 CS64 [-R-]
SS =0030 0000000000000000 ffffffff 00cf9300 DPL=0 DS   [-WA]
DS =0030 0000000000000000 ffffffff 00cf9300 DPL=0 DS   [-WA]
FS =0030 0000000000000000 ffffffff 00cf9300 DPL=0 DS   [-WA]
GS =0030 0000000000000000 ffffffff 00cf9300 DPL=0 DS   [-WA]
LDT=0000 0000000000000000 0000ffff 00008200 DPL=0 LDT
TR =0048 00000000075db058 00000067 00008900 DPL=0 TSS64-avl
GDT=     00000000075db000 00000057
IDT=     00000000070e8018 00000fff
CR0=80010033 CR2=0000000000000000 CR3=0000000007801000 CR4=00000668
DR0=0000000000000000 DR1=0000000000000000 DR2=0000000000000000 DR3=0000000000000000 
DR6=00000000ffff0ff0 DR7=0000000000000400
CCS=0000000000000000 CCD=00000000c0c43101 CCO=EFLAGS
EFER=0000000000000d00
Servicing hardware INT=0x20
   314: v=20 e=0000 i=0 cpl=0 IP=0038:0000000006cacc11 pc=0000000006cacc11 SP=0030:0000000007ee34b8 env->regs[R_EAX]=00000000c0c43101
RAX=00000000c0c43101 RBX=00000000070e7498 RCX=00000000070e7498 RDX=0000000000000000
RSI=0000000007f09980 RDI=44515fc33c8d294c RBP=0000000007ee3520 RSP=0000000007ee34b8
R8 =0000000007ee3620 R9 =0000000091b26f5f R10=00000000fd004c6c R11=000000006d9645f4
R12=0000000000000004 R13=0000000007f09880 R14=0000000000000010 R15=0000000007f09980
RIP=0000000006cacc11 RFL=00000202 [-------] CPL=0 II=0 A20=1 SMM=0 HLT=0
ES =0030 0000000000000000 ffffffff 00cf9300 DPL=0 DS   [-WA]
CS =0038 0000000000000000 ffffffff 00af9a00 DPL=0 CS64 [-R-]
SS =0030 0000000000000000 ffffffff 00cf9300 DPL=0 DS   [-WA]
DS =0030 0000000000000000 ffffffff 00cf9300 DPL=0 DS   [-WA]
FS =0030 0000000000000000 ffffffff 00cf9300 DPL=0 DS   [-WA]
GS =0030 0000000000000000 ffffffff 00cf9300 DPL=0 DS   [-WA]
LDT=0000 0000000000000000 0000ffff 00008200 DPL=0 LDT
TR =0048 00000000075db058 00000067 00008900 DPL=0 TSS64-avl
GDT=     00000000075db000 00000057
IDT=     00000000070e8018 00000fff
CR0=80010033 CR2=0000000000000000 CR3=0000000007801000 CR4=00000668
DR0=0000000000000000 DR1=0000000000000000 DR2=0000000000000000 DR3=0000000000000000 
DR6=00000000ffff0ff0 DR7=0000000000000400
CCS=0000000000000000 CCD=00000000c0c43101 CCO=EFLAGS
EFER=0000000000000d00
Servicing hardware INT=0x20
   315: v=20 e=0000 i=0 cpl=0 IP=0038:0000000006cacc11 pc=0000000006cacc11 SP=0030:0000000007ee34b8 env->regs[R_EAX]=00000000c0c43101
RAX=00000000c0c43101 RBX=00000000070e7498 RCX=00000000070e7498 RDX=0000000000000000
RSI=0000000007f09980 RDI=44515fc33c8d294c RBP=0000000007ee3520 RSP=0000000007ee34b8
R8 =0000000007ee3620 R9 =00000000139d41c8 R10=00000000ff4d3790 R11=00000000bae515db
R12=0000000000000004 R13=0000000007f09880 R14=0000000000000010 R15=0000000007f09980
RIP=0000000006cacc11 RFL=00000202 [-------] CPL=0 II=0 A20=1 SMM=0 HLT=0
ES =0030 0000000000000000 ffffffff 00cf9300 DPL=0 DS   [-WA]
CS =0038 0000000000000000 ffffffff 00af9a00 DPL=0 CS64 [-R-]
SS =0030 0000000000000000 ffffffff 00cf9300 DPL=0 DS   [-WA]
DS =0030 0000000000000000 ffffffff 00cf9300 DPL=0 DS   [-WA]
FS =0030 0000000000000000 ffffffff 00cf9300 DPL=0 DS   [-WA]
GS =0030 0000000000000000 ffffffff 00cf9300 DPL=0 DS   [-WA]
LDT=0000 0000000000000000 0000ffff 00008200 DPL=0 LDT
TR =0048 00000000075db058 00000067 00008900 DPL=0 TSS64-avl
GDT=     00000000075db000 00000057
IDT=     00000000070e8018 00000fff
CR0=80010033 CR2=0000000000000000 CR3=0000000007801000 CR4=00000668
DR0=0000000000000000 DR1=0000000000000000 DR2=0000000000000000 DR3=0000000000000000 
DR6=00000000ffff0ff0 DR7=0000000000000400
CCS=0000000000000000 CCD=00000000c0c43101 CCO=EFLAGS
EFER=0000000000000d00
Servicing hardware INT=0x20
   316: v=20 e=0000 i=0 cpl=0 IP=0038:0000000006cacc11 pc=0000000006cacc11 SP=0030:0000000007ee34b8 env->regs[R_EAX]=00000000c0c43101
RAX=00000000c0c43101 RBX=00000000070e7498 RCX=00000000070e7498 RDX=0000000000000000
RSI=0000000007f09980 RDI=44515fc33c8d294c RBP=0000000007ee3520 RSP=0000000007ee34b8
R8 =0000000007ee3620 R9 =00000000139d41c8 R10=00000000ff4d3790 R11=00000000bae515db
R12=0000000000000004 R13=0000000007f09880 R14=0000000000000010 R15=0000000007f09980
RIP=0000000006cacc11 RFL=00000202 [-------] CPL=0 II=0 A20=1 SMM=0 HLT=0
ES =0030 0000000000000000 ffffffff 00cf9300 DPL=0 DS   [-WA]
CS =0038 0000000000000000 ffffffff 00af9a00 DPL=0 CS64 [-R-]
SS =0030 0000000000000000 ffffffff 00cf9300 DPL=0 DS   [-WA]
DS =0030 0000000000000000 ffffffff 00cf9300 DPL=0 DS   [-WA]
FS =0030 0000000000000000 ffffffff 00cf9300 DPL=0 DS   [-WA]
GS =0030 0000000000000000 ffffffff 00cf9300 DPL=0 DS   [-WA]
LDT=0000 0000000000000000 0000ffff 00008200 DPL=0 LDT
TR =0048 00000000075db058 00000067 00008900 DPL=0 TSS64-avl
GDT=     00000000075db000 00000057
IDT=     00000000070e8018 00000fff
CR0=80010033 CR2=0000000000000000 CR3=0000000007801000 CR4=00000668
DR0=0000000000000000 DR1=0000000000000000 DR2=0000000000000000 DR3=0000000000000000 
DR6=00000000ffff0ff0 DR7=0000000000000400
CCS=0000000000000000 CCD=00000000c0c43101 CCO=EFLAGS
EFER=0000000000000d00
Servicing hardware INT=0x20
   317: v=20 e=0000 i=0 cpl=0 IP=0038:0000000006cacc11 pc=0000000006cacc11 SP=0030:0000000007ee34b8 env->regs[R_EAX]=00000000c0c43101
RAX=00000000c0c43101 RBX=00000000070e7498 RCX=00000000070e7498 RDX=0000000000000000
RSI=0000000007f09980 RDI=44515fc33c8d294c RBP=0000000007ee3520 RSP=0000000007ee34b8
R8 =0000000007ee3620 R9 =0000000042dc4123 R10=000000003d9d2b84 R11=0000000094af01e7
R12=0000000000000004 R13=0000000007f09880 R14=0000000000000010 R15=0000000007f09980
RIP=0000000006cacc11 RFL=00000202 [-------] CPL=0 II=0 A20=1 SMM=0 HLT=0
ES =0030 0000000000000000 ffffffff 00cf9300 DPL=0 DS   [-WA]
CS =0038 0000000000000000 ffffffff 00af9a00 DPL=0 CS64 [-R-]
SS =0030 0000000000000000 ffffffff 00cf9300 DPL=0 DS   [-WA]
DS =0030 0000000000000000 ffffffff 00cf9300 DPL=0 DS   [-WA]
FS =0030 0000000000000000 ffffffff 00cf9300 DPL=0 DS   [-WA]
GS =0030 0000000000000000 ffffffff 00cf9300 DPL=0 DS   [-WA]
LDT=0000 0000000000000000 0000ffff 00008200 DPL=0 LDT
TR =0048 00000000075db058 00000067 00008900 DPL=0 TSS64-avl
GDT=     00000000075db000 00000057
IDT=     00000000070e8018 00000fff
CR0=80010033 CR2=0000000000000000 CR3=0000000007801000 CR4=00000668
DR0=0000000000000000 DR1=0000000000000000 DR2=0000000000000000 DR3=0000000000000000 
DR6=00000000ffff0ff0 DR7=0000000000000400
CCS=0000000000000000 CCD=00000000c0c43101 CCO=EFLAGS
EFER=0000000000000d00
Servicing hardware INT=0x20
   318: v=20 e=0000 i=0 cpl=0 IP=0038:0000000006cacc11 pc=0000000006cacc11 SP=0030:0000000007ee34b8 env->regs[R_EAX]=00000000c0c43101
RAX=00000000c0c43101 RBX=00000000070e7498 RCX=00000000070e7498 RDX=0000000000000000
RSI=0000000007f09980 RDI=44515fc33c8d294c RBP=0000000007ee3520 RSP=0000000007ee34b8
R8 =0000000007ee3620 R9 =0000000042dc4123 R10=000000003d9d2b84 R11=0000000094af01e7
R12=0000000000000004 R13=0000000007f09880 R14=0000000000000010 R15=0000000007f09980
RIP=0000000006cacc11 RFL=00000202 [-------] CPL=0 II=0 A20=1 SMM=0 HLT=0
ES =0030 0000000000000000 ffffffff 00cf9300 DPL=0 DS   [-WA]
CS =0038 0000000000000000 ffffffff 00af9a00 DPL=0 CS64 [-R-]
SS =0030 0000000000000000 ffffffff 00cf9300 DPL=0 DS   [-WA]
DS =0030 0000000000000000 ffffffff 00cf9300 DPL=0 DS   [-WA]
FS =0030 0000000000000000 ffffffff 00cf9300 DPL=0 DS   [-WA]
GS =0030 0000000000000000 ffffffff 00cf9300 DPL=0 DS   [-WA]
LDT=0000 0000000000000000 0000ffff 00008200 DPL=0 LDT
TR =0048 00000000075db058 00000067 00008900 DPL=0 TSS64-avl
GDT=     00000000075db000 00000057
IDT=     00000000070e8018 00000fff
CR0=80010033 CR2=0000000000000000 CR3=0000000007801000 CR4=00000668
DR0=0000000000000000 DR1=0000000000000000 DR2=0000000000000000 DR3=0000000000000000 
DR6=00000000ffff0ff0 DR7=0000000000000400
CCS=0000000000000000 CCD=00000000c0c43101 CCO=EFLAGS
EFER=0000000000000d00
Servicing hardware INT=0x20
   319: v=20 e=0000 i=0 cpl=0 IP=0038:0000000006cacc11 pc=0000000006cacc11 SP=0030:0000000007ee34b8 env->regs[R_EAX]=00000000c0c43101
RAX=00000000c0c43101 RBX=00000000070e7498 RCX=00000000070e7498 RDX=0000000000000000
RSI=0000000007f09980 RDI=44515fc33c8d294c RBP=0000000007ee3520 RSP=0000000007ee34b8
R8 =0000000007ee3620 R9 =0000000052450e7c R10=00000000f79fabdd R11=000000004068436d
R12=0000000000000004 R13=0000000007f09880 R14=0000000000000010 R15=0000000007f09980
RIP=0000000006cacc11 RFL=00000202 [-------] CPL=0 II=0 A20=1 SMM=0 HLT=0
ES =0030 0000000000000000 ffffffff 00cf9300 DPL=0 DS   [-WA]
CS =0038 0000000000000000 ffffffff 00af9a00 DPL=0 CS64 [-R-]
SS =0030 0000000000000000 ffffffff 00cf9300 DPL=0 DS   [-WA]
DS =0030 0000000000000000 ffffffff 00cf9300 DPL=0 DS   [-WA]
FS =0030 0000000000000000 ffffffff 00cf9300 DPL=0 DS   [-WA]
GS =0030 0000000000000000 ffffffff 00cf9300 DPL=0 DS   [-WA]
LDT=0000 0000000000000000 0000ffff 00008200 DPL=0 LDT
TR =0048 00000000075db058 00000067 00008900 DPL=0 TSS64-avl
GDT=     00000000075db000 00000057
IDT=     00000000070e8018 00000fff
CR0=80010033 CR2=0000000000000000 CR3=0000000007801000 CR4=00000668
DR0=0000000000000000 DR1=0000000000000000 DR2=0000000000000000 DR3=0000000000000000 
DR6=00000000ffff0ff0 DR7=0000000000000400
CCS=0000000000000000 CCD=00000000c0c43101 CCO=EFLAGS
EFER=0000000000000d00
Servicing hardware INT=0x20
   320: v=20 e=0000 i=0 cpl=0 IP=0038:0000000006cacc11 pc=0000000006cacc11 SP=0030:0000000007ee34b8 env->regs[R_EAX]=00000000c0c43101
RAX=00000000c0c43101 RBX=00000000070e7498 RCX=00000000070e7498 RDX=0000000000000000
RSI=0000000007f09980 RDI=44515fc33c8d294c RBP=0000000007ee3520 RSP=0000000007ee34b8
R8 =0000000007ee3620 R9 =0000000052450e7c R10=00000000f79fabdd R11=000000004068436d
R12=0000000000000004 R13=0000000007f09880 R14=0000000000000010 R15=0000000007f09980
RIP=0000000006cacc11 RFL=00000202 [-------] CPL=0 II=0 A20=1 SMM=0 HLT=0
ES =0030 0000000000000000 ffffffff 00cf9300 DPL=0 DS   [-WA]
CS =0038 0000000000000000 ffffffff 00af9a00 DPL=0 CS64 [-R-]
SS =0030 0000000000000000 ffffffff 00cf9300 DPL=0 DS   [-WA]
DS =0030 0000000000000000 ffffffff 00cf9300 DPL=0 DS   [-WA]
FS =0030 0000000000000000 ffffffff 00cf9300 DPL=0 DS   [-WA]
GS =0030 0000000000000000 ffffffff 00cf9300 DPL=0 DS   [-WA]
LDT=0000 0000000000000000 0000ffff 00008200 DPL=0 LDT
TR =0048 00000000075db058 00000067 00008900 DPL=0 TSS64-avl
GDT=     00000000075db000 00000057
IDT=     00000000070e8018 00000fff
CR0=80010033 CR2=0000000000000000 CR3=0000000007801000 CR4=00000668
DR0=0000000000000000 DR1=0000000000000000 DR2=0000000000000000 DR3=0000000000000000 
DR6=00000000ffff0ff0 DR7=0000000000000400
CCS=0000000000000000 CCD=00000000c0c43101 CCO=EFLAGS
EFER=0000000000000d00
Servicing hardware INT=0x20
   321: v=20 e=0000 i=0 cpl=0 IP=0038:0000000006cacc11 pc=0000000006cacc11 SP=0030:0000000007ee34b8 env->regs[R_EAX]=00000000c0c43101
RAX=00000000c0c43101 RBX=00000000070e7498 RCX=00000000070e7498 RDX=0000000000000000
RSI=0000000007f09980 RDI=44515fc33c8d294c RBP=0000000007ee3520 RSP=0000000007ee34b8
R8 =0000000007ee3620 R9 =000000000661f01f R10=00000000cd67f961 R11=00000000fb0911e4
R12=0000000000000004 R13=0000000007f09880 R14=0000000000000010 R15=0000000007f09980
RIP=0000000006cacc11 RFL=00000202 [-------] CPL=0 II=0 A20=1 SMM=0 HLT=0
ES =0030 0000000000000000 ffffffff 00cf9300 DPL=0 DS   [-WA]
CS =0038 0000000000000000 ffffffff 00af9a00 DPL=0 CS64 [-R-]
SS =0030 0000000000000000 ffffffff 00cf9300 DPL=0 DS   [-WA]
DS =0030 0000000000000000 ffffffff 00cf9300 DPL=0 DS   [-WA]
FS =0030 0000000000000000 ffffffff 00cf9300 DPL=0 DS   [-WA]
GS =0030 0000000000000000 ffffffff 00cf9300 DPL=0 DS   [-WA]
LDT=0000 0000000000000000 0000ffff 00008200 DPL=0 LDT
TR =0048 00000000075db058 00000067 00008900 DPL=0 TSS64-avl
GDT=     00000000075db000 00000057
IDT=     00000000070e8018 00000fff
CR0=80010033 CR2=0000000000000000 CR3=0000000007801000 CR4=00000668
DR0=0000000000000000 DR1=0000000000000000 DR2=0000000000000000 DR3=0000000000000000 
DR6=00000000ffff0ff0 DR7=0000000000000400
CCS=0000000000000000 CCD=00000000c0c43101 CCO=EFLAGS
EFER=0000000000000d00
Servicing hardware INT=0x20
   322: v=20 e=0000 i=0 cpl=0 IP=0038:0000000006cacc11 pc=0000000006cacc11 SP=0030:0000000007ee34b8 env->regs[R_EAX]=00000000c0c43101
RAX=00000000c0c43101 RBX=00000000070e7498 RCX=00000000070e7498 RDX=0000000000000000
RSI=0000000007f09980 RDI=44515fc33c8d294c RBP=0000000007ee3520 RSP=0000000007ee34b8
R8 =0000000007ee3620 R9 =000000000661f01f R10=00000000cd67f961 R11=00000000fb0911e4
R12=0000000000000004 R13=0000000007f09880 R14=0000000000000010 R15=0000000007f09980
RIP=0000000006cacc11 RFL=00000202 [-------] CPL=0 II=0 A20=1 SMM=0 HLT=0
ES =0030 0000000000000000 ffffffff 00cf9300 DPL=0 DS   [-WA]
CS =0038 0000000000000000 ffffffff 00af9a00 DPL=0 CS64 [-R-]
SS =0030 0000000000000000 ffffffff 00cf9300 DPL=0 DS   [-WA]
DS =0030 0000000000000000 ffffffff 00cf9300 DPL=0 DS   [-WA]
FS =0030 0000000000000000 ffffffff 00cf9300 DPL=0 DS   [-WA]
GS =0030 0000000000000000 ffffffff 00cf9300 DPL=0 DS   [-WA]
LDT=0000 0000000000000000 0000ffff 00008200 DPL=0 LDT
TR =0048 00000000075db058 00000067 00008900 DPL=0 TSS64-avl
GDT=     00000000075db000 00000057
IDT=     00000000070e8018 00000fff
CR0=80010033 CR2=0000000000000000 CR3=0000000007801000 CR4=00000668
DR0=0000000000000000 DR1=0000000000000000 DR2=0000000000000000 DR3=0000000000000000 
DR6=00000000ffff0ff0 DR7=0000000000000400
CCS=0000000000000000 CCD=00000000c0c43101 CCO=EFLAGS
EFER=0000000000000d00
Servicing hardware INT=0x20
   323: v=20 e=0000 i=0 cpl=0 IP=0038:0000000006cacc11 pc=0000000006cacc11 SP=0030:0000000007ee34b8 env->regs[R_EAX]=00000000c0c43101
RAX=00000000c0c43101 RBX=00000000070e7498 RCX=00000000070e7498 RDX=0000000000000000
RSI=0000000007f09980 RDI=44515fc33c8d294c RBP=0000000007ee3520 RSP=0000000007ee34b8
R8 =0000000007ee3620 R9 =000000005a545c11 R10=00000000f0c7d053 R11=00000000b4d12f63
R12=0000000000000004 R13=0000000007f09880 R14=0000000000000010 R15=0000000007f09980
RIP=0000000006cacc11 RFL=00000202 [-------] CPL=0 II=0 A20=1 SMM=0 HLT=0
ES =0030 0000000000000000 ffffffff 00cf9300 DPL=0 DS   [-WA]
CS =0038 0000000000000000 ffffffff 00af9a00 DPL=0 CS64 [-R-]
SS =0030 0000000000000000 ffffffff 00cf9300 DPL=0 DS   [-WA]
DS =0030 0000000000000000 ffffffff 00cf9300 DPL=0 DS   [-WA]
FS =0030 0000000000000000 ffffffff 00cf9300 DPL=0 DS   [-WA]
GS =0030 0000000000000000 ffffffff 00cf9300 DPL=0 DS   [-WA]
LDT=0000 0000000000000000 0000ffff 00008200 DPL=0 LDT
TR =0048 00000000075db058 00000067 00008900 DPL=0 TSS64-avl
GDT=     00000000075db000 00000057
IDT=     00000000070e8018 00000fff
CR0=80010033 CR2=0000000000000000 CR3=0000000007801000 CR4=00000668
DR0=0000000000000000 DR1=0000000000000000 DR2=0000000000000000 DR3=0000000000000000 
DR6=00000000ffff0ff0 DR7=0000000000000400
CCS=0000000000000000 CCD=00000000c0c43101 CCO=EFLAGS
EFER=0000000000000d00
Servicing hardware INT=0x20
   324: v=20 e=0000 i=0 cpl=0 IP=0038:0000000006cacc11 pc=0000000006cacc11 SP=0030:0000000007ee34b8 env->regs[R_EAX]=00000000c0c43101
RAX=00000000c0c43101 RBX=00000000070e7498 RCX=00000000070e7498 RDX=0000000000000000
RSI=0000000007f09980 RDI=44515fc33c8d294c RBP=0000000007ee3520 RSP=0000000007ee34b8
R8 =0000000007ee3620 R9 =000000005a545c11 R10=00000000f0c7d053 R11=00000000b4d12f63
R12=0000000000000004 R13=0000000007f09880 R14=0000000000000010 R15=0000000007f09980
RIP=0000000006cacc11 RFL=00000202 [-------] CPL=0 II=0 A20=1 SMM=0 HLT=0
ES =0030 0000000000000000 ffffffff 00cf9300 DPL=0 DS   [-WA]
CS =0038 0000000000000000 ffffffff 00af9a00 DPL=0 CS64 [-R-]
SS =0030 0000000000000000 ffffffff 00cf9300 DPL=0 DS   [-WA]
DS =0030 0000000000000000 ffffffff 00cf9300 DPL=0 DS   [-WA]
FS =0030 0000000000000000 ffffffff 00cf9300 DPL=0 DS   [-WA]
GS =0030 0000000000000000 ffffffff 00cf9300 DPL=0 DS   [-WA]
LDT=0000 0000000000000000 0000ffff 00008200 DPL=0 LDT
TR =0048 00000000075db058 00000067 00008900 DPL=0 TSS64-avl
GDT=     00000000075db000 00000057
IDT=     00000000070e8018 00000fff
CR0=80010033 CR2=0000000000000000 CR3=0000000007801000 CR4=00000668
DR0=0000000000000000 DR1=0000000000000000 DR2=0000000000000000 DR3=0000000000000000 
DR6=00000000ffff0ff0 DR7=0000000000000400
CCS=0000000000000000 CCD=00000000c0c43101 CCO=EFLAGS
EFER=0000000000000d00
Servicing hardware INT=0x20
   325: v=20 e=0000 i=0 cpl=0 IP=0038:0000000006cacc11 pc=0000000006cacc11 SP=0030:0000000007ee34b8 env->regs[R_EAX]=00000000c0c43101
RAX=00000000c0c43101 RBX=00000000070e7498 RCX=00000000070e7498 RDX=0000000000000000
RSI=0000000007f09980 RDI=44515fc33c8d294c RBP=0000000007ee3520 RSP=0000000007ee34b8
R8 =0000000007ee3620 R9 =000000001a8ebe3f R10=00000000ccfb4ccd R11=0000000055f28a49
R12=0000000000000004 R13=0000000007f09880 R14=0000000000000010 R15=0000000007f09980
RIP=0000000006cacc11 RFL=00000202 [-------] CPL=0 II=0 A20=1 SMM=0 HLT=0
ES =0030 0000000000000000 ffffffff 00cf9300 DPL=0 DS   [-WA]
CS =0038 0000000000000000 ffffffff 00af9a00 DPL=0 CS64 [-R-]
SS =0030 0000000000000000 ffffffff 00cf9300 DPL=0 DS   [-WA]
DS =0030 0000000000000000 ffffffff 00cf9300 DPL=0 DS   [-WA]
FS =0030 0000000000000000 ffffffff 00cf9300 DPL=0 DS   [-WA]
GS =0030 0000000000000000 ffffffff 00cf9300 DPL=0 DS   [-WA]
LDT=0000 0000000000000000 0000ffff 00008200 DPL=0 LDT
TR =0048 00000000075db058 00000067 00008900 DPL=0 TSS64-avl
GDT=     00000000075db000 00000057
IDT=     00000000070e8018 00000fff
CR0=80010033 CR2=0000000000000000 CR3=0000000007801000 CR4=00000668
DR0=0000000000000000 DR1=0000000000000000 DR2=0000000000000000 DR3=0000000000000000 
DR6=00000000ffff0ff0 DR7=0000000000000400
CCS=0000000000000000 CCD=00000000c0c43101 CCO=EFLAGS
EFER=0000000000000d00
Servicing hardware INT=0x20
   326: v=20 e=0000 i=0 cpl=0 IP=0038:0000000006cacc11 pc=0000000006cacc11 SP=0030:0000000007ee34b8 env->regs[R_EAX]=00000000c0c43101
RAX=00000000c0c43101 RBX=00000000070e7498 RCX=00000000070e7498 RDX=0000000000000000
RSI=0000000007f09980 RDI=44515fc33c8d294c RBP=0000000007ee3520 RSP=0000000007ee34b8
R8 =0000000007ee3620 R9 =000000001a8ebe3f R10=00000000ccfb4ccd R11=0000000055f28a49
R12=0000000000000004 R13=0000000007f09880 R14=0000000000000010 R15=0000000007f09980
RIP=0000000006cacc11 RFL=00000202 [-------] CPL=0 II=0 A20=1 SMM=0 HLT=0
ES =0030 0000000000000000 ffffffff 00cf9300 DPL=0 DS   [-WA]
CS =0038 0000000000000000 ffffffff 00af9a00 DPL=0 CS64 [-R-]
SS =0030 0000000000000000 ffffffff 00cf9300 DPL=0 DS   [-WA]
DS =0030 0000000000000000 ffffffff 00cf9300 DPL=0 DS   [-WA]
FS =0030 0000000000000000 ffffffff 00cf9300 DPL=0 DS   [-WA]
GS =0030 0000000000000000 ffffffff 00cf9300 DPL=0 DS   [-WA]
LDT=0000 0000000000000000 0000ffff 00008200 DPL=0 LDT
TR =0048 00000000075db058 00000067 00008900 DPL=0 TSS64-avl
GDT=     00000000075db000 00000057
IDT=     00000000070e8018 00000fff
CR0=80010033 CR2=0000000000000000 CR3=0000000007801000 CR4=00000668
DR0=0000000000000000 DR1=0000000000000000 DR2=0000000000000000 DR3=0000000000000000 
DR6=00000000ffff0ff0 DR7=0000000000000400
CCS=0000000000000000 CCD=00000000c0c43101 CCO=EFLAGS
EFER=0000000000000d00
Servicing hardware INT=0x20
   327: v=20 e=0000 i=0 cpl=0 IP=0038:0000000006cacc11 pc=0000000006cacc11 SP=0030:0000000007ee34b8 env->regs[R_EAX]=00000000c0c43101
RAX=00000000c0c43101 RBX=00000000070e7498 RCX=00000000070e7498 RDX=0000000000000000
RSI=0000000007f09980 RDI=44515fc33c8d294c RBP=0000000007ee3520 RSP=0000000007ee34b8
R8 =0000000007ee3620 R9 =00000000dbbb04d7 R10=0000000023f5ffe8 R11=000000007f586a87
R12=0000000000000004 R13=0000000007f09880 R14=0000000000000010 R15=0000000007f09980
RIP=0000000006cacc11 RFL=00000202 [-------] CPL=0 II=0 A20=1 SMM=0 HLT=0
ES =0030 0000000000000000 ffffffff 00cf9300 DPL=0 DS   [-WA]
CS =0038 0000000000000000 ffffffff 00af9a00 DPL=0 CS64 [-R-]
SS =0030 0000000000000000 ffffffff 00cf9300 DPL=0 DS   [-WA]
DS =0030 0000000000000000 ffffffff 00cf9300 DPL=0 DS   [-WA]
FS =0030 0000000000000000 ffffffff 00cf9300 DPL=0 DS   [-WA]
GS =0030 0000000000000000 ffffffff 00cf9300 DPL=0 DS   [-WA]
LDT=0000 0000000000000000 0000ffff 00008200 DPL=0 LDT
TR =0048 00000000075db058 00000067 00008900 DPL=0 TSS64-avl
GDT=     00000000075db000 00000057
IDT=     00000000070e8018 00000fff
CR0=80010033 CR2=0000000000000000 CR3=0000000007801000 CR4=00000668
DR0=0000000000000000 DR1=0000000000000000 DR2=0000000000000000 DR3=0000000000000000 
DR6=00000000ffff0ff0 DR7=0000000000000400
CCS=0000000000000000 CCD=00000000c0c43101 CCO=EFLAGS
EFER=0000000000000d00
Servicing hardware INT=0x20
   328: v=20 e=0000 i=0 cpl=0 IP=0038:0000000006cacc11 pc=0000000006cacc11 SP=0030:0000000007ee34b8 env->regs[R_EAX]=00000000c0c43101
RAX=00000000c0c43101 RBX=00000000070e7498 RCX=00000000070e7498 RDX=0000000000000000
RSI=0000000007f09980 RDI=44515fc33c8d294c RBP=0000000007ee3520 RSP=0000000007ee34b8
R8 =0000000007ee3620 R9 =00000000dbbb04d7 R10=0000000023f5ffe8 R11=000000007f586a87
R12=0000000000000004 R13=0000000007f09880 R14=0000000000000010 R15=0000000007f09980
RIP=0000000006cacc11 RFL=00000202 [-------] CPL=0 II=0 A20=1 SMM=0 HLT=0
ES =0030 0000000000000000 ffffffff 00cf9300 DPL=0 DS   [-WA]
CS =0038 0000000000000000 ffffffff 00af9a00 DPL=0 CS64 [-R-]
SS =0030 0000000000000000 ffffffff 00cf9300 DPL=0 DS   [-WA]
DS =0030 0000000000000000 ffffffff 00cf9300 DPL=0 DS   [-WA]
FS =0030 0000000000000000 ffffffff 00cf9300 DPL=0 DS   [-WA]
GS =0030 0000000000000000 ffffffff 00cf9300 DPL=0 DS   [-WA]
LDT=0000 0000000000000000 0000ffff 00008200 DPL=0 LDT
TR =0048 00000000075db058 00000067 00008900 DPL=0 TSS64-avl
GDT=     00000000075db000 00000057
IDT=     00000000070e8018 00000fff
CR0=80010033 CR2=0000000000000000 CR3=0000000007801000 CR4=00000668
DR0=0000000000000000 DR1=0000000000000000 DR2=0000000000000000 DR3=0000000000000000 
DR6=00000000ffff0ff0 DR7=0000000000000400
CCS=0000000000000000 CCD=00000000c0c43101 CCO=EFLAGS
EFER=0000000000000d00
Servicing hardware INT=0x20
   329: v=20 e=0000 i=0 cpl=0 IP=0038:0000000006cacc11 pc=0000000006cacc11 SP=0030:0000000007ee34b8 env->regs[R_EAX]=00000000c0c43101
RAX=00000000c0c43101 RBX=00000000070e7498 RCX=00000000070e7498 RDX=0000000000000000
RSI=0000000007f09980 RDI=44515fc33c8d294c RBP=0000000007ee3520 RSP=0000000007ee34b8
R8 =0000000007ee3620 R9 =000000005a6524fe R10=000000002e94cb7e R11=0000000035b54e26
R12=0000000000000004 R13=0000000007f09880 R14=0000000000000010 R15=0000000007f09980
RIP=0000000006cacc11 RFL=00000202 [-------] CPL=0 II=0 A20=1 SMM=0 HLT=0
ES =0030 0000000000000000 ffffffff 00cf9300 DPL=0 DS   [-WA]
CS =0038 0000000000000000 ffffffff 00af9a00 DPL=0 CS64 [-R-]
SS =0030 0000000000000000 ffffffff 00cf9300 DPL=0 DS   [-WA]
DS =0030 0000000000000000 ffffffff 00cf9300 DPL=0 DS   [-WA]
FS =0030 0000000000000000 ffffffff 00cf9300 DPL=0 DS   [-WA]
GS =0030 0000000000000000 ffffffff 00cf9300 DPL=0 DS   [-WA]
LDT=0000 0000000000000000 0000ffff 00008200 DPL=0 LDT
TR =0048 00000000075db058 00000067 00008900 DPL=0 TSS64-avl
GDT=     00000000075db000 00000057
IDT=     00000000070e8018 00000fff
CR0=80010033 CR2=0000000000000000 CR3=0000000007801000 CR4=00000668
DR0=0000000000000000 DR1=0000000000000000 DR2=0000000000000000 DR3=0000000000000000 
DR6=00000000ffff0ff0 DR7=0000000000000400
CCS=0000000000000000 CCD=00000000c0c43101 CCO=EFLAGS
EFER=0000000000000d00
Servicing hardware INT=0x20
   330: v=20 e=0000 i=0 cpl=0 IP=0038:0000000006cacc11 pc=0000000006cacc11 SP=0030:0000000007ee34b8 env->regs[R_EAX]=00000000c0c43101
RAX=00000000c0c43101 RBX=00000000070e7498 RCX=00000000070e7498 RDX=0000000000000000
RSI=0000000007f09980 RDI=44515fc33c8d294c RBP=0000000007ee3520 RSP=0000000007ee34b8
R8 =0000000007ee3620 R9 =000000005a6524fe R10=000000002e94cb7e R11=0000000035b54e26
R12=0000000000000004 R13=0000000007f09880 R14=0000000000000010 R15=0000000007f09980
RIP=0000000006cacc11 RFL=00000202 [-------] CPL=0 II=0 A20=1 SMM=0 HLT=0
ES =0030 0000000000000000 ffffffff 00cf9300 DPL=0 DS   [-WA]
CS =0038 0000000000000000 ffffffff 00af9a00 DPL=0 CS64 [-R-]
SS =0030 0000000000000000 ffffffff 00cf9300 DPL=0 DS   [-WA]
DS =0030 0000000000000000 ffffffff 00cf9300 DPL=0 DS   [-WA]
FS =0030 0000000000000000 ffffffff 00cf9300 DPL=0 DS   [-WA]
GS =0030 0000000000000000 ffffffff 00cf9300 DPL=0 DS   [-WA]
LDT=0000 0000000000000000 0000ffff 00008200 DPL=0 LDT
TR =0048 00000000075db058 00000067 00008900 DPL=0 TSS64-avl
GDT=     00000000075db000 00000057
IDT=     00000000070e8018 00000fff
CR0=80010033 CR2=0000000000000000 CR3=0000000007801000 CR4=00000668
DR0=0000000000000000 DR1=0000000000000000 DR2=0000000000000000 DR3=0000000000000000 
DR6=00000000ffff0ff0 DR7=0000000000000400
CCS=0000000000000000 CCD=00000000c0c43101 CCO=EFLAGS
EFER=0000000000000d00
Servicing hardware INT=0x20
   331: v=20 e=0000 i=0 cpl=0 IP=0038:0000000006cacc11 pc=0000000006cacc11 SP=0030:0000000007ee34b8 env->regs[R_EAX]=00000000c0c43101
RAX=00000000c0c43101 RBX=00000000070e7498 RCX=00000000070e7498 RDX=0000000000000000
RSI=0000000007f09980 RDI=44515fc33c8d294c RBP=0000000007ee3520 RSP=0000000007ee34b8
R8 =0000000007ee3620 R9 =000000003bf3c3cd R10=000000004fb534f6 R11=000000001ba65a6c
R12=0000000000000004 R13=0000000007f09880 R14=0000000000000010 R15=0000000007f09980
RIP=0000000006cacc11 RFL=00000202 [-------] CPL=0 II=0 A20=1 SMM=0 HLT=0
ES =0030 0000000000000000 ffffffff 00cf9300 DPL=0 DS   [-WA]
CS =0038 0000000000000000 ffffffff 00af9a00 DPL=0 CS64 [-R-]
SS =0030 0000000000000000 ffffffff 00cf9300 DPL=0 DS   [-WA]
DS =0030 0000000000000000 ffffffff 00cf9300 DPL=0 DS   [-WA]
FS =0030 0000000000000000 ffffffff 00cf9300 DPL=0 DS   [-WA]
GS =0030 0000000000000000 ffffffff 00cf9300 DPL=0 DS   [-WA]
LDT=0000 0000000000000000 0000ffff 00008200 DPL=0 LDT
TR =0048 00000000075db058 00000067 00008900 DPL=0 TSS64-avl
GDT=     00000000075db000 00000057
IDT=     00000000070e8018 00000fff
CR0=80010033 CR2=0000000000000000 CR3=0000000007801000 CR4=00000668
DR0=0000000000000000 DR1=0000000000000000 DR2=0000000000000000 DR3=0000000000000000 
DR6=00000000ffff0ff0 DR7=0000000000000400
CCS=0000000000000000 CCD=00000000c0c43101 CCO=EFLAGS
EFER=0000000000000d00
Servicing hardware INT=0x20
   332: v=20 e=0000 i=0 cpl=0 IP=0038:0000000006cacc11 pc=0000000006cacc11 SP=0030:0000000007ee34b8 env->regs[R_EAX]=00000000c0c43101
RAX=00000000c0c43101 RBX=00000000070e7498 RCX=00000000070e7498 RDX=0000000000000000
RSI=0000000007f09980 RDI=44515fc33c8d294c RBP=0000000007ee3520 RSP=0000000007ee34b8
R8 =0000000007ee3620 R9 =000000003bf3c3cd R10=000000004fb534f6 R11=000000001ba65a6c
R12=0000000000000004 R13=0000000007f09880 R14=0000000000000010 R15=0000000007f09980
RIP=0000000006cacc11 RFL=00000202 [-------] CPL=0 II=0 A20=1 SMM=0 HLT=0
ES =0030 0000000000000000 ffffffff 00cf9300 DPL=0 DS   [-WA]
CS =0038 0000000000000000 ffffffff 00af9a00 DPL=0 CS64 [-R-]
SS =0030 0000000000000000 ffffffff 00cf9300 DPL=0 DS   [-WA]
DS =0030 0000000000000000 ffffffff 00cf9300 DPL=0 DS   [-WA]
FS =0030 0000000000000000 ffffffff 00cf9300 DPL=0 DS   [-WA]
GS =0030 0000000000000000 ffffffff 00cf9300 DPL=0 DS   [-WA]
LDT=0000 0000000000000000 0000ffff 00008200 DPL=0 LDT
TR =0048 00000000075db058 00000067 00008900 DPL=0 TSS64-avl
GDT=     00000000075db000 00000057
IDT=     00000000070e8018 00000fff
CR0=80010033 CR2=0000000000000000 CR3=0000000007801000 CR4=00000668
DR0=0000000000000000 DR1=0000000000000000 DR2=0000000000000000 DR3=0000000000000000 
DR6=00000000ffff0ff0 DR7=0000000000000400
CCS=0000000000000000 CCD=00000000c0c43101 CCO=EFLAGS
EFER=0000000000000d00
Servicing hardware INT=0x20
   333: v=20 e=0000 i=0 cpl=0 IP=0038:0000000006cacc11 pc=0000000006cacc11 SP=0030:0000000007ee34b8 env->regs[R_EAX]=00000000c0c43101
RAX=00000000c0c43101 RBX=00000000070e7498 RCX=00000000070e7498 RDX=0000000000000000
RSI=0000000007f09980 RDI=44515fc33c8d294c RBP=0000000007ee3520 RSP=0000000007ee34b8
R8 =0000000007ee3620 R9 =00000000c4a5cb23 R10=000000004233f146 R11=00000000a4610448
R12=0000000000000004 R13=0000000007f09880 R14=0000000000000010 R15=0000000007f09980
RIP=0000000006cacc11 RFL=00000202 [-------] CPL=0 II=0 A20=1 SMM=0 HLT=0
ES =0030 0000000000000000 ffffffff 00cf9300 DPL=0 DS   [-WA]
CS =0038 0000000000000000 ffffffff 00af9a00 DPL=0 CS64 [-R-]
SS =0030 0000000000000000 ffffffff 00cf9300 DPL=0 DS   [-WA]
DS =0030 0000000000000000 ffffffff 00cf9300 DPL=0 DS   [-WA]
FS =0030 0000000000000000 ffffffff 00cf9300 DPL=0 DS   [-WA]
GS =0030 0000000000000000 ffffffff 00cf9300 DPL=0 DS   [-WA]
LDT=0000 0000000000000000 0000ffff 00008200 DPL=0 LDT
TR =0048 00000000075db058 00000067 00008900 DPL=0 TSS64-avl
GDT=     00000000075db000 00000057
IDT=     00000000070e8018 00000fff
CR0=80010033 CR2=0000000000000000 CR3=0000000007801000 CR4=00000668
DR0=0000000000000000 DR1=0000000000000000 DR2=0000000000000000 DR3=0000000000000000 
DR6=00000000ffff0ff0 DR7=0000000000000400
CCS=0000000000000000 CCD=00000000c0c43101 CCO=EFLAGS
EFER=0000000000000d00
Servicing hardware INT=0x20
   334: v=20 e=0000 i=0 cpl=0 IP=0038:0000000006cacc11 pc=0000000006cacc11 SP=0030:0000000007ee34b8 env->regs[R_EAX]=00000000c0c43101
RAX=00000000c0c43101 RBX=00000000070e7498 RCX=00000000070e7498 RDX=0000000000000000
RSI=0000000007f09980 RDI=44515fc33c8d294c RBP=0000000007ee3520 RSP=0000000007ee34b8
R8 =0000000007ee3620 R9 =00000000c4a5cb23 R10=000000004233f146 R11=00000000a4610448
R12=0000000000000004 R13=0000000007f09880 R14=0000000000000010 R15=0000000007f09980
RIP=0000000006cacc11 RFL=00000202 [-------] CPL=0 II=0 A20=1 SMM=0 HLT=0
ES =0030 0000000000000000 ffffffff 00cf9300 DPL=0 DS   [-WA]
CS =0038 0000000000000000 ffffffff 00af9a00 DPL=0 CS64 [-R-]
SS =0030 0000000000000000 ffffffff 00cf9300 DPL=0 DS   [-WA]
DS =0030 0000000000000000 ffffffff 00cf9300 DPL=0 DS   [-WA]
FS =0030 0000000000000000 ffffffff 00cf9300 DPL=0 DS   [-WA]
GS =0030 0000000000000000 ffffffff 00cf9300 DPL=0 DS   [-WA]
LDT=0000 0000000000000000 0000ffff 00008200 DPL=0 LDT
TR =0048 00000000075db058 00000067 00008900 DPL=0 TSS64-avl
GDT=     00000000075db000 00000057
IDT=     00000000070e8018 00000fff
CR0=80010033 CR2=0000000000000000 CR3=0000000007801000 CR4=00000668
DR0=0000000000000000 DR1=0000000000000000 DR2=0000000000000000 DR3=0000000000000000 
DR6=00000000ffff0ff0 DR7=0000000000000400
CCS=0000000000000000 CCD=00000000c0c43101 CCO=EFLAGS
EFER=0000000000000d00
Servicing hardware INT=0x20
   335: v=20 e=0000 i=0 cpl=0 IP=0038:0000000006cacc11 pc=0000000006cacc11 SP=0030:0000000007ee34b8 env->regs[R_EAX]=00000000c0c43101
RAX=00000000c0c43101 RBX=00000000070e7498 RCX=00000000070e7498 RDX=0000000000000000
RSI=0000000007f09980 RDI=44515fc33c8d294c RBP=0000000007ee3520 RSP=0000000007ee34b8
R8 =0000000007ee3620 R9 =00000000861a1173 R10=0000000006f774ef R11=0000000063715f70
R12=0000000000000004 R13=0000000007f09880 R14=0000000000000010 R15=0000000007f09980
RIP=0000000006cacc11 RFL=00000202 [-------] CPL=0 II=0 A20=1 SMM=0 HLT=0
ES =0030 0000000000000000 ffffffff 00cf9300 DPL=0 DS   [-WA]
CS =0038 0000000000000000 ffffffff 00af9a00 DPL=0 CS64 [-R-]
SS =0030 0000000000000000 ffffffff 00cf9300 DPL=0 DS   [-WA]
DS =0030 0000000000000000 ffffffff 00cf9300 DPL=0 DS   [-WA]
FS =0030 0000000000000000 ffffffff 00cf9300 DPL=0 DS   [-WA]
GS =0030 0000000000000000 ffffffff 00cf9300 DPL=0 DS   [-WA]
LDT=0000 0000000000000000 0000ffff 00008200 DPL=0 LDT
TR =0048 00000000075db058 00000067 00008900 DPL=0 TSS64-avl
GDT=     00000000075db000 00000057
IDT=     00000000070e8018 00000fff
CR0=80010033 CR2=0000000000000000 CR3=0000000007801000 CR4=00000668
DR0=0000000000000000 DR1=0000000000000000 DR2=0000000000000000 DR3=0000000000000000 
DR6=00000000ffff0ff0 DR7=0000000000000400
CCS=0000000000000000 CCD=00000000c0c43101 CCO=EFLAGS
EFER=0000000000000d00
Servicing hardware INT=0x20
   336: v=20 e=0000 i=0 cpl=0 IP=0038:0000000006cacc11 pc=0000000006cacc11 SP=0030:0000000007ee34b8 env->regs[R_EAX]=00000000c0c43101
RAX=00000000c0c43101 RBX=00000000070e7498 RCX=00000000070e7498 RDX=0000000000000000
RSI=0000000007f09980 RDI=44515fc33c8d294c RBP=0000000007ee3520 RSP=0000000007ee34b8
R8 =0000000007ee3620 R9 =00000000861a1173 R10=0000000006f774ef R11=0000000063715f70
R12=0000000000000004 R13=0000000007f09880 R14=0000000000000010 R15=0000000007f09980
RIP=0000000006cacc11 RFL=00000202 [-------] CPL=0 II=0 A20=1 SMM=0 HLT=0
ES =0030 0000000000000000 ffffffff 00cf9300 DPL=0 DS   [-WA]
CS =0038 0000000000000000 ffffffff 00af9a00 DPL=0 CS64 [-R-]
SS =0030 0000000000000000 ffffffff 00cf9300 DPL=0 DS   [-WA]
DS =0030 0000000000000000 ffffffff 00cf9300 DPL=0 DS   [-WA]
FS =0030 0000000000000000 ffffffff 00cf9300 DPL=0 DS   [-WA]
GS =0030 0000000000000000 ffffffff 00cf9300 DPL=0 DS   [-WA]
LDT=0000 0000000000000000 0000ffff 00008200 DPL=0 LDT
TR =0048 00000000075db058 00000067 00008900 DPL=0 TSS64-avl
GDT=     00000000075db000 00000057
IDT=     00000000070e8018 00000fff
CR0=80010033 CR2=0000000000000000 CR3=0000000007801000 CR4=00000668
DR0=0000000000000000 DR1=0000000000000000 DR2=0000000000000000 DR3=0000000000000000 
DR6=00000000ffff0ff0 DR7=0000000000000400
CCS=0000000000000000 CCD=00000000c0c43101 CCO=EFLAGS
EFER=0000000000000d00
Servicing hardware INT=0x20
   337: v=20 e=0000 i=0 cpl=0 IP=0038:0000000006cacc11 pc=0000000006cacc11 SP=0030:0000000007ee34b8 env->regs[R_EAX]=00000000c0c43101
RAX=00000000c0c43101 RBX=00000000070e7498 RCX=00000000070e7498 RDX=0000000000000000
RSI=0000000007f09980 RDI=44515fc33c8d294c RBP=0000000007ee3520 RSP=0000000007ee34b8
R8 =0000000007ee3620 R9 =0000000050789a8f R10=00000000cecbe71b R11=000000004a567c96
R12=0000000000000004 R13=0000000007f09880 R14=0000000000000010 R15=0000000007f09980
RIP=0000000006cacc11 RFL=00000202 [-------] CPL=0 II=0 A20=1 SMM=0 HLT=0
ES =0030 0000000000000000 ffffffff 00cf9300 DPL=0 DS   [-WA]
CS =0038 0000000000000000 ffffffff 00af9a00 DPL=0 CS64 [-R-]
SS =0030 0000000000000000 ffffffff 00cf9300 DPL=0 DS   [-WA]
DS =0030 0000000000000000 ffffffff 00cf9300 DPL=0 DS   [-WA]
FS =0030 0000000000000000 ffffffff 00cf9300 DPL=0 DS   [-WA]
GS =0030 0000000000000000 ffffffff 00cf9300 DPL=0 DS   [-WA]
LDT=0000 0000000000000000 0000ffff 00008200 DPL=0 LDT
TR =0048 00000000075db058 00000067 00008900 DPL=0 TSS64-avl
GDT=     00000000075db000 00000057
IDT=     00000000070e8018 00000fff
CR0=80010033 CR2=0000000000000000 CR3=0000000007801000 CR4=00000668
DR0=0000000000000000 DR1=0000000000000000 DR2=0000000000000000 DR3=0000000000000000 
DR6=00000000ffff0ff0 DR7=0000000000000400
CCS=0000000000000000 CCD=00000000c0c43101 CCO=EFLAGS
EFER=0000000000000d00
Servicing hardware INT=0x20
   338: v=20 e=0000 i=0 cpl=0 IP=0038:0000000006cacc11 pc=0000000006cacc11 SP=0030:0000000007ee34b8 env->regs[R_EAX]=00000000c0c43101
RAX=00000000c0c43101 RBX=00000000070e7498 RCX=00000000070e7498 RDX=0000000000000000
RSI=0000000007f09980 RDI=44515fc33c8d294c RBP=0000000007ee3520 RSP=0000000007ee34b8
R8 =0000000007ee3620 R9 =0000000050789a8f R10=00000000cecbe71b R11=000000004a567c96
R12=0000000000000004 R13=0000000007f09880 R14=0000000000000010 R15=0000000007f09980
RIP=0000000006cacc11 RFL=00000202 [-------] CPL=0 II=0 A20=1 SMM=0 HLT=0
ES =0030 0000000000000000 ffffffff 00cf9300 DPL=0 DS   [-WA]
CS =0038 0000000000000000 ffffffff 00af9a00 DPL=0 CS64 [-R-]
SS =0030 0000000000000000 ffffffff 00cf9300 DPL=0 DS   [-WA]
DS =0030 0000000000000000 ffffffff 00cf9300 DPL=0 DS   [-WA]
FS =0030 0000000000000000 ffffffff 00cf9300 DPL=0 DS   [-WA]
GS =0030 0000000000000000 ffffffff 00cf9300 DPL=0 DS   [-WA]
LDT=0000 0000000000000000 0000ffff 00008200 DPL=0 LDT
TR =0048 00000000075db058 00000067 00008900 DPL=0 TSS64-avl
GDT=     00000000075db000 00000057
IDT=     00000000070e8018 00000fff
CR0=80010033 CR2=0000000000000000 CR3=0000000007801000 CR4=00000668
DR0=0000000000000000 DR1=0000000000000000 DR2=0000000000000000 DR3=0000000000000000 
DR6=00000000ffff0ff0 DR7=0000000000000400
CCS=0000000000000000 CCD=00000000c0c43101 CCO=EFLAGS
EFER=0000000000000d00
Servicing hardware INT=0x20
   339: v=20 e=0000 i=0 cpl=0 IP=0038:0000000006cacc11 pc=0000000006cacc11 SP=0030:0000000007ee34b8 env->regs[R_EAX]=00000000c0c43101
RAX=00000000c0c43101 RBX=00000000070e7498 RCX=00000000070e7498 RDX=0000000000000000
RSI=0000000007f09980 RDI=44515fc33c8d294c RBP=0000000007ee3520 RSP=0000000007ee34b8
R8 =0000000007ee3620 R9 =00000000ef31d952 R10=000000009676454c R11=0000000004145d90
R12=0000000000000004 R13=0000000007f09880 R14=0000000000000010 R15=0000000007f09980
RIP=0000000006cacc11 RFL=00000202 [-------] CPL=0 II=0 A20=1 SMM=0 HLT=0
ES =0030 0000000000000000 ffffffff 00cf9300 DPL=0 DS   [-WA]
CS =0038 0000000000000000 ffffffff 00af9a00 DPL=0 CS64 [-R-]
SS =0030 0000000000000000 ffffffff 00cf9300 DPL=0 DS   [-WA]
DS =0030 0000000000000000 ffffffff 00cf9300 DPL=0 DS   [-WA]
FS =0030 0000000000000000 ffffffff 00cf9300 DPL=0 DS   [-WA]
GS =0030 0000000000000000 ffffffff 00cf9300 DPL=0 DS   [-WA]
LDT=0000 0000000000000000 0000ffff 00008200 DPL=0 LDT
TR =0048 00000000075db058 00000067 00008900 DPL=0 TSS64-avl
GDT=     00000000075db000 00000057
IDT=     00000000070e8018 00000fff
CR0=80010033 CR2=0000000000000000 CR3=0000000007801000 CR4=00000668
DR0=0000000000000000 DR1=0000000000000000 DR2=0000000000000000 DR3=0000000000000000 
DR6=00000000ffff0ff0 DR7=0000000000000400
CCS=0000000000000000 CCD=00000000c0c43101 CCO=EFLAGS
EFER=0000000000000d00
Servicing hardware INT=0x20
   340: v=20 e=0000 i=0 cpl=0 IP=0038:0000000006cacc11 pc=0000000006cacc11 SP=0030:0000000007ee34b8 env->regs[R_EAX]=00000000c0c43101
RAX=00000000c0c43101 RBX=00000000070e7498 RCX=00000000070e7498 RDX=0000000000000000
RSI=0000000007f09980 RDI=44515fc33c8d294c RBP=0000000007ee3520 RSP=0000000007ee34b8
R8 =0000000007ee3620 R9 =00000000ef31d952 R10=000000009676454c R11=0000000004145d90
R12=0000000000000004 R13=0000000007f09880 R14=0000000000000010 R15=0000000007f09980
RIP=0000000006cacc11 RFL=00000202 [-------] CPL=0 II=0 A20=1 SMM=0 HLT=0
ES =0030 0000000000000000 ffffffff 00cf9300 DPL=0 DS   [-WA]
CS =0038 0000000000000000 ffffffff 00af9a00 DPL=0 CS64 [-R-]
SS =0030 0000000000000000 ffffffff 00cf9300 DPL=0 DS   [-WA]
DS =0030 0000000000000000 ffffffff 00cf9300 DPL=0 DS   [-WA]
FS =0030 0000000000000000 ffffffff 00cf9300 DPL=0 DS   [-WA]
GS =0030 0000000000000000 ffffffff 00cf9300 DPL=0 DS   [-WA]
LDT=0000 0000000000000000 0000ffff 00008200 DPL=0 LDT
TR =0048 00000000075db058 00000067 00008900 DPL=0 TSS64-avl
GDT=     00000000075db000 00000057
IDT=     00000000070e8018 00000fff
CR0=80010033 CR2=0000000000000000 CR3=0000000007801000 CR4=00000668
DR0=0000000000000000 DR1=0000000000000000 DR2=0000000000000000 DR3=0000000000000000 
DR6=00000000ffff0ff0 DR7=0000000000000400
CCS=0000000000000000 CCD=00000000c0c43101 CCO=EFLAGS
EFER=0000000000000d00
Servicing hardware INT=0x20
   341: v=20 e=0000 i=0 cpl=0 IP=0038:0000000006cacc11 pc=0000000006cacc11 SP=0030:0000000007ee34b8 env->regs[R_EAX]=00000000c0c43101
RAX=00000000c0c43101 RBX=00000000070e7498 RCX=00000000070e7498 RDX=0000000000000000
RSI=0000000007f09980 RDI=44515fc33c8d294c RBP=0000000007ee3520 RSP=0000000007ee34b8
R8 =0000000007ee3620 R9 =0000000056a98a36 R10=00000000cf994a5c R11=00000000dbe0ee8b
R12=0000000000000004 R13=0000000007f09880 R14=0000000000000010 R15=0000000007f09980
RIP=0000000006cacc11 RFL=00000202 [-------] CPL=0 II=0 A20=1 SMM=0 HLT=0
ES =0030 0000000000000000 ffffffff 00cf9300 DPL=0 DS   [-WA]
CS =0038 0000000000000000 ffffffff 00af9a00 DPL=0 CS64 [-R-]
SS =0030 0000000000000000 ffffffff 00cf9300 DPL=0 DS   [-WA]
DS =0030 0000000000000000 ffffffff 00cf9300 DPL=0 DS   [-WA]
FS =0030 0000000000000000 ffffffff 00cf9300 DPL=0 DS   [-WA]
GS =0030 0000000000000000 ffffffff 00cf9300 DPL=0 DS   [-WA]
LDT=0000 0000000000000000 0000ffff 00008200 DPL=0 LDT
TR =0048 00000000075db058 00000067 00008900 DPL=0 TSS64-avl
GDT=     00000000075db000 00000057
IDT=     00000000070e8018 00000fff
CR0=80010033 CR2=0000000000000000 CR3=0000000007801000 CR4=00000668
DR0=0000000000000000 DR1=0000000000000000 DR2=0000000000000000 DR3=0000000000000000 
DR6=00000000ffff0ff0 DR7=0000000000000400
CCS=0000000000000000 CCD=00000000c0c43101 CCO=EFLAGS
EFER=0000000000000d00
Servicing hardware INT=0x20
   342: v=20 e=0000 i=0 cpl=0 IP=0038:0000000006cacc11 pc=0000000006cacc11 SP=0030:0000000007ee34b8 env->regs[R_EAX]=00000000c0c43101
RAX=00000000c0c43101 RBX=00000000070e7498 RCX=00000000070e7498 RDX=0000000000000000
RSI=0000000007f09980 RDI=44515fc33c8d294c RBP=0000000007ee3520 RSP=0000000007ee34b8
R8 =0000000007ee3620 R9 =0000000056a98a36 R10=00000000cf994a5c R11=00000000dbe0ee8b
R12=0000000000000004 R13=0000000007f09880 R14=0000000000000010 R15=0000000007f09980
RIP=0000000006cacc11 RFL=00000202 [-------] CPL=0 II=0 A20=1 SMM=0 HLT=0
ES =0030 0000000000000000 ffffffff 00cf9300 DPL=0 DS   [-WA]
CS =0038 0000000000000000 ffffffff 00af9a00 DPL=0 CS64 [-R-]
SS =0030 0000000000000000 ffffffff 00cf9300 DPL=0 DS   [-WA]
DS =0030 0000000000000000 ffffffff 00cf9300 DPL=0 DS   [-WA]
FS =0030 0000000000000000 ffffffff 00cf9300 DPL=0 DS   [-WA]
GS =0030 0000000000000000 ffffffff 00cf9300 DPL=0 DS   [-WA]
LDT=0000 0000000000000000 0000ffff 00008200 DPL=0 LDT
TR =0048 00000000075db058 00000067 00008900 DPL=0 TSS64-avl
GDT=     00000000075db000 00000057
IDT=     00000000070e8018 00000fff
CR0=80010033 CR2=0000000000000000 CR3=0000000007801000 CR4=00000668
DR0=0000000000000000 DR1=0000000000000000 DR2=0000000000000000 DR3=0000000000000000 
DR6=00000000ffff0ff0 DR7=0000000000000400
CCS=0000000000000000 CCD=00000000c0c43101 CCO=EFLAGS
EFER=0000000000000d00
Servicing hardware INT=0x20
   343: v=20 e=0000 i=0 cpl=0 IP=0038:0000000006cacc11 pc=0000000006cacc11 SP=0030:0000000007ee34b8 env->regs[R_EAX]=00000000c0c43101
RAX=00000000c0c43101 RBX=00000000070e7498 RCX=00000000070e7498 RDX=0000000000000000
RSI=0000000007f09980 RDI=44515fc33c8d294c RBP=0000000007ee3520 RSP=0000000007ee34b8
R8 =0000000007ee3620 R9 =000000002768bed9 R10=0000000080330e78 R11=00000000c2810746
R12=0000000000000004 R13=0000000007f09880 R14=0000000000000010 R15=0000000007f09980
RIP=0000000006cacc11 RFL=00000202 [-------] CPL=0 II=0 A20=1 SMM=0 HLT=0
ES =0030 0000000000000000 ffffffff 00cf9300 DPL=0 DS   [-WA]
CS =0038 0000000000000000 ffffffff 00af9a00 DPL=0 CS64 [-R-]
SS =0030 0000000000000000 ffffffff 00cf9300 DPL=0 DS   [-WA]
DS =0030 0000000000000000 ffffffff 00cf9300 DPL=0 DS   [-WA]
FS =0030 0000000000000000 ffffffff 00cf9300 DPL=0 DS   [-WA]
GS =0030 0000000000000000 ffffffff 00cf9300 DPL=0 DS   [-WA]
LDT=0000 0000000000000000 0000ffff 00008200 DPL=0 LDT
TR =0048 00000000075db058 00000067 00008900 DPL=0 TSS64-avl
GDT=     00000000075db000 00000057
IDT=     00000000070e8018 00000fff
CR0=80010033 CR2=0000000000000000 CR3=0000000007801000 CR4=00000668
DR0=0000000000000000 DR1=0000000000000000 DR2=0000000000000000 DR3=0000000000000000 
DR6=00000000ffff0ff0 DR7=0000000000000400
CCS=0000000000000000 CCD=00000000c0c43101 CCO=EFLAGS
EFER=0000000000000d00
Servicing hardware INT=0x20
   344: v=20 e=0000 i=0 cpl=0 IP=0038:0000000006cacc11 pc=0000000006cacc11 SP=0030:0000000007ee34b8 env->regs[R_EAX]=00000000c0c43101
RAX=00000000c0c43101 RBX=00000000070e7498 RCX=00000000070e7498 RDX=0000000000000000
RSI=0000000007f09980 RDI=44515fc33c8d294c RBP=0000000007ee3520 RSP=0000000007ee34b8
R8 =0000000007ee3620 R9 =000000002768bed9 R10=0000000080330e78 R11=00000000c2810746
R12=0000000000000004 R13=0000000007f09880 R14=0000000000000010 R15=0000000007f09980
RIP=0000000006cacc11 RFL=00000202 [-------] CPL=0 II=0 A20=1 SMM=0 HLT=0
ES =0030 0000000000000000 ffffffff 00cf9300 DPL=0 DS   [-WA]
CS =0038 0000000000000000 ffffffff 00af9a00 DPL=0 CS64 [-R-]
SS =0030 0000000000000000 ffffffff 00cf9300 DPL=0 DS   [-WA]
DS =0030 0000000000000000 ffffffff 00cf9300 DPL=0 DS   [-WA]
FS =0030 0000000000000000 ffffffff 00cf9300 DPL=0 DS   [-WA]
GS =0030 0000000000000000 ffffffff 00cf9300 DPL=0 DS   [-WA]
LDT=0000 0000000000000000 0000ffff 00008200 DPL=0 LDT
TR =0048 00000000075db058 00000067 00008900 DPL=0 TSS64-avl
GDT=     00000000075db000 00000057
IDT=     00000000070e8018 00000fff
CR0=80010033 CR2=0000000000000000 CR3=0000000007801000 CR4=00000668
DR0=0000000000000000 DR1=0000000000000000 DR2=0000000000000000 DR3=0000000000000000 
DR6=00000000ffff0ff0 DR7=0000000000000400
CCS=0000000000000000 CCD=00000000c0c43101 CCO=EFLAGS
EFER=0000000000000d00
Servicing hardware INT=0x20
   345: v=20 e=0000 i=0 cpl=0 IP=0038:0000000006cacc11 pc=0000000006cacc11 SP=0030:0000000007ee34b8 env->regs[R_EAX]=00000000c0c43101
RAX=00000000c0c43101 RBX=00000000070e7498 RCX=00000000070e7498 RDX=0000000000000000
RSI=0000000007f09980 RDI=44515fc33c8d294c RBP=0000000007ee3520 RSP=0000000007ee34b8
R8 =0000000007ee3620 R9 =0000000063b71d24 R10=00000000b4f189a6 R11=000000002d1be6dd
R12=0000000000000004 R13=0000000007f09880 R14=0000000000000010 R15=0000000007f09980
RIP=0000000006cacc11 RFL=00000202 [-------] CPL=0 II=0 A20=1 SMM=0 HLT=0
ES =0030 0000000000000000 ffffffff 00cf9300 DPL=0 DS   [-WA]
CS =0038 0000000000000000 ffffffff 00af9a00 DPL=0 CS64 [-R-]
SS =0030 0000000000000000 ffffffff 00cf9300 DPL=0 DS   [-WA]
DS =0030 0000000000000000 ffffffff 00cf9300 DPL=0 DS   [-WA]
FS =0030 0000000000000000 ffffffff 00cf9300 DPL=0 DS   [-WA]
GS =0030 0000000000000000 ffffffff 00cf9300 DPL=0 DS   [-WA]
LDT=0000 0000000000000000 0000ffff 00008200 DPL=0 LDT
TR =0048 00000000075db058 00000067 00008900 DPL=0 TSS64-avl
GDT=     00000000075db000 00000057
IDT=     00000000070e8018 00000fff
CR0=80010033 CR2=0000000000000000 CR3=0000000007801000 CR4=00000668
DR0=0000000000000000 DR1=0000000000000000 DR2=0000000000000000 DR3=0000000000000000 
DR6=00000000ffff0ff0 DR7=0000000000000400
CCS=0000000000000000 CCD=00000000c0c43101 CCO=EFLAGS
EFER=0000000000000d00
Servicing hardware INT=0x20
   346: v=20 e=0000 i=0 cpl=0 IP=0038:0000000006cacc11 pc=0000000006cacc11 SP=0030:0000000007ee34b8 env->regs[R_EAX]=00000000c0c43101
RAX=00000000c0c43101 RBX=00000000070e7498 RCX=00000000070e7498 RDX=0000000000000000
RSI=0000000007f09980 RDI=44515fc33c8d294c RBP=0000000007ee3520 RSP=0000000007ee34b8
R8 =0000000007ee3620 R9 =0000000063b71d24 R10=00000000b4f189a6 R11=000000002d1be6dd
R12=0000000000000004 R13=0000000007f09880 R14=0000000000000010 R15=0000000007f09980
RIP=0000000006cacc11 RFL=00000202 [-------] CPL=0 II=0 A20=1 SMM=0 HLT=0
ES =0030 0000000000000000 ffffffff 00cf9300 DPL=0 DS   [-WA]
CS =0038 0000000000000000 ffffffff 00af9a00 DPL=0 CS64 [-R-]
SS =0030 0000000000000000 ffffffff 00cf9300 DPL=0 DS   [-WA]
DS =0030 0000000000000000 ffffffff 00cf9300 DPL=0 DS   [-WA]
FS =0030 0000000000000000 ffffffff 00cf9300 DPL=0 DS   [-WA]
GS =0030 0000000000000000 ffffffff 00cf9300 DPL=0 DS   [-WA]
LDT=0000 0000000000000000 0000ffff 00008200 DPL=0 LDT
TR =0048 00000000075db058 00000067 00008900 DPL=0 TSS64-avl
GDT=     00000000075db000 00000057
IDT=     00000000070e8018 00000fff
CR0=80010033 CR2=0000000000000000 CR3=0000000007801000 CR4=00000668
DR0=0000000000000000 DR1=0000000000000000 DR2=0000000000000000 DR3=0000000000000000 
DR6=00000000ffff0ff0 DR7=0000000000000400
CCS=0000000000000000 CCD=00000000c0c43101 CCO=EFLAGS
EFER=0000000000000d00
Servicing hardware INT=0x20
   347: v=20 e=0000 i=0 cpl=0 IP=0038:0000000006cacc11 pc=0000000006cacc11 SP=0030:0000000007ee34b8 env->regs[R_EAX]=00000000c0c43101
RAX=00000000c0c43101 RBX=00000000070e7498 RCX=00000000070e7498 RDX=0000000000000000
RSI=0000000007f09980 RDI=44515fc33c8d294c RBP=0000000007ee3520 RSP=0000000007ee34b8
R8 =0000000007ee3620 R9 =00000000339c170a R10=00000000b90d3b48 R11=000000006353d289
R12=0000000000000004 R13=0000000007f09880 R14=0000000000000010 R15=0000000007f09980
RIP=0000000006cacc11 RFL=00000202 [-------] CPL=0 II=0 A20=1 SMM=0 HLT=0
ES =0030 0000000000000000 ffffffff 00cf9300 DPL=0 DS   [-WA]
CS =0038 0000000000000000 ffffffff 00af9a00 DPL=0 CS64 [-R-]
SS =0030 0000000000000000 ffffffff 00cf9300 DPL=0 DS   [-WA]
DS =0030 0000000000000000 ffffffff 00cf9300 DPL=0 DS   [-WA]
FS =0030 0000000000000000 ffffffff 00cf9300 DPL=0 DS   [-WA]
GS =0030 0000000000000000 ffffffff 00cf9300 DPL=0 DS   [-WA]
LDT=0000 0000000000000000 0000ffff 00008200 DPL=0 LDT
TR =0048 00000000075db058 00000067 00008900 DPL=0 TSS64-avl
GDT=     00000000075db000 00000057
IDT=     00000000070e8018 00000fff
CR0=80010033 CR2=0000000000000000 CR3=0000000007801000 CR4=00000668
DR0=0000000000000000 DR1=0000000000000000 DR2=0000000000000000 DR3=0000000000000000 
DR6=00000000ffff0ff0 DR7=0000000000000400
CCS=0000000000000000 CCD=00000000c0c43101 CCO=EFLAGS
EFER=0000000000000d00
Servicing hardware INT=0x20
   348: v=20 e=0000 i=0 cpl=0 IP=0038:0000000006cacc11 pc=0000000006cacc11 SP=0030:0000000007ee34b8 env->regs[R_EAX]=00000000c0c43101
RAX=00000000c0c43101 RBX=00000000070e7498 RCX=00000000070e7498 RDX=0000000000000000
RSI=0000000007f09980 RDI=44515fc33c8d294c RBP=0000000007ee3520 RSP=0000000007ee34b8
R8 =0000000007ee3620 R9 =00000000339c170a R10=00000000b90d3b48 R11=000000006353d289
R12=0000000000000004 R13=0000000007f09880 R14=0000000000000010 R15=0000000007f09980
RIP=0000000006cacc11 RFL=00000202 [-------] CPL=0 II=0 A20=1 SMM=0 HLT=0
ES =0030 0000000000000000 ffffffff 00cf9300 DPL=0 DS   [-WA]
CS =0038 0000000000000000 ffffffff 00af9a00 DPL=0 CS64 [-R-]
SS =0030 0000000000000000 ffffffff 00cf9300 DPL=0 DS   [-WA]
DS =0030 0000000000000000 ffffffff 00cf9300 DPL=0 DS   [-WA]
FS =0030 0000000000000000 ffffffff 00cf9300 DPL=0 DS   [-WA]
GS =0030 0000000000000000 ffffffff 00cf9300 DPL=0 DS   [-WA]
LDT=0000 0000000000000000 0000ffff 00008200 DPL=0 LDT
TR =0048 00000000075db058 00000067 00008900 DPL=0 TSS64-avl
GDT=     00000000075db000 00000057
IDT=     00000000070e8018 00000fff
CR0=80010033 CR2=0000000000000000 CR3=0000000007801000 CR4=00000668
DR0=0000000000000000 DR1=0000000000000000 DR2=0000000000000000 DR3=0000000000000000 
DR6=00000000ffff0ff0 DR7=0000000000000400
CCS=0000000000000000 CCD=00000000c0c43101 CCO=EFLAGS
EFER=0000000000000d00
Servicing hardware INT=0x20
   349: v=20 e=0000 i=0 cpl=0 IP=0038:0000000006cacc11 pc=0000000006cacc11 SP=0030:0000000007ee34b8 env->regs[R_EAX]=00000000c0c43101
RAX=00000000c0c43101 RBX=00000000070e7498 RCX=00000000070e7498 RDX=0000000000000000
RSI=0000000007f09980 RDI=44515fc33c8d294c RBP=0000000007ee3520 RSP=0000000007ee34b8
R8 =0000000007ee3620 R9 =00000000b76b0717 R10=000000001ea9f025 R11=0000000002ac8baa
R12=0000000000000004 R13=0000000007f09880 R14=0000000000000010 R15=0000000007f09980
RIP=0000000006cacc11 RFL=00000202 [-------] CPL=0 II=0 A20=1 SMM=0 HLT=0
ES =0030 0000000000000000 ffffffff 00cf9300 DPL=0 DS   [-WA]
CS =0038 0000000000000000 ffffffff 00af9a00 DPL=0 CS64 [-R-]
SS =0030 0000000000000000 ffffffff 00cf9300 DPL=0 DS   [-WA]
DS =0030 0000000000000000 ffffffff 00cf9300 DPL=0 DS   [-WA]
FS =0030 0000000000000000 ffffffff 00cf9300 DPL=0 DS   [-WA]
GS =0030 0000000000000000 ffffffff 00cf9300 DPL=0 DS   [-WA]
LDT=0000 0000000000000000 0000ffff 00008200 DPL=0 LDT
TR =0048 00000000075db058 00000067 00008900 DPL=0 TSS64-avl
GDT=     00000000075db000 00000057
IDT=     00000000070e8018 00000fff
CR0=80010033 CR2=0000000000000000 CR3=0000000007801000 CR4=00000668
DR0=0000000000000000 DR1=0000000000000000 DR2=0000000000000000 DR3=0000000000000000 
DR6=00000000ffff0ff0 DR7=0000000000000400
CCS=0000000000000000 CCD=00000000c0c43101 CCO=EFLAGS
EFER=0000000000000d00
Servicing hardware INT=0x20
   350: v=20 e=0000 i=0 cpl=0 IP=0038:0000000006cacc11 pc=0000000006cacc11 SP=0030:0000000007ee34b8 env->regs[R_EAX]=00000000c0c43101
RAX=00000000c0c43101 RBX=00000000070e7498 RCX=00000000070e7498 RDX=0000000000000000
RSI=0000000007f09980 RDI=44515fc33c8d294c RBP=0000000007ee3520 RSP=0000000007ee34b8
R8 =0000000007ee3620 R9 =00000000b76b0717 R10=000000001ea9f025 R11=0000000002ac8baa
R12=0000000000000004 R13=0000000007f09880 R14=0000000000000010 R15=0000000007f09980
RIP=0000000006cacc11 RFL=00000202 [-------] CPL=0 II=0 A20=1 SMM=0 HLT=0
ES =0030 0000000000000000 ffffffff 00cf9300 DPL=0 DS   [-WA]
CS =0038 0000000000000000 ffffffff 00af9a00 DPL=0 CS64 [-R-]
SS =0030 0000000000000000 ffffffff 00cf9300 DPL=0 DS   [-WA]
DS =0030 0000000000000000 ffffffff 00cf9300 DPL=0 DS   [-WA]
FS =0030 0000000000000000 ffffffff 00cf9300 DPL=0 DS   [-WA]
GS =0030 0000000000000000 ffffffff 00cf9300 DPL=0 DS   [-WA]
LDT=0000 0000000000000000 0000ffff 00008200 DPL=0 LDT
TR =0048 00000000075db058 00000067 00008900 DPL=0 TSS64-avl
GDT=     00000000075db000 00000057
IDT=     00000000070e8018 00000fff
CR0=80010033 CR2=0000000000000000 CR3=0000000007801000 CR4=00000668
DR0=0000000000000000 DR1=0000000000000000 DR2=0000000000000000 DR3=0000000000000000 
DR6=00000000ffff0ff0 DR7=0000000000000400
CCS=0000000000000000 CCD=00000000c0c43101 CCO=EFLAGS
EFER=0000000000000d00
Servicing hardware INT=0x20
   351: v=20 e=0000 i=0 cpl=0 IP=0038:0000000006cacc11 pc=0000000006cacc11 SP=0030:0000000007ee34b8 env->regs[R_EAX]=00000000c0c43101
RAX=00000000c0c43101 RBX=00000000070e7498 RCX=00000000070e7498 RDX=0000000000000000
RSI=0000000007f09980 RDI=44515fc33c8d294c RBP=0000000007ee3520 RSP=0000000007ee34b8
R8 =0000000007ee3620 R9 =00000000ec1dec4a R10=000000003889ef58 R11=000000000f09df30
R12=0000000000000004 R13=0000000007f09880 R14=0000000000000010 R15=0000000007f09980
RIP=0000000006cacc11 RFL=00000202 [-------] CPL=0 II=0 A20=1 SMM=0 HLT=0
ES =0030 0000000000000000 ffffffff 00cf9300 DPL=0 DS   [-WA]
CS =0038 0000000000000000 ffffffff 00af9a00 DPL=0 CS64 [-R-]
SS =0030 0000000000000000 ffffffff 00cf9300 DPL=0 DS   [-WA]
DS =0030 0000000000000000 ffffffff 00cf9300 DPL=0 DS   [-WA]
FS =0030 0000000000000000 ffffffff 00cf9300 DPL=0 DS   [-WA]
GS =0030 0000000000000000 ffffffff 00cf9300 DPL=0 DS   [-WA]
LDT=0000 0000000000000000 0000ffff 00008200 DPL=0 LDT
TR =0048 00000000075db058 00000067 00008900 DPL=0 TSS64-avl
GDT=     00000000075db000 00000057
IDT=     00000000070e8018 00000fff
CR0=80010033 CR2=0000000000000000 CR3=0000000007801000 CR4=00000668
DR0=0000000000000000 DR1=0000000000000000 DR2=0000000000000000 DR3=0000000000000000 
DR6=00000000ffff0ff0 DR7=0000000000000400
CCS=0000000000000000 CCD=00000000c0c43101 CCO=EFLAGS
EFER=0000000000000d00
Servicing hardware INT=0x20
   352: v=20 e=0000 i=0 cpl=0 IP=0038:0000000006cacc11 pc=0000000006cacc11 SP=0030:0000000007ee34b8 env->regs[R_EAX]=00000000c0c43101
RAX=00000000c0c43101 RBX=00000000070e7498 RCX=00000000070e7498 RDX=0000000000000000
RSI=0000000007f09980 RDI=44515fc33c8d294c RBP=0000000007ee3520 RSP=0000000007ee34b8
R8 =0000000007ee3620 R9 =00000000ec1dec4a R10=000000003889ef58 R11=000000000f09df30
R12=0000000000000004 R13=0000000007f09880 R14=0000000000000010 R15=0000000007f09980
RIP=0000000006cacc11 RFL=00000202 [-------] CPL=0 II=0 A20=1 SMM=0 HLT=0
ES =0030 0000000000000000 ffffffff 00cf9300 DPL=0 DS   [-WA]
CS =0038 0000000000000000 ffffffff 00af9a00 DPL=0 CS64 [-R-]
SS =0030 0000000000000000 ffffffff 00cf9300 DPL=0 DS   [-WA]
DS =0030 0000000000000000 ffffffff 00cf9300 DPL=0 DS   [-WA]
FS =0030 0000000000000000 ffffffff 00cf9300 DPL=0 DS   [-WA]
GS =0030 0000000000000000 ffffffff 00cf9300 DPL=0 DS   [-WA]
LDT=0000 0000000000000000 0000ffff 00008200 DPL=0 LDT
TR =0048 00000000075db058 00000067 00008900 DPL=0 TSS64-avl
GDT=     00000000075db000 00000057
IDT=     00000000070e8018 00000fff
CR0=80010033 CR2=0000000000000000 CR3=0000000007801000 CR4=00000668
DR0=0000000000000000 DR1=0000000000000000 DR2=0000000000000000 DR3=0000000000000000 
DR6=00000000ffff0ff0 DR7=0000000000000400
CCS=0000000000000000 CCD=00000000c0c43101 CCO=EFLAGS
EFER=0000000000000d00
Servicing hardware INT=0x20
   353: v=20 e=0000 i=0 cpl=0 IP=0038:0000000006cacc11 pc=0000000006cacc11 SP=0030:0000000007ee34b8 env->regs[R_EAX]=00000000c0c43101
RAX=00000000c0c43101 RBX=00000000070e7498 RCX=00000000070e7498 RDX=0000000000000000
RSI=0000000007f09980 RDI=44515fc33c8d294c RBP=0000000007ee3520 RSP=0000000007ee34b8
R8 =0000000007ee3620 R9 =000000000124002a R10=000000001fe234a9 R11=00000000a9fc4fe3
R12=0000000000000004 R13=0000000007f09880 R14=0000000000000010 R15=0000000007f09980
RIP=0000000006cacc11 RFL=00000202 [-------] CPL=0 II=0 A20=1 SMM=0 HLT=0
ES =0030 0000000000000000 ffffffff 00cf9300 DPL=0 DS   [-WA]
CS =0038 0000000000000000 ffffffff 00af9a00 DPL=0 CS64 [-R-]
SS =0030 0000000000000000 ffffffff 00cf9300 DPL=0 DS   [-WA]
DS =0030 0000000000000000 ffffffff 00cf9300 DPL=0 DS   [-WA]
FS =0030 0000000000000000 ffffffff 00cf9300 DPL=0 DS   [-WA]
GS =0030 0000000000000000 ffffffff 00cf9300 DPL=0 DS   [-WA]
LDT=0000 0000000000000000 0000ffff 00008200 DPL=0 LDT
TR =0048 00000000075db058 00000067 00008900 DPL=0 TSS64-avl
GDT=     00000000075db000 00000057
IDT=     00000000070e8018 00000fff
CR0=80010033 CR2=0000000000000000 CR3=0000000007801000 CR4=00000668
DR0=0000000000000000 DR1=0000000000000000 DR2=0000000000000000 DR3=0000000000000000 
DR6=00000000ffff0ff0 DR7=0000000000000400
CCS=0000000000000000 CCD=00000000c0c43101 CCO=EFLAGS
EFER=0000000000000d00
Servicing hardware INT=0x20
   354: v=20 e=0000 i=0 cpl=0 IP=0038:0000000006cacc11 pc=0000000006cacc11 SP=0030:0000000007ee34b8 env->regs[R_EAX]=00000000c0c43101
RAX=00000000c0c43101 RBX=00000000070e7498 RCX=00000000070e7498 RDX=0000000000000000
RSI=0000000007f09980 RDI=44515fc33c8d294c RBP=0000000007ee3520 RSP=0000000007ee34b8
R8 =0000000007ee3620 R9 =000000000124002a R10=000000001fe234a9 R11=00000000a9fc4fe3
R12=0000000000000004 R13=0000000007f09880 R14=0000000000000010 R15=0000000007f09980
RIP=0000000006cacc11 RFL=00000202 [-------] CPL=0 II=0 A20=1 SMM=0 HLT=0
ES =0030 0000000000000000 ffffffff 00cf9300 DPL=0 DS   [-WA]
CS =0038 0000000000000000 ffffffff 00af9a00 DPL=0 CS64 [-R-]
SS =0030 0000000000000000 ffffffff 00cf9300 DPL=0 DS   [-WA]
DS =0030 0000000000000000 ffffffff 00cf9300 DPL=0 DS   [-WA]
FS =0030 0000000000000000 ffffffff 00cf9300 DPL=0 DS   [-WA]
GS =0030 0000000000000000 ffffffff 00cf9300 DPL=0 DS   [-WA]
LDT=0000 0000000000000000 0000ffff 00008200 DPL=0 LDT
TR =0048 00000000075db058 00000067 00008900 DPL=0 TSS64-avl
GDT=     00000000075db000 00000057
IDT=     00000000070e8018 00000fff
CR0=80010033 CR2=0000000000000000 CR3=0000000007801000 CR4=00000668
DR0=0000000000000000 DR1=0000000000000000 DR2=0000000000000000 DR3=0000000000000000 
DR6=00000000ffff0ff0 DR7=0000000000000400
CCS=0000000000000000 CCD=00000000c0c43101 CCO=EFLAGS
EFER=0000000000000d00
Servicing hardware INT=0x20
   355: v=20 e=0000 i=0 cpl=0 IP=0038:0000000006cacc11 pc=0000000006cacc11 SP=0030:0000000007ee34b8 env->regs[R_EAX]=00000000c0c43101
RAX=00000000c0c43101 RBX=00000000070e7498 RCX=00000000070e7498 RDX=0000000000000000
RSI=0000000007f09980 RDI=44515fc33c8d294c RBP=0000000007ee3520 RSP=0000000007ee34b8
R8 =0000000007ee3620 R9 =000000005ee06623 R10=000000009d97f9f4 R11=00000000eb00c197
R12=0000000000000004 R13=0000000007f09880 R14=0000000000000010 R15=0000000007f09980
RIP=0000000006cacc11 RFL=00000202 [-------] CPL=0 II=0 A20=1 SMM=0 HLT=0
ES =0030 0000000000000000 ffffffff 00cf9300 DPL=0 DS   [-WA]
CS =0038 0000000000000000 ffffffff 00af9a00 DPL=0 CS64 [-R-]
SS =0030 0000000000000000 ffffffff 00cf9300 DPL=0 DS   [-WA]
DS =0030 0000000000000000 ffffffff 00cf9300 DPL=0 DS   [-WA]
FS =0030 0000000000000000 ffffffff 00cf9300 DPL=0 DS   [-WA]
GS =0030 0000000000000000 ffffffff 00cf9300 DPL=0 DS   [-WA]
LDT=0000 0000000000000000 0000ffff 00008200 DPL=0 LDT
TR =0048 00000000075db058 00000067 00008900 DPL=0 TSS64-avl
GDT=     00000000075db000 00000057
IDT=     00000000070e8018 00000fff
CR0=80010033 CR2=0000000000000000 CR3=0000000007801000 CR4=00000668
DR0=0000000000000000 DR1=0000000000000000 DR2=0000000000000000 DR3=0000000000000000 
DR6=00000000ffff0ff0 DR7=0000000000000400
CCS=0000000000000000 CCD=00000000c0c43101 CCO=EFLAGS
EFER=0000000000000d00
Servicing hardware INT=0x20
   356: v=20 e=0000 i=0 cpl=0 IP=0038:0000000006cacc11 pc=0000000006cacc11 SP=0030:0000000007ee34b8 env->regs[R_EAX]=00000000c0c43101
RAX=00000000c0c43101 RBX=00000000070e7498 RCX=00000000070e7498 RDX=0000000000000000
RSI=0000000007f09980 RDI=44515fc33c8d294c RBP=0000000007ee3520 RSP=0000000007ee34b8
R8 =0000000007ee3620 R9 =000000005ee06623 R10=000000009d97f9f4 R11=00000000eb00c197
R12=0000000000000004 R13=0000000007f09880 R14=0000000000000010 R15=0000000007f09980
RIP=0000000006cacc11 RFL=00000202 [-------] CPL=0 II=0 A20=1 SMM=0 HLT=0
ES =0030 0000000000000000 ffffffff 00cf9300 DPL=0 DS   [-WA]
CS =0038 0000000000000000 ffffffff 00af9a00 DPL=0 CS64 [-R-]
SS =0030 0000000000000000 ffffffff 00cf9300 DPL=0 DS   [-WA]
DS =0030 0000000000000000 ffffffff 00cf9300 DPL=0 DS   [-WA]
FS =0030 0000000000000000 ffffffff 00cf9300 DPL=0 DS   [-WA]
GS =0030 0000000000000000 ffffffff 00cf9300 DPL=0 DS   [-WA]
LDT=0000 0000000000000000 0000ffff 00008200 DPL=0 LDT
TR =0048 00000000075db058 00000067 00008900 DPL=0 TSS64-avl
GDT=     00000000075db000 00000057
IDT=     00000000070e8018 00000fff
CR0=80010033 CR2=0000000000000000 CR3=0000000007801000 CR4=00000668
DR0=0000000000000000 DR1=0000000000000000 DR2=0000000000000000 DR3=0000000000000000 
DR6=00000000ffff0ff0 DR7=0000000000000400
CCS=0000000000000000 CCD=00000000c0c43101 CCO=EFLAGS
EFER=0000000000000d00
Servicing hardware INT=0x20
   357: v=20 e=0000 i=0 cpl=0 IP=0038:0000000006cacc11 pc=0000000006cacc11 SP=0030:0000000007ee34b8 env->regs[R_EAX]=00000000c0c43101
RAX=00000000c0c43101 RBX=00000000070e7498 RCX=00000000070e7498 RDX=0000000000000000
RSI=0000000007f09980 RDI=44515fc33c8d294c RBP=0000000007ee3520 RSP=0000000007ee34b8
R8 =0000000007ee3620 R9 =000000002401895d R10=00000000a7a2699e R11=00000000fbd42264
R12=0000000000000004 R13=0000000007f09880 R14=0000000000000010 R15=0000000007f09980
RIP=0000000006cacc11 RFL=00000202 [-------] CPL=0 II=0 A20=1 SMM=0 HLT=0
ES =0030 0000000000000000 ffffffff 00cf9300 DPL=0 DS   [-WA]
CS =0038 0000000000000000 ffffffff 00af9a00 DPL=0 CS64 [-R-]
SS =0030 0000000000000000 ffffffff 00cf9300 DPL=0 DS   [-WA]
DS =0030 0000000000000000 ffffffff 00cf9300 DPL=0 DS   [-WA]
FS =0030 0000000000000000 ffffffff 00cf9300 DPL=0 DS   [-WA]
GS =0030 0000000000000000 ffffffff 00cf9300 DPL=0 DS   [-WA]
LDT=0000 0000000000000000 0000ffff 00008200 DPL=0 LDT
TR =0048 00000000075db058 00000067 00008900 DPL=0 TSS64-avl
GDT=     00000000075db000 00000057
IDT=     00000000070e8018 00000fff
CR0=80010033 CR2=0000000000000000 CR3=0000000007801000 CR4=00000668
DR0=0000000000000000 DR1=0000000000000000 DR2=0000000000000000 DR3=0000000000000000 
DR6=00000000ffff0ff0 DR7=0000000000000400
CCS=0000000000000000 CCD=00000000c0c43101 CCO=EFLAGS
EFER=0000000000000d00
Servicing hardware INT=0x20
   358: v=20 e=0000 i=0 cpl=0 IP=0038:0000000006cacc11 pc=0000000006cacc11 SP=0030:0000000007ee34b8 env->regs[R_EAX]=00000000c0c43101
RAX=00000000c0c43101 RBX=00000000070e7498 RCX=00000000070e7498 RDX=0000000000000000
RSI=0000000007f09980 RDI=44515fc33c8d294c RBP=0000000007ee3520 RSP=0000000007ee34b8
R8 =0000000007ee3620 R9 =000000002401895d R10=00000000a7a2699e R11=00000000fbd42264
R12=0000000000000004 R13=0000000007f09880 R14=0000000000000010 R15=0000000007f09980
RIP=0000000006cacc11 RFL=00000202 [-------] CPL=0 II=0 A20=1 SMM=0 HLT=0
ES =0030 0000000000000000 ffffffff 00cf9300 DPL=0 DS   [-WA]
CS =0038 0000000000000000 ffffffff 00af9a00 DPL=0 CS64 [-R-]
SS =0030 0000000000000000 ffffffff 00cf9300 DPL=0 DS   [-WA]
DS =0030 0000000000000000 ffffffff 00cf9300 DPL=0 DS   [-WA]
FS =0030 0000000000000000 ffffffff 00cf9300 DPL=0 DS   [-WA]
GS =0030 0000000000000000 ffffffff 00cf9300 DPL=0 DS   [-WA]
LDT=0000 0000000000000000 0000ffff 00008200 DPL=0 LDT
TR =0048 00000000075db058 00000067 00008900 DPL=0 TSS64-avl
GDT=     00000000075db000 00000057
IDT=     00000000070e8018 00000fff
CR0=80010033 CR2=0000000000000000 CR3=0000000007801000 CR4=00000668
DR0=0000000000000000 DR1=0000000000000000 DR2=0000000000000000 DR3=0000000000000000 
DR6=00000000ffff0ff0 DR7=0000000000000400
CCS=0000000000000000 CCD=00000000c0c43101 CCO=EFLAGS
EFER=0000000000000d00
Servicing hardware INT=0x20
   359: v=20 e=0000 i=0 cpl=0 IP=0038:0000000006cacc11 pc=0000000006cacc11 SP=0030:0000000007ee34b8 env->regs[R_EAX]=00000000c0c43101
RAX=00000000c0c43101 RBX=00000000070e7498 RCX=00000000070e7498 RDX=0000000000000000
RSI=0000000007f09980 RDI=44515fc33c8d294c RBP=0000000007ee3520 RSP=0000000007ee34b8
R8 =0000000007ee3620 R9 =000000007e2d7c8c R10=0000000084bdf209 R11=0000000091db0882
R12=0000000000000004 R13=0000000007f09880 R14=0000000000000010 R15=0000000007f09980
RIP=0000000006cacc11 RFL=00000202 [-------] CPL=0 II=0 A20=1 SMM=0 HLT=0
ES =0030 0000000000000000 ffffffff 00cf9300 DPL=0 DS   [-WA]
CS =0038 0000000000000000 ffffffff 00af9a00 DPL=0 CS64 [-R-]
SS =0030 0000000000000000 ffffffff 00cf9300 DPL=0 DS   [-WA]
DS =0030 0000000000000000 ffffffff 00cf9300 DPL=0 DS   [-WA]
FS =0030 0000000000000000 ffffffff 00cf9300 DPL=0 DS   [-WA]
GS =0030 0000000000000000 ffffffff 00cf9300 DPL=0 DS   [-WA]
LDT=0000 0000000000000000 0000ffff 00008200 DPL=0 LDT
TR =0048 00000000075db058 00000067 00008900 DPL=0 TSS64-avl
GDT=     00000000075db000 00000057
IDT=     00000000070e8018 00000fff
CR0=80010033 CR2=0000000000000000 CR3=0000000007801000 CR4=00000668
DR0=0000000000000000 DR1=0000000000000000 DR2=0000000000000000 DR3=0000000000000000 
DR6=00000000ffff0ff0 DR7=0000000000000400
CCS=0000000000000000 CCD=00000000c0c43101 CCO=EFLAGS
EFER=0000000000000d00
Servicing hardware INT=0x20
   360: v=20 e=0000 i=0 cpl=0 IP=0038:0000000006cacc11 pc=0000000006cacc11 SP=0030:0000000007ee34b8 env->regs[R_EAX]=00000000c0c43101
RAX=00000000c0c43101 RBX=00000000070e7498 RCX=00000000070e7498 RDX=0000000000000000
RSI=0000000007f09980 RDI=44515fc33c8d294c RBP=0000000007ee3520 RSP=0000000007ee34b8
R8 =0000000007ee3620 R9 =000000007e2d7c8c R10=0000000084bdf209 R11=0000000091db0882
R12=0000000000000004 R13=0000000007f09880 R14=0000000000000010 R15=0000000007f09980
RIP=0000000006cacc11 RFL=00000202 [-------] CPL=0 II=0 A20=1 SMM=0 HLT=0
ES =0030 0000000000000000 ffffffff 00cf9300 DPL=0 DS   [-WA]
CS =0038 0000000000000000 ffffffff 00af9a00 DPL=0 CS64 [-R-]
SS =0030 0000000000000000 ffffffff 00cf9300 DPL=0 DS   [-WA]
DS =0030 0000000000000000 ffffffff 00cf9300 DPL=0 DS   [-WA]
FS =0030 0000000000000000 ffffffff 00cf9300 DPL=0 DS   [-WA]
GS =0030 0000000000000000 ffffffff 00cf9300 DPL=0 DS   [-WA]
LDT=0000 0000000000000000 0000ffff 00008200 DPL=0 LDT
TR =0048 00000000075db058 00000067 00008900 DPL=0 TSS64-avl
GDT=     00000000075db000 00000057
IDT=     00000000070e8018 00000fff
CR0=80010033 CR2=0000000000000000 CR3=0000000007801000 CR4=00000668
DR0=0000000000000000 DR1=0000000000000000 DR2=0000000000000000 DR3=0000000000000000 
DR6=00000000ffff0ff0 DR7=0000000000000400
CCS=0000000000000000 CCD=00000000c0c43101 CCO=EFLAGS
EFER=0000000000000d00
Servicing hardware INT=0x20
   361: v=20 e=0000 i=0 cpl=0 IP=0038:0000000006cacc11 pc=0000000006cacc11 SP=0030:0000000007ee34b8 env->regs[R_EAX]=00000000c0c43101
RAX=00000000c0c43101 RBX=00000000070e7498 RCX=00000000070e7498 RDX=0000000000000000
RSI=0000000007f09980 RDI=44515fc33c8d294c RBP=0000000007ee3520 RSP=0000000007ee34b8
R8 =0000000007ee3620 R9 =00000000226b14e7 R10=0000000076fcb737 R11=00000000313c05ad
R12=0000000000000004 R13=0000000007f09880 R14=0000000000000010 R15=0000000007f09980
RIP=0000000006cacc11 RFL=00000202 [-------] CPL=0 II=0 A20=1 SMM=0 HLT=0
ES =0030 0000000000000000 ffffffff 00cf9300 DPL=0 DS   [-WA]
CS =0038 0000000000000000 ffffffff 00af9a00 DPL=0 CS64 [-R-]
SS =0030 0000000000000000 ffffffff 00cf9300 DPL=0 DS   [-WA]
DS =0030 0000000000000000 ffffffff 00cf9300 DPL=0 DS   [-WA]
FS =0030 0000000000000000 ffffffff 00cf9300 DPL=0 DS   [-WA]
GS =0030 0000000000000000 ffffffff 00cf9300 DPL=0 DS   [-WA]
LDT=0000 0000000000000000 0000ffff 00008200 DPL=0 LDT
TR =0048 00000000075db058 00000067 00008900 DPL=0 TSS64-avl
GDT=     00000000075db000 00000057
IDT=     00000000070e8018 00000fff
CR0=80010033 CR2=0000000000000000 CR3=0000000007801000 CR4=00000668
DR0=0000000000000000 DR1=0000000000000000 DR2=0000000000000000 DR3=0000000000000000 
DR6=00000000ffff0ff0 DR7=0000000000000400
CCS=0000000000000000 CCD=00000000c0c43101 CCO=EFLAGS
EFER=0000000000000d00
Servicing hardware INT=0x20
   362: v=20 e=0000 i=0 cpl=0 IP=0038:0000000006cacc11 pc=0000000006cacc11 SP=0030:0000000007ee34b8 env->regs[R_EAX]=00000000c0c43101
RAX=00000000c0c43101 RBX=00000000070e7498 RCX=00000000070e7498 RDX=0000000000000000
RSI=0000000007f09980 RDI=44515fc33c8d294c RBP=0000000007ee3520 RSP=0000000007ee34b8
R8 =0000000007ee3620 R9 =00000000226b14e7 R10=0000000076fcb737 R11=00000000313c05ad
R12=0000000000000004 R13=0000000007f09880 R14=0000000000000010 R15=0000000007f09980
RIP=0000000006cacc11 RFL=00000202 [-------] CPL=0 II=0 A20=1 SMM=0 HLT=0
ES =0030 0000000000000000 ffffffff 00cf9300 DPL=0 DS   [-WA]
CS =0038 0000000000000000 ffffffff 00af9a00 DPL=0 CS64 [-R-]
SS =0030 0000000000000000 ffffffff 00cf9300 DPL=0 DS   [-WA]
DS =0030 0000000000000000 ffffffff 00cf9300 DPL=0 DS   [-WA]
FS =0030 0000000000000000 ffffffff 00cf9300 DPL=0 DS   [-WA]
GS =0030 0000000000000000 ffffffff 00cf9300 DPL=0 DS   [-WA]
LDT=0000 0000000000000000 0000ffff 00008200 DPL=0 LDT
TR =0048 00000000075db058 00000067 00008900 DPL=0 TSS64-avl
GDT=     00000000075db000 00000057
IDT=     00000000070e8018 00000fff
CR0=80010033 CR2=0000000000000000 CR3=0000000007801000 CR4=00000668
DR0=0000000000000000 DR1=0000000000000000 DR2=0000000000000000 DR3=0000000000000000 
DR6=00000000ffff0ff0 DR7=0000000000000400
CCS=0000000000000000 CCD=00000000c0c43101 CCO=EFLAGS
EFER=0000000000000d00
Servicing hardware INT=0x20
   363: v=20 e=0000 i=0 cpl=0 IP=0038:0000000006cacc11 pc=0000000006cacc11 SP=0030:0000000007ee34b8 env->regs[R_EAX]=00000000c0c43101
RAX=00000000c0c43101 RBX=00000000070e7498 RCX=00000000070e7498 RDX=0000000000000000
RSI=0000000007f09980 RDI=44515fc33c8d294c RBP=0000000007ee3520 RSP=0000000007ee34b8
R8 =0000000007ee3620 R9 =000000004abdc3aa R10=000000002e4e4c3d R11=00000000bd4e5f67
R12=0000000000000004 R13=0000000007f09880 R14=0000000000000010 R15=0000000007f09980
RIP=0000000006cacc11 RFL=00000202 [-------] CPL=0 II=0 A20=1 SMM=0 HLT=0
ES =0030 0000000000000000 ffffffff 00cf9300 DPL=0 DS   [-WA]
CS =0038 0000000000000000 ffffffff 00af9a00 DPL=0 CS64 [-R-]
SS =0030 0000000000000000 ffffffff 00cf9300 DPL=0 DS   [-WA]
DS =0030 0000000000000000 ffffffff 00cf9300 DPL=0 DS   [-WA]
FS =0030 0000000000000000 ffffffff 00cf9300 DPL=0 DS   [-WA]
GS =0030 0000000000000000 ffffffff 00cf9300 DPL=0 DS   [-WA]
LDT=0000 0000000000000000 0000ffff 00008200 DPL=0 LDT
TR =0048 00000000075db058 00000067 00008900 DPL=0 TSS64-avl
GDT=     00000000075db000 00000057
IDT=     00000000070e8018 00000fff
CR0=80010033 CR2=0000000000000000 CR3=0000000007801000 CR4=00000668
DR0=0000000000000000 DR1=0000000000000000 DR2=0000000000000000 DR3=0000000000000000 
DR6=00000000ffff0ff0 DR7=0000000000000400
CCS=0000000000000000 CCD=00000000c0c43101 CCO=EFLAGS
EFER=0000000000000d00
Servicing hardware INT=0x20
   364: v=20 e=0000 i=0 cpl=0 IP=0038:0000000006cacc11 pc=0000000006cacc11 SP=0030:0000000007ee34b8 env->regs[R_EAX]=00000000c0c43101
RAX=00000000c0c43101 RBX=00000000070e7498 RCX=00000000070e7498 RDX=0000000000000000
RSI=0000000007f09980 RDI=44515fc33c8d294c RBP=0000000007ee3520 RSP=0000000007ee34b8
R8 =0000000007ee3620 R9 =000000004abdc3aa R10=000000002e4e4c3d R11=00000000bd4e5f67
R12=0000000000000004 R13=0000000007f09880 R14=0000000000000010 R15=0000000007f09980
RIP=0000000006cacc11 RFL=00000202 [-------] CPL=0 II=0 A20=1 SMM=0 HLT=0
ES =0030 0000000000000000 ffffffff 00cf9300 DPL=0 DS   [-WA]
CS =0038 0000000000000000 ffffffff 00af9a00 DPL=0 CS64 [-R-]
SS =0030 0000000000000000 ffffffff 00cf9300 DPL=0 DS   [-WA]
DS =0030 0000000000000000 ffffffff 00cf9300 DPL=0 DS   [-WA]
FS =0030 0000000000000000 ffffffff 00cf9300 DPL=0 DS   [-WA]
GS =0030 0000000000000000 ffffffff 00cf9300 DPL=0 DS   [-WA]
LDT=0000 0000000000000000 0000ffff 00008200 DPL=0 LDT
TR =0048 00000000075db058 00000067 00008900 DPL=0 TSS64-avl
GDT=     00000000075db000 00000057
IDT=     00000000070e8018 00000fff
CR0=80010033 CR2=0000000000000000 CR3=0000000007801000 CR4=00000668
DR0=0000000000000000 DR1=0000000000000000 DR2=0000000000000000 DR3=0000000000000000 
DR6=00000000ffff0ff0 DR7=0000000000000400
CCS=0000000000000000 CCD=00000000c0c43101 CCO=EFLAGS
EFER=0000000000000d00
Servicing hardware INT=0x20
   365: v=20 e=0000 i=0 cpl=0 IP=0038:0000000006cacc11 pc=0000000006cacc11 SP=0030:0000000007ee34b8 env->regs[R_EAX]=00000000c0c43101
RAX=00000000c0c43101 RBX=00000000070e7498 RCX=00000000070e7498 RDX=0000000000000000
RSI=0000000007f09980 RDI=44515fc33c8d294c RBP=0000000007ee3520 RSP=0000000007ee34b8
R8 =0000000007ee3620 R9 =000000002008e95c R10=00000000571ea23d R11=0000000061f9afdb
R12=0000000000000004 R13=0000000007f09880 R14=0000000000000010 R15=0000000007f09980
RIP=0000000006cacc11 RFL=00000202 [-------] CPL=0 II=0 A20=1 SMM=0 HLT=0
ES =0030 0000000000000000 ffffffff 00cf9300 DPL=0 DS   [-WA]
CS =0038 0000000000000000 ffffffff 00af9a00 DPL=0 CS64 [-R-]
SS =0030 0000000000000000 ffffffff 00cf9300 DPL=0 DS   [-WA]
DS =0030 0000000000000000 ffffffff 00cf9300 DPL=0 DS   [-WA]
FS =0030 0000000000000000 ffffffff 00cf9300 DPL=0 DS   [-WA]
GS =0030 0000000000000000 ffffffff 00cf9300 DPL=0 DS   [-WA]
LDT=0000 0000000000000000 0000ffff 00008200 DPL=0 LDT
TR =0048 00000000075db058 00000067 00008900 DPL=0 TSS64-avl
GDT=     00000000075db000 00000057
IDT=     00000000070e8018 00000fff
CR0=80010033 CR2=0000000000000000 CR3=0000000007801000 CR4=00000668
DR0=0000000000000000 DR1=0000000000000000 DR2=0000000000000000 DR3=0000000000000000 
DR6=00000000ffff0ff0 DR7=0000000000000400
CCS=0000000000000000 CCD=00000000c0c43101 CCO=EFLAGS
EFER=0000000000000d00
Servicing hardware INT=0x20
   366: v=20 e=0000 i=0 cpl=0 IP=0038:0000000006cacc11 pc=0000000006cacc11 SP=0030:0000000007ee34b8 env->regs[R_EAX]=00000000c0c43101
RAX=00000000c0c43101 RBX=00000000070e7498 RCX=00000000070e7498 RDX=0000000000000000
RSI=0000000007f09980 RDI=44515fc33c8d294c RBP=0000000007ee3520 RSP=0000000007ee34b8
R8 =0000000007ee3620 R9 =000000002008e95c R10=00000000571ea23d R11=0000000061f9afdb
R12=0000000000000004 R13=0000000007f09880 R14=0000000000000010 R15=0000000007f09980
RIP=0000000006cacc11 RFL=00000202 [-------] CPL=0 II=0 A20=1 SMM=0 HLT=0
ES =0030 0000000000000000 ffffffff 00cf9300 DPL=0 DS   [-WA]
CS =0038 0000000000000000 ffffffff 00af9a00 DPL=0 CS64 [-R-]
SS =0030 0000000000000000 ffffffff 00cf9300 DPL=0 DS   [-WA]
DS =0030 0000000000000000 ffffffff 00cf9300 DPL=0 DS   [-WA]
FS =0030 0000000000000000 ffffffff 00cf9300 DPL=0 DS   [-WA]
GS =0030 0000000000000000 ffffffff 00cf9300 DPL=0 DS   [-WA]
LDT=0000 0000000000000000 0000ffff 00008200 DPL=0 LDT
TR =0048 00000000075db058 00000067 00008900 DPL=0 TSS64-avl
GDT=     00000000075db000 00000057
IDT=     00000000070e8018 00000fff
CR0=80010033 CR2=0000000000000000 CR3=0000000007801000 CR4=00000668
DR0=0000000000000000 DR1=0000000000000000 DR2=0000000000000000 DR3=0000000000000000 
DR6=00000000ffff0ff0 DR7=0000000000000400
CCS=0000000000000000 CCD=00000000c0c43101 CCO=EFLAGS
EFER=0000000000000d00
Servicing hardware INT=0x20
   367: v=20 e=0000 i=0 cpl=0 IP=0038:0000000006cacc11 pc=0000000006cacc11 SP=0030:0000000007ee34b8 env->regs[R_EAX]=00000000c0c43101
RAX=00000000c0c43101 RBX=00000000070e7498 RCX=00000000070e7498 RDX=0000000000000000
RSI=0000000007f09980 RDI=44515fc33c8d294c RBP=0000000007ee3520 RSP=0000000007ee34b8
R8 =0000000007ee3620 R9 =000000007caeaea0 R10=000000008c077add R11=00000000605afb71
R12=0000000000000004 R13=0000000007f09880 R14=0000000000000010 R15=0000000007f09980
RIP=0000000006cacc11 RFL=00000202 [-------] CPL=0 II=0 A20=1 SMM=0 HLT=0
ES =0030 0000000000000000 ffffffff 00cf9300 DPL=0 DS   [-WA]
CS =0038 0000000000000000 ffffffff 00af9a00 DPL=0 CS64 [-R-]
SS =0030 0000000000000000 ffffffff 00cf9300 DPL=0 DS   [-WA]
DS =0030 0000000000000000 ffffffff 00cf9300 DPL=0 DS   [-WA]
FS =0030 0000000000000000 ffffffff 00cf9300 DPL=0 DS   [-WA]
GS =0030 0000000000000000 ffffffff 00cf9300 DPL=0 DS   [-WA]
LDT=0000 0000000000000000 0000ffff 00008200 DPL=0 LDT
TR =0048 00000000075db058 00000067 00008900 DPL=0 TSS64-avl
GDT=     00000000075db000 00000057
IDT=     00000000070e8018 00000fff
CR0=80010033 CR2=0000000000000000 CR3=0000000007801000 CR4=00000668
DR0=0000000000000000 DR1=0000000000000000 DR2=0000000000000000 DR3=0000000000000000 
DR6=00000000ffff0ff0 DR7=0000000000000400
CCS=0000000000000000 CCD=00000000c0c43101 CCO=EFLAGS
EFER=0000000000000d00
Servicing hardware INT=0x20
   368: v=20 e=0000 i=0 cpl=0 IP=0038:0000000006cacc11 pc=0000000006cacc11 SP=0030:0000000007ee34b8 env->regs[R_EAX]=00000000c0c43101
RAX=00000000c0c43101 RBX=00000000070e7498 RCX=00000000070e7498 RDX=0000000000000000
RSI=0000000007f09980 RDI=44515fc33c8d294c RBP=0000000007ee3520 RSP=0000000007ee34b8
R8 =0000000007ee3620 R9 =000000007caeaea0 R10=000000008c077add R11=00000000605afb71
R12=0000000000000004 R13=0000000007f09880 R14=0000000000000010 R15=0000000007f09980
RIP=0000000006cacc11 RFL=00000202 [-------] CPL=0 II=0 A20=1 SMM=0 HLT=0
ES =0030 0000000000000000 ffffffff 00cf9300 DPL=0 DS   [-WA]
CS =0038 0000000000000000 ffffffff 00af9a00 DPL=0 CS64 [-R-]
SS =0030 0000000000000000 ffffffff 00cf9300 DPL=0 DS   [-WA]
DS =0030 0000000000000000 ffffffff 00cf9300 DPL=0 DS   [-WA]
FS =0030 0000000000000000 ffffffff 00cf9300 DPL=0 DS   [-WA]
GS =0030 0000000000000000 ffffffff 00cf9300 DPL=0 DS   [-WA]
LDT=0000 0000000000000000 0000ffff 00008200 DPL=0 LDT
TR =0048 00000000075db058 00000067 00008900 DPL=0 TSS64-avl
GDT=     00000000075db000 00000057
IDT=     00000000070e8018 00000fff
CR0=80010033 CR2=0000000000000000 CR3=0000000007801000 CR4=00000668
DR0=0000000000000000 DR1=0000000000000000 DR2=0000000000000000 DR3=0000000000000000 
DR6=00000000ffff0ff0 DR7=0000000000000400
CCS=0000000000000000 CCD=00000000c0c43101 CCO=EFLAGS
EFER=0000000000000d00
Servicing hardware INT=0x20
   369: v=20 e=0000 i=0 cpl=0 IP=0038:0000000006cacc11 pc=0000000006cacc11 SP=0030:0000000007ee34b8 env->regs[R_EAX]=00000000c0c43101
RAX=00000000c0c43101 RBX=00000000070e7498 RCX=00000000070e7498 RDX=0000000000000000
RSI=0000000007f09980 RDI=44515fc33c8d294c RBP=0000000007ee3520 RSP=0000000007ee34b8
R8 =0000000007ee3620 R9 =00000000c876bf6d R10=00000000ac51d11e R11=00000000c80a31a9
R12=0000000000000004 R13=0000000007f09880 R14=0000000000000010 R15=0000000007f09980
RIP=0000000006cacc11 RFL=00000202 [-------] CPL=0 II=0 A20=1 SMM=0 HLT=0
ES =0030 0000000000000000 ffffffff 00cf9300 DPL=0 DS   [-WA]
CS =0038 0000000000000000 ffffffff 00af9a00 DPL=0 CS64 [-R-]
SS =0030 0000000000000000 ffffffff 00cf9300 DPL=0 DS   [-WA]
DS =0030 0000000000000000 ffffffff 00cf9300 DPL=0 DS   [-WA]
FS =0030 0000000000000000 ffffffff 00cf9300 DPL=0 DS   [-WA]
GS =0030 0000000000000000 ffffffff 00cf9300 DPL=0 DS   [-WA]
LDT=0000 0000000000000000 0000ffff 00008200 DPL=0 LDT
TR =0048 00000000075db058 00000067 00008900 DPL=0 TSS64-avl
GDT=     00000000075db000 00000057
IDT=     00000000070e8018 00000fff
CR0=80010033 CR2=0000000000000000 CR3=0000000007801000 CR4=00000668
DR0=0000000000000000 DR1=0000000000000000 DR2=0000000000000000 DR3=0000000000000000 
DR6=00000000ffff0ff0 DR7=0000000000000400
CCS=0000000000000000 CCD=00000000c0c43101 CCO=EFLAGS
EFER=0000000000000d00
Servicing hardware INT=0x20
   370: v=20 e=0000 i=0 cpl=0 IP=0038:0000000006cacc11 pc=0000000006cacc11 SP=0030:0000000007ee34b8 env->regs[R_EAX]=00000000c0c43101
RAX=00000000c0c43101 RBX=00000000070e7498 RCX=00000000070e7498 RDX=0000000000000000
RSI=0000000007f09980 RDI=44515fc33c8d294c RBP=0000000007ee3520 RSP=0000000007ee34b8
R8 =0000000007ee3620 R9 =00000000c876bf6d R10=00000000ac51d11e R11=00000000c80a31a9
R12=0000000000000004 R13=0000000007f09880 R14=0000000000000010 R15=0000000007f09980
RIP=0000000006cacc11 RFL=00000202 [-------] CPL=0 II=0 A20=1 SMM=0 HLT=0
ES =0030 0000000000000000 ffffffff 00cf9300 DPL=0 DS   [-WA]
CS =0038 0000000000000000 ffffffff 00af9a00 DPL=0 CS64 [-R-]
SS =0030 0000000000000000 ffffffff 00cf9300 DPL=0 DS   [-WA]
DS =0030 0000000000000000 ffffffff 00cf9300 DPL=0 DS   [-WA]
FS =0030 0000000000000000 ffffffff 00cf9300 DPL=0 DS   [-WA]
GS =0030 0000000000000000 ffffffff 00cf9300 DPL=0 DS   [-WA]
LDT=0000 0000000000000000 0000ffff 00008200 DPL=0 LDT
TR =0048 00000000075db058 00000067 00008900 DPL=0 TSS64-avl
GDT=     00000000075db000 00000057
IDT=     00000000070e8018 00000fff
CR0=80010033 CR2=0000000000000000 CR3=0000000007801000 CR4=00000668
DR0=0000000000000000 DR1=0000000000000000 DR2=0000000000000000 DR3=0000000000000000 
DR6=00000000ffff0ff0 DR7=0000000000000400
CCS=0000000000000000 CCD=00000000c0c43101 CCO=EFLAGS
EFER=0000000000000d00
Servicing hardware INT=0x20
   371: v=20 e=0000 i=0 cpl=0 IP=0038:0000000006cacc11 pc=0000000006cacc11 SP=0030:0000000007ee34b8 env->regs[R_EAX]=00000000c0c43101
RAX=00000000c0c43101 RBX=00000000070e7498 RCX=00000000070e7498 RDX=0000000000000000
RSI=0000000007f09980 RDI=44515fc33c8d294c RBP=0000000007ee3520 RSP=0000000007ee34b8
R8 =0000000007ee3620 R9 =000000008e5b1516 R10=0000000063f6275e R11=000000004a461b35
R12=0000000000000004 R13=0000000007f09880 R14=0000000000000010 R15=0000000007f09980
RIP=0000000006cacc11 RFL=00000202 [-------] CPL=0 II=0 A20=1 SMM=0 HLT=0
ES =0030 0000000000000000 ffffffff 00cf9300 DPL=0 DS   [-WA]
CS =0038 0000000000000000 ffffffff 00af9a00 DPL=0 CS64 [-R-]
SS =0030 0000000000000000 ffffffff 00cf9300 DPL=0 DS   [-WA]
DS =0030 0000000000000000 ffffffff 00cf9300 DPL=0 DS   [-WA]
FS =0030 0000000000000000 ffffffff 00cf9300 DPL=0 DS   [-WA]
GS =0030 0000000000000000 ffffffff 00cf9300 DPL=0 DS   [-WA]
LDT=0000 0000000000000000 0000ffff 00008200 DPL=0 LDT
TR =0048 00000000075db058 00000067 00008900 DPL=0 TSS64-avl
GDT=     00000000075db000 00000057
IDT=     00000000070e8018 00000fff
CR0=80010033 CR2=0000000000000000 CR3=0000000007801000 CR4=00000668
DR0=0000000000000000 DR1=0000000000000000 DR2=0000000000000000 DR3=0000000000000000 
DR6=00000000ffff0ff0 DR7=0000000000000400
CCS=0000000000000000 CCD=00000000c0c43101 CCO=EFLAGS
EFER=0000000000000d00
Servicing hardware INT=0x20
   372: v=20 e=0000 i=0 cpl=0 IP=0038:0000000006cacc11 pc=0000000006cacc11 SP=0030:0000000007ee34b8 env->regs[R_EAX]=00000000c0c43101
RAX=00000000c0c43101 RBX=00000000070e7498 RCX=00000000070e7498 RDX=0000000000000000
RSI=0000000007f09980 RDI=44515fc33c8d294c RBP=0000000007ee3520 RSP=0000000007ee34b8
R8 =0000000007ee3620 R9 =000000008e5b1516 R10=0000000063f6275e R11=000000004a461b35
R12=0000000000000004 R13=0000000007f09880 R14=0000000000000010 R15=0000000007f09980
RIP=0000000006cacc11 RFL=00000202 [-------] CPL=0 II=0 A20=1 SMM=0 HLT=0
ES =0030 0000000000000000 ffffffff 00cf9300 DPL=0 DS   [-WA]
CS =0038 0000000000000000 ffffffff 00af9a00 DPL=0 CS64 [-R-]
SS =0030 0000000000000000 ffffffff 00cf9300 DPL=0 DS   [-WA]
DS =0030 0000000000000000 ffffffff 00cf9300 DPL=0 DS   [-WA]
FS =0030 0000000000000000 ffffffff 00cf9300 DPL=0 DS   [-WA]
GS =0030 0000000000000000 ffffffff 00cf9300 DPL=0 DS   [-WA]
LDT=0000 0000000000000000 0000ffff 00008200 DPL=0 LDT
TR =0048 00000000075db058 00000067 00008900 DPL=0 TSS64-avl
GDT=     00000000075db000 00000057
IDT=     00000000070e8018 00000fff
CR0=80010033 CR2=0000000000000000 CR3=0000000007801000 CR4=00000668
DR0=0000000000000000 DR1=0000000000000000 DR2=0000000000000000 DR3=0000000000000000 
DR6=00000000ffff0ff0 DR7=0000000000000400
CCS=0000000000000000 CCD=00000000c0c43101 CCO=EFLAGS
EFER=0000000000000d00
Servicing hardware INT=0x20
   373: v=20 e=0000 i=0 cpl=0 IP=0038:0000000006cacc11 pc=0000000006cacc11 SP=0030:0000000007ee34b8 env->regs[R_EAX]=00000000c0c43101
RAX=00000000c0c43101 RBX=00000000070e7498 RCX=00000000070e7498 RDX=0000000000000000
RSI=0000000007f09980 RDI=44515fc33c8d294c RBP=0000000007ee3520 RSP=0000000007ee34b8
R8 =0000000007ee3620 R9 =000000004317d40a R10=0000000063c50a59 R11=00000000d891e7e6
R12=0000000000000004 R13=0000000007f09880 R14=0000000000000010 R15=0000000007f09980
RIP=0000000006cacc11 RFL=00000202 [-------] CPL=0 II=0 A20=1 SMM=0 HLT=0
ES =0030 0000000000000000 ffffffff 00cf9300 DPL=0 DS   [-WA]
CS =0038 0000000000000000 ffffffff 00af9a00 DPL=0 CS64 [-R-]
SS =0030 0000000000000000 ffffffff 00cf9300 DPL=0 DS   [-WA]
DS =0030 0000000000000000 ffffffff 00cf9300 DPL=0 DS   [-WA]
FS =0030 0000000000000000 ffffffff 00cf9300 DPL=0 DS   [-WA]
GS =0030 0000000000000000 ffffffff 00cf9300 DPL=0 DS   [-WA]
LDT=0000 0000000000000000 0000ffff 00008200 DPL=0 LDT
TR =0048 00000000075db058 00000067 00008900 DPL=0 TSS64-avl
GDT=     00000000075db000 00000057
IDT=     00000000070e8018 00000fff
CR0=80010033 CR2=0000000000000000 CR3=0000000007801000 CR4=00000668
DR0=0000000000000000 DR1=0000000000000000 DR2=0000000000000000 DR3=0000000000000000 
DR6=00000000ffff0ff0 DR7=0000000000000400
CCS=0000000000000000 CCD=00000000c0c43101 CCO=EFLAGS
EFER=0000000000000d00
Servicing hardware INT=0x20
   374: v=20 e=0000 i=0 cpl=0 IP=0038:0000000006cacc11 pc=0000000006cacc11 SP=0030:0000000007ee34b8 env->regs[R_EAX]=00000000c0c43101
RAX=00000000c0c43101 RBX=00000000070e7498 RCX=00000000070e7498 RDX=0000000000000000
RSI=0000000007f09980 RDI=44515fc33c8d294c RBP=0000000007ee3520 RSP=0000000007ee34b8
R8 =0000000007ee3620 R9 =000000004317d40a R10=0000000063c50a59 R11=00000000d891e7e6
R12=0000000000000004 R13=0000000007f09880 R14=0000000000000010 R15=0000000007f09980
RIP=0000000006cacc11 RFL=00000202 [-------] CPL=0 II=0 A20=1 SMM=0 HLT=0
ES =0030 0000000000000000 ffffffff 00cf9300 DPL=0 DS   [-WA]
CS =0038 0000000000000000 ffffffff 00af9a00 DPL=0 CS64 [-R-]
SS =0030 0000000000000000 ffffffff 00cf9300 DPL=0 DS   [-WA]
DS =0030 0000000000000000 ffffffff 00cf9300 DPL=0 DS   [-WA]
FS =0030 0000000000000000 ffffffff 00cf9300 DPL=0 DS   [-WA]
GS =0030 0000000000000000 ffffffff 00cf9300 DPL=0 DS   [-WA]
LDT=0000 0000000000000000 0000ffff 00008200 DPL=0 LDT
TR =0048 00000000075db058 00000067 00008900 DPL=0 TSS64-avl
GDT=     00000000075db000 00000057
IDT=     00000000070e8018 00000fff
CR0=80010033 CR2=0000000000000000 CR3=0000000007801000 CR4=00000668
DR0=0000000000000000 DR1=0000000000000000 DR2=0000000000000000 DR3=0000000000000000 
DR6=00000000ffff0ff0 DR7=0000000000000400
CCS=0000000000000000 CCD=00000000c0c43101 CCO=EFLAGS
EFER=0000000000000d00
Servicing hardware INT=0x20
   375: v=20 e=0000 i=0 cpl=0 IP=0038:0000000006cacc11 pc=0000000006cacc11 SP=0030:0000000007ee34b8 env->regs[R_EAX]=00000000c0c43101
RAX=00000000c0c43101 RBX=00000000070e7498 RCX=00000000070e7498 RDX=0000000000000000
RSI=0000000007f09980 RDI=44515fc33c8d294c RBP=0000000007ee3520 RSP=0000000007ee34b8
R8 =0000000007ee3620 R9 =0000000039073437 R10=0000000048854b41 R11=00000000b311f4e4
R12=0000000000000004 R13=0000000007f09880 R14=0000000000000010 R15=0000000007f09980
RIP=0000000006cacc11 RFL=00000202 [-------] CPL=0 II=0 A20=1 SMM=0 HLT=0
ES =0030 0000000000000000 ffffffff 00cf9300 DPL=0 DS   [-WA]
CS =0038 0000000000000000 ffffffff 00af9a00 DPL=0 CS64 [-R-]
SS =0030 0000000000000000 ffffffff 00cf9300 DPL=0 DS   [-WA]
DS =0030 0000000000000000 ffffffff 00cf9300 DPL=0 DS   [-WA]
FS =0030 0000000000000000 ffffffff 00cf9300 DPL=0 DS   [-WA]
GS =0030 0000000000000000 ffffffff 00cf9300 DPL=0 DS   [-WA]
LDT=0000 0000000000000000 0000ffff 00008200 DPL=0 LDT
TR =0048 00000000075db058 00000067 00008900 DPL=0 TSS64-avl
GDT=     00000000075db000 00000057
IDT=     00000000070e8018 00000fff
CR0=80010033 CR2=0000000000000000 CR3=0000000007801000 CR4=00000668
DR0=0000000000000000 DR1=0000000000000000 DR2=0000000000000000 DR3=0000000000000000 
DR6=00000000ffff0ff0 DR7=0000000000000400
CCS=0000000000000000 CCD=00000000c0c43101 CCO=EFLAGS
EFER=0000000000000d00
Servicing hardware INT=0x20
   376: v=20 e=0000 i=0 cpl=0 IP=0038:0000000006cacc11 pc=0000000006cacc11 SP=0030:0000000007ee34b8 env->regs[R_EAX]=00000000c0c43101
RAX=00000000c0c43101 RBX=00000000070e7498 RCX=00000000070e7498 RDX=0000000000000000
RSI=0000000007f09980 RDI=44515fc33c8d294c RBP=0000000007ee3520 RSP=0000000007ee34b8
R8 =0000000007ee3620 R9 =0000000039073437 R10=0000000048854b41 R11=00000000b311f4e4
R12=0000000000000004 R13=0000000007f09880 R14=0000000000000010 R15=0000000007f09980
RIP=0000000006cacc11 RFL=00000202 [-------] CPL=0 II=0 A20=1 SMM=0 HLT=0
ES =0030 0000000000000000 ffffffff 00cf9300 DPL=0 DS   [-WA]
CS =0038 0000000000000000 ffffffff 00af9a00 DPL=0 CS64 [-R-]
SS =0030 0000000000000000 ffffffff 00cf9300 DPL=0 DS   [-WA]
DS =0030 0000000000000000 ffffffff 00cf9300 DPL=0 DS   [-WA]
FS =0030 0000000000000000 ffffffff 00cf9300 DPL=0 DS   [-WA]
GS =0030 0000000000000000 ffffffff 00cf9300 DPL=0 DS   [-WA]
LDT=0000 0000000000000000 0000ffff 00008200 DPL=0 LDT
TR =0048 00000000075db058 00000067 00008900 DPL=0 TSS64-avl
GDT=     00000000075db000 00000057
IDT=     00000000070e8018 00000fff
CR0=80010033 CR2=0000000000000000 CR3=0000000007801000 CR4=00000668
DR0=0000000000000000 DR1=0000000000000000 DR2=0000000000000000 DR3=0000000000000000 
DR6=00000000ffff0ff0 DR7=0000000000000400
CCS=0000000000000000 CCD=00000000c0c43101 CCO=EFLAGS
EFER=0000000000000d00
Servicing hardware INT=0x20
   377: v=20 e=0000 i=0 cpl=0 IP=0038:0000000006cacc11 pc=0000000006cacc11 SP=0030:0000000007ee34b8 env->regs[R_EAX]=00000000c0c43101
RAX=00000000c0c43101 RBX=00000000070e7498 RCX=00000000070e7498 RDX=0000000000000000
RSI=0000000007f09980 RDI=44515fc33c8d294c RBP=0000000007ee3520 RSP=0000000007ee34b8
R8 =0000000007ee3620 R9 =000000007f6bd519 R10=00000000334b59e6 R11=000000000de121a8
R12=0000000000000004 R13=0000000007f09880 R14=0000000000000010 R15=0000000007f09980
RIP=0000000006cacc11 RFL=00000202 [-------] CPL=0 II=0 A20=1 SMM=0 HLT=0
ES =0030 0000000000000000 ffffffff 00cf9300 DPL=0 DS   [-WA]
CS =0038 0000000000000000 ffffffff 00af9a00 DPL=0 CS64 [-R-]
SS =0030 0000000000000000 ffffffff 00cf9300 DPL=0 DS   [-WA]
DS =0030 0000000000000000 ffffffff 00cf9300 DPL=0 DS   [-WA]
FS =0030 0000000000000000 ffffffff 00cf9300 DPL=0 DS   [-WA]
GS =0030 0000000000000000 ffffffff 00cf9300 DPL=0 DS   [-WA]
LDT=0000 0000000000000000 0000ffff 00008200 DPL=0 LDT
TR =0048 00000000075db058 00000067 00008900 DPL=0 TSS64-avl
GDT=     00000000075db000 00000057
IDT=     00000000070e8018 00000fff
CR0=80010033 CR2=0000000000000000 CR3=0000000007801000 CR4=00000668
DR0=0000000000000000 DR1=0000000000000000 DR2=0000000000000000 DR3=0000000000000000 
DR6=00000000ffff0ff0 DR7=0000000000000400
CCS=0000000000000000 CCD=00000000c0c43101 CCO=EFLAGS
EFER=0000000000000d00
Servicing hardware INT=0x20
   378: v=20 e=0000 i=0 cpl=0 IP=0038:0000000006cacc11 pc=0000000006cacc11 SP=0030:0000000007ee34b8 env->regs[R_EAX]=00000000c0c43101
RAX=00000000c0c43101 RBX=00000000070e7498 RCX=00000000070e7498 RDX=0000000000000000
RSI=0000000007f09980 RDI=44515fc33c8d294c RBP=0000000007ee3520 RSP=0000000007ee34b8
R8 =0000000007ee3620 R9 =000000007f6bd519 R10=00000000334b59e6 R11=000000000de121a8
R12=0000000000000004 R13=0000000007f09880 R14=0000000000000010 R15=0000000007f09980
RIP=0000000006cacc11 RFL=00000202 [-------] CPL=0 II=0 A20=1 SMM=0 HLT=0
ES =0030 0000000000000000 ffffffff 00cf9300 DPL=0 DS   [-WA]
CS =0038 0000000000000000 ffffffff 00af9a00 DPL=0 CS64 [-R-]
SS =0030 0000000000000000 ffffffff 00cf9300 DPL=0 DS   [-WA]
DS =0030 0000000000000000 ffffffff 00cf9300 DPL=0 DS   [-WA]
FS =0030 0000000000000000 ffffffff 00cf9300 DPL=0 DS   [-WA]
GS =0030 0000000000000000 ffffffff 00cf9300 DPL=0 DS   [-WA]
LDT=0000 0000000000000000 0000ffff 00008200 DPL=0 LDT
TR =0048 00000000075db058 00000067 00008900 DPL=0 TSS64-avl
GDT=     00000000075db000 00000057
IDT=     00000000070e8018 00000fff
CR0=80010033 CR2=0000000000000000 CR3=0000000007801000 CR4=00000668
DR0=0000000000000000 DR1=0000000000000000 DR2=0000000000000000 DR3=0000000000000000 
DR6=00000000ffff0ff0 DR7=0000000000000400
CCS=0000000000000000 CCD=00000000c0c43101 CCO=EFLAGS
EFER=0000000000000d00
Servicing hardware INT=0x20
   379: v=20 e=0000 i=0 cpl=0 IP=0038:0000000006cacc11 pc=0000000006cacc11 SP=0030:0000000007ee34b8 env->regs[R_EAX]=00000000c0c43101
RAX=00000000c0c43101 RBX=00000000070e7498 RCX=00000000070e7498 RDX=0000000000000000
RSI=0000000007f09980 RDI=44515fc33c8d294c RBP=0000000007ee3520 RSP=0000000007ee34b8
R8 =0000000007ee3620 R9 =0000000089a70bd4 R10=00000000d4b18b87 R11=00000000525b542f
R12=0000000000000004 R13=0000000007f09880 R14=0000000000000010 R15=0000000007f09980
RIP=0000000006cacc11 RFL=00000202 [-------] CPL=0 II=0 A20=1 SMM=0 HLT=0
ES =0030 0000000000000000 ffffffff 00cf9300 DPL=0 DS   [-WA]
CS =0038 0000000000000000 ffffffff 00af9a00 DPL=0 CS64 [-R-]
SS =0030 0000000000000000 ffffffff 00cf9300 DPL=0 DS   [-WA]
DS =0030 0000000000000000 ffffffff 00cf9300 DPL=0 DS   [-WA]
FS =0030 0000000000000000 ffffffff 00cf9300 DPL=0 DS   [-WA]
GS =0030 0000000000000000 ffffffff 00cf9300 DPL=0 DS   [-WA]
LDT=0000 0000000000000000 0000ffff 00008200 DPL=0 LDT
TR =0048 00000000075db058 00000067 00008900 DPL=0 TSS64-avl
GDT=     00000000075db000 00000057
IDT=     00000000070e8018 00000fff
CR0=80010033 CR2=0000000000000000 CR3=0000000007801000 CR4=00000668
DR0=0000000000000000 DR1=0000000000000000 DR2=0000000000000000 DR3=0000000000000000 
DR6=00000000ffff0ff0 DR7=0000000000000400
CCS=0000000000000000 CCD=00000000c0c43101 CCO=EFLAGS
EFER=0000000000000d00
Servicing hardware INT=0x20
   380: v=20 e=0000 i=0 cpl=0 IP=0038:0000000006cacc11 pc=0000000006cacc11 SP=0030:0000000007ee34b8 env->regs[R_EAX]=00000000c0c43101
RAX=00000000c0c43101 RBX=00000000070e7498 RCX=00000000070e7498 RDX=0000000000000000
RSI=0000000007f09980 RDI=44515fc33c8d294c RBP=0000000007ee3520 RSP=0000000007ee34b8
R8 =0000000007ee3620 R9 =0000000089a70bd4 R10=00000000d4b18b87 R11=00000000525b542f
R12=0000000000000004 R13=0000000007f09880 R14=0000000000000010 R15=0000000007f09980
RIP=0000000006cacc11 RFL=00000202 [-------] CPL=0 II=0 A20=1 SMM=0 HLT=0
ES =0030 0000000000000000 ffffffff 00cf9300 DPL=0 DS   [-WA]
CS =0038 0000000000000000 ffffffff 00af9a00 DPL=0 CS64 [-R-]
SS =0030 0000000000000000 ffffffff 00cf9300 DPL=0 DS   [-WA]
DS =0030 0000000000000000 ffffffff 00cf9300 DPL=0 DS   [-WA]
FS =0030 0000000000000000 ffffffff 00cf9300 DPL=0 DS   [-WA]
GS =0030 0000000000000000 ffffffff 00cf9300 DPL=0 DS   [-WA]
LDT=0000 0000000000000000 0000ffff 00008200 DPL=0 LDT
TR =0048 00000000075db058 00000067 00008900 DPL=0 TSS64-avl
GDT=     00000000075db000 00000057
IDT=     00000000070e8018 00000fff
CR0=80010033 CR2=0000000000000000 CR3=0000000007801000 CR4=00000668
DR0=0000000000000000 DR1=0000000000000000 DR2=0000000000000000 DR3=0000000000000000 
DR6=00000000ffff0ff0 DR7=0000000000000400
CCS=0000000000000000 CCD=00000000c0c43101 CCO=EFLAGS
EFER=0000000000000d00
Servicing hardware INT=0x20
   381: v=20 e=0000 i=0 cpl=0 IP=0038:0000000006cacc11 pc=0000000006cacc11 SP=0030:0000000007ee34b8 env->regs[R_EAX]=00000000c0c43101
RAX=00000000c0c43101 RBX=00000000070e7498 RCX=00000000070e7498 RDX=0000000000000000
RSI=0000000007f09980 RDI=44515fc33c8d294c RBP=0000000007ee3520 RSP=0000000007ee34b8
R8 =0000000007ee3620 R9 =00000000486043bb R10=00000000e6711ae0 R11=00000000d17f0d29
R12=0000000000000004 R13=0000000007f09880 R14=0000000000000010 R15=0000000007f09980
RIP=0000000006cacc11 RFL=00000202 [-------] CPL=0 II=0 A20=1 SMM=0 HLT=0
ES =0030 0000000000000000 ffffffff 00cf9300 DPL=0 DS   [-WA]
CS =0038 0000000000000000 ffffffff 00af9a00 DPL=0 CS64 [-R-]
SS =0030 0000000000000000 ffffffff 00cf9300 DPL=0 DS   [-WA]
DS =0030 0000000000000000 ffffffff 00cf9300 DPL=0 DS   [-WA]
FS =0030 0000000000000000 ffffffff 00cf9300 DPL=0 DS   [-WA]
GS =0030 0000000000000000 ffffffff 00cf9300 DPL=0 DS   [-WA]
LDT=0000 0000000000000000 0000ffff 00008200 DPL=0 LDT
TR =0048 00000000075db058 00000067 00008900 DPL=0 TSS64-avl
GDT=     00000000075db000 00000057
IDT=     00000000070e8018 00000fff
CR0=80010033 CR2=0000000000000000 CR3=0000000007801000 CR4=00000668
DR0=0000000000000000 DR1=0000000000000000 DR2=0000000000000000 DR3=0000000000000000 
DR6=00000000ffff0ff0 DR7=0000000000000400
CCS=0000000000000000 CCD=00000000c0c43101 CCO=EFLAGS
EFER=0000000000000d00
Servicing hardware INT=0x20
   382: v=20 e=0000 i=0 cpl=0 IP=0038:0000000006cacc11 pc=0000000006cacc11 SP=0030:0000000007ee34b8 env->regs[R_EAX]=00000000c0c43101
RAX=00000000c0c43101 RBX=00000000070e7498 RCX=00000000070e7498 RDX=0000000000000000
RSI=0000000007f09980 RDI=44515fc33c8d294c RBP=0000000007ee3520 RSP=0000000007ee34b8
R8 =0000000007ee3620 R9 =00000000486043bb R10=00000000e6711ae0 R11=00000000d17f0d29
R12=0000000000000004 R13=0000000007f09880 R14=0000000000000010 R15=0000000007f09980
RIP=0000000006cacc11 RFL=00000202 [-------] CPL=0 II=0 A20=1 SMM=0 HLT=0
ES =0030 0000000000000000 ffffffff 00cf9300 DPL=0 DS   [-WA]
CS =0038 0000000000000000 ffffffff 00af9a00 DPL=0 CS64 [-R-]
SS =0030 0000000000000000 ffffffff 00cf9300 DPL=0 DS   [-WA]
DS =0030 0000000000000000 ffffffff 00cf9300 DPL=0 DS   [-WA]
FS =0030 0000000000000000 ffffffff 00cf9300 DPL=0 DS   [-WA]
GS =0030 0000000000000000 ffffffff 00cf9300 DPL=0 DS   [-WA]
LDT=0000 0000000000000000 0000ffff 00008200 DPL=0 LDT
TR =0048 00000000075db058 00000067 00008900 DPL=0 TSS64-avl
GDT=     00000000075db000 00000057
IDT=     00000000070e8018 00000fff
CR0=80010033 CR2=0000000000000000 CR3=0000000007801000 CR4=00000668
DR0=0000000000000000 DR1=0000000000000000 DR2=0000000000000000 DR3=0000000000000000 
DR6=00000000ffff0ff0 DR7=0000000000000400
CCS=0000000000000000 CCD=00000000c0c43101 CCO=EFLAGS
EFER=0000000000000d00
Servicing hardware INT=0x20
   383: v=20 e=0000 i=0 cpl=0 IP=0038:0000000006cacc11 pc=0000000006cacc11 SP=0030:0000000007ee34b8 env->regs[R_EAX]=00000000c0c43101
RAX=00000000c0c43101 RBX=00000000070e7498 RCX=00000000070e7498 RDX=0000000000000000
RSI=0000000007f09980 RDI=44515fc33c8d294c RBP=0000000007ee3520 RSP=0000000007ee34b8
R8 =0000000007ee3620 R9 =000000003df5a0c2 R10=000000002b119a47 R11=00000000f248b704
R12=0000000000000004 R13=0000000007f09880 R14=0000000000000010 R15=0000000007f09980
RIP=0000000006cacc11 RFL=00000202 [-------] CPL=0 II=0 A20=1 SMM=0 HLT=0
ES =0030 0000000000000000 ffffffff 00cf9300 DPL=0 DS   [-WA]
CS =0038 0000000000000000 ffffffff 00af9a00 DPL=0 CS64 [-R-]
SS =0030 0000000000000000 ffffffff 00cf9300 DPL=0 DS   [-WA]
DS =0030 0000000000000000 ffffffff 00cf9300 DPL=0 DS   [-WA]
FS =0030 0000000000000000 ffffffff 00cf9300 DPL=0 DS   [-WA]
GS =0030 0000000000000000 ffffffff 00cf9300 DPL=0 DS   [-WA]
LDT=0000 0000000000000000 0000ffff 00008200 DPL=0 LDT
TR =0048 00000000075db058 00000067 00008900 DPL=0 TSS64-avl
GDT=     00000000075db000 00000057
IDT=     00000000070e8018 00000fff
CR0=80010033 CR2=0000000000000000 CR3=0000000007801000 CR4=00000668
DR0=0000000000000000 DR1=0000000000000000 DR2=0000000000000000 DR3=0000000000000000 
DR6=00000000ffff0ff0 DR7=0000000000000400
CCS=0000000000000000 CCD=00000000c0c43101 CCO=EFLAGS
EFER=0000000000000d00
Servicing hardware INT=0x20
   384: v=20 e=0000 i=0 cpl=0 IP=0038:0000000006cacc11 pc=0000000006cacc11 SP=0030:0000000007ee34b8 env->regs[R_EAX]=00000000c0c43101
RAX=00000000c0c43101 RBX=00000000070e7498 RCX=00000000070e7498 RDX=0000000000000000
RSI=0000000007f09980 RDI=44515fc33c8d294c RBP=0000000007ee3520 RSP=0000000007ee34b8
R8 =0000000007ee3620 R9 =000000003df5a0c2 R10=000000002b119a47 R11=00000000f248b704
R12=0000000000000004 R13=0000000007f09880 R14=0000000000000010 R15=0000000007f09980
RIP=0000000006cacc11 RFL=00000202 [-------] CPL=0 II=0 A20=1 SMM=0 HLT=0
ES =0030 0000000000000000 ffffffff 00cf9300 DPL=0 DS   [-WA]
CS =0038 0000000000000000 ffffffff 00af9a00 DPL=0 CS64 [-R-]
SS =0030 0000000000000000 ffffffff 00cf9300 DPL=0 DS   [-WA]
DS =0030 0000000000000000 ffffffff 00cf9300 DPL=0 DS   [-WA]
FS =0030 0000000000000000 ffffffff 00cf9300 DPL=0 DS   [-WA]
GS =0030 0000000000000000 ffffffff 00cf9300 DPL=0 DS   [-WA]
LDT=0000 0000000000000000 0000ffff 00008200 DPL=0 LDT
TR =0048 00000000075db058 00000067 00008900 DPL=0 TSS64-avl
GDT=     00000000075db000 00000057
IDT=     00000000070e8018 00000fff
CR0=80010033 CR2=0000000000000000 CR3=0000000007801000 CR4=00000668
DR0=0000000000000000 DR1=0000000000000000 DR2=0000000000000000 DR3=0000000000000000 
DR6=00000000ffff0ff0 DR7=0000000000000400
CCS=0000000000000000 CCD=00000000c0c43101 CCO=EFLAGS
EFER=0000000000000d00
Servicing hardware INT=0x20
   385: v=20 e=0000 i=0 cpl=0 IP=0038:0000000006cacc11 pc=0000000006cacc11 SP=0030:0000000007ee34b8 env->regs[R_EAX]=00000000c0c43101
RAX=00000000c0c43101 RBX=00000000070e7498 RCX=00000000070e7498 RDX=0000000000000000
RSI=0000000007f09980 RDI=44515fc33c8d294c RBP=0000000007ee3520 RSP=0000000007ee34b8
R8 =0000000007ee3620 R9 =00000000ea57c22c R10=00000000ca25c9c8 R11=000000002c4307f0
R12=0000000000000004 R13=0000000007f09880 R14=0000000000000010 R15=0000000007f09980
RIP=0000000006cacc11 RFL=00000202 [-------] CPL=0 II=0 A20=1 SMM=0 HLT=0
ES =0030 0000000000000000 ffffffff 00cf9300 DPL=0 DS   [-WA]
CS =0038 0000000000000000 ffffffff 00af9a00 DPL=0 CS64 [-R-]
SS =0030 0000000000000000 ffffffff 00cf9300 DPL=0 DS   [-WA]
DS =0030 0000000000000000 ffffffff 00cf9300 DPL=0 DS   [-WA]
FS =0030 0000000000000000 ffffffff 00cf9300 DPL=0 DS   [-WA]
GS =0030 0000000000000000 ffffffff 00cf9300 DPL=0 DS   [-WA]
LDT=0000 0000000000000000 0000ffff 00008200 DPL=0 LDT
TR =0048 00000000075db058 00000067 00008900 DPL=0 TSS64-avl
GDT=     00000000075db000 00000057
IDT=     00000000070e8018 00000fff
CR0=80010033 CR2=0000000000000000 CR3=0000000007801000 CR4=00000668
DR0=0000000000000000 DR1=0000000000000000 DR2=0000000000000000 DR3=0000000000000000 
DR6=00000000ffff0ff0 DR7=0000000000000400
CCS=0000000000000000 CCD=00000000c0c43101 CCO=EFLAGS
EFER=0000000000000d00
Servicing hardware INT=0x20
   386: v=20 e=0000 i=0 cpl=0 IP=0038:0000000006cacc11 pc=0000000006cacc11 SP=0030:0000000007ee34b8 env->regs[R_EAX]=00000000c0c43101
RAX=00000000c0c43101 RBX=00000000070e7498 RCX=00000000070e7498 RDX=0000000000000000
RSI=0000000007f09980 RDI=44515fc33c8d294c RBP=0000000007ee3520 RSP=0000000007ee34b8
R8 =0000000007ee3620 R9 =00000000ea57c22c R10=00000000ca25c9c8 R11=000000002c4307f0
R12=0000000000000004 R13=0000000007f09880 R14=0000000000000010 R15=0000000007f09980
RIP=0000000006cacc11 RFL=00000202 [-------] CPL=0 II=0 A20=1 SMM=0 HLT=0
ES =0030 0000000000000000 ffffffff 00cf9300 DPL=0 DS   [-WA]
CS =0038 0000000000000000 ffffffff 00af9a00 DPL=0 CS64 [-R-]
SS =0030 0000000000000000 ffffffff 00cf9300 DPL=0 DS   [-WA]
DS =0030 0000000000000000 ffffffff 00cf9300 DPL=0 DS   [-WA]
FS =0030 0000000000000000 ffffffff 00cf9300 DPL=0 DS   [-WA]
GS =0030 0000000000000000 ffffffff 00cf9300 DPL=0 DS   [-WA]
LDT=0000 0000000000000000 0000ffff 00008200 DPL=0 LDT
TR =0048 00000000075db058 00000067 00008900 DPL=0 TSS64-avl
GDT=     00000000075db000 00000057
IDT=     00000000070e8018 00000fff
CR0=80010033 CR2=0000000000000000 CR3=0000000007801000 CR4=00000668
DR0=0000000000000000 DR1=0000000000000000 DR2=0000000000000000 DR3=0000000000000000 
DR6=00000000ffff0ff0 DR7=0000000000000400
CCS=0000000000000000 CCD=00000000c0c43101 CCO=EFLAGS
EFER=0000000000000d00
Servicing hardware INT=0x20
   387: v=20 e=0000 i=0 cpl=0 IP=0038:0000000006cacc11 pc=0000000006cacc11 SP=0030:0000000007ee34b8 env->regs[R_EAX]=00000000c0c43101
RAX=00000000c0c43101 RBX=00000000070e7498 RCX=00000000070e7498 RDX=0000000000000000
RSI=0000000007f09980 RDI=44515fc33c8d294c RBP=0000000007ee3520 RSP=0000000007ee34b8
R8 =0000000007ee3620 R9 =00000000dc4e3ca5 R10=00000000ee1dac23 R11=000000008918905d
R12=0000000000000004 R13=0000000007f09880 R14=0000000000000010 R15=0000000007f09980
RIP=0000000006cacc11 RFL=00000202 [-------] CPL=0 II=0 A20=1 SMM=0 HLT=0
ES =0030 0000000000000000 ffffffff 00cf9300 DPL=0 DS   [-WA]
CS =0038 0000000000000000 ffffffff 00af9a00 DPL=0 CS64 [-R-]
SS =0030 0000000000000000 ffffffff 00cf9300 DPL=0 DS   [-WA]
DS =0030 0000000000000000 ffffffff 00cf9300 DPL=0 DS   [-WA]
FS =0030 0000000000000000 ffffffff 00cf9300 DPL=0 DS   [-WA]
GS =0030 0000000000000000 ffffffff 00cf9300 DPL=0 DS   [-WA]
LDT=0000 0000000000000000 0000ffff 00008200 DPL=0 LDT
TR =0048 00000000075db058 00000067 00008900 DPL=0 TSS64-avl
GDT=     00000000075db000 00000057
IDT=     00000000070e8018 00000fff
CR0=80010033 CR2=0000000000000000 CR3=0000000007801000 CR4=00000668
DR0=0000000000000000 DR1=0000000000000000 DR2=0000000000000000 DR3=0000000000000000 
DR6=00000000ffff0ff0 DR7=0000000000000400
CCS=0000000000000000 CCD=00000000c0c43101 CCO=EFLAGS
EFER=0000000000000d00
Servicing hardware INT=0x20
   388: v=20 e=0000 i=0 cpl=0 IP=0038:0000000006cacc11 pc=0000000006cacc11 SP=0030:0000000007ee34b8 env->regs[R_EAX]=00000000c0c43101
RAX=00000000c0c43101 RBX=00000000070e7498 RCX=00000000070e7498 RDX=0000000000000000
RSI=0000000007f09980 RDI=44515fc33c8d294c RBP=0000000007ee3520 RSP=0000000007ee34b8
R8 =0000000007ee3620 R9 =00000000dc4e3ca5 R10=00000000ee1dac23 R11=000000008918905d
R12=0000000000000004 R13=0000000007f09880 R14=0000000000000010 R15=0000000007f09980
RIP=0000000006cacc11 RFL=00000202 [-------] CPL=0 II=0 A20=1 SMM=0 HLT=0
ES =0030 0000000000000000 ffffffff 00cf9300 DPL=0 DS   [-WA]
CS =0038 0000000000000000 ffffffff 00af9a00 DPL=0 CS64 [-R-]
SS =0030 0000000000000000 ffffffff 00cf9300 DPL=0 DS   [-WA]
DS =0030 0000000000000000 ffffffff 00cf9300 DPL=0 DS   [-WA]
FS =0030 0000000000000000 ffffffff 00cf9300 DPL=0 DS   [-WA]
GS =0030 0000000000000000 ffffffff 00cf9300 DPL=0 DS   [-WA]
LDT=0000 0000000000000000 0000ffff 00008200 DPL=0 LDT
TR =0048 00000000075db058 00000067 00008900 DPL=0 TSS64-avl
GDT=     00000000075db000 00000057
IDT=     00000000070e8018 00000fff
CR0=80010033 CR2=0000000000000000 CR3=0000000007801000 CR4=00000668
DR0=0000000000000000 DR1=0000000000000000 DR2=0000000000000000 DR3=0000000000000000 
DR6=00000000ffff0ff0 DR7=0000000000000400
CCS=0000000000000000 CCD=00000000c0c43101 CCO=EFLAGS
EFER=0000000000000d00
Servicing hardware INT=0x20
   389: v=20 e=0000 i=0 cpl=0 IP=0038:0000000006cacc11 pc=0000000006cacc11 SP=0030:0000000007ee34b8 env->regs[R_EAX]=00000000c0c43101
RAX=00000000c0c43101 RBX=00000000070e7498 RCX=00000000070e7498 RDX=0000000000000000
RSI=0000000007f09980 RDI=44515fc33c8d294c RBP=0000000007ee3520 RSP=0000000007ee34b8
R8 =0000000007ee3620 R9 =00000000d7d549cc R10=00000000a910e7c6 R11=00000000debd5205
R12=0000000000000004 R13=0000000007f09880 R14=0000000000000010 R15=0000000007f09980
RIP=0000000006cacc11 RFL=00000202 [-------] CPL=0 II=0 A20=1 SMM=0 HLT=0
ES =0030 0000000000000000 ffffffff 00cf9300 DPL=0 DS   [-WA]
CS =0038 0000000000000000 ffffffff 00af9a00 DPL=0 CS64 [-R-]
SS =0030 0000000000000000 ffffffff 00cf9300 DPL=0 DS   [-WA]
DS =0030 0000000000000000 ffffffff 00cf9300 DPL=0 DS   [-WA]
FS =0030 0000000000000000 ffffffff 00cf9300 DPL=0 DS   [-WA]
GS =0030 0000000000000000 ffffffff 00cf9300 DPL=0 DS   [-WA]
LDT=0000 0000000000000000 0000ffff 00008200 DPL=0 LDT
TR =0048 00000000075db058 00000067 00008900 DPL=0 TSS64-avl
GDT=     00000000075db000 00000057
IDT=     00000000070e8018 00000fff
CR0=80010033 CR2=0000000000000000 CR3=0000000007801000 CR4=00000668
DR0=0000000000000000 DR1=0000000000000000 DR2=0000000000000000 DR3=0000000000000000 
DR6=00000000ffff0ff0 DR7=0000000000000400
CCS=0000000000000000 CCD=00000000c0c43101 CCO=EFLAGS
EFER=0000000000000d00
Servicing hardware INT=0x20
   390: v=20 e=0000 i=0 cpl=0 IP=0038:0000000006cacc11 pc=0000000006cacc11 SP=0030:0000000007ee34b8 env->regs[R_EAX]=00000000c0c43101
RAX=00000000c0c43101 RBX=00000000070e7498 RCX=00000000070e7498 RDX=0000000000000000
RSI=0000000007f09980 RDI=44515fc33c8d294c RBP=0000000007ee3520 RSP=0000000007ee34b8
R8 =0000000007ee3620 R9 =00000000d7d549cc R10=00000000a910e7c6 R11=00000000debd5205
R12=0000000000000004 R13=0000000007f09880 R14=0000000000000010 R15=0000000007f09980
RIP=0000000006cacc11 RFL=00000202 [-------] CPL=0 II=0 A20=1 SMM=0 HLT=0
ES =0030 0000000000000000 ffffffff 00cf9300 DPL=0 DS   [-WA]
CS =0038 0000000000000000 ffffffff 00af9a00 DPL=0 CS64 [-R-]
SS =0030 0000000000000000 ffffffff 00cf9300 DPL=0 DS   [-WA]
DS =0030 0000000000000000 ffffffff 00cf9300 DPL=0 DS   [-WA]
FS =0030 0000000000000000 ffffffff 00cf9300 DPL=0 DS   [-WA]
GS =0030 0000000000000000 ffffffff 00cf9300 DPL=0 DS   [-WA]
LDT=0000 0000000000000000 0000ffff 00008200 DPL=0 LDT
TR =0048 00000000075db058 00000067 00008900 DPL=0 TSS64-avl
GDT=     00000000075db000 00000057
IDT=     00000000070e8018 00000fff
CR0=80010033 CR2=0000000000000000 CR3=0000000007801000 CR4=00000668
DR0=0000000000000000 DR1=0000000000000000 DR2=0000000000000000 DR3=0000000000000000 
DR6=00000000ffff0ff0 DR7=0000000000000400
CCS=0000000000000000 CCD=00000000c0c43101 CCO=EFLAGS
EFER=0000000000000d00
Servicing hardware INT=0x20
   391: v=20 e=0000 i=0 cpl=0 IP=0038:0000000006cacc11 pc=0000000006cacc11 SP=0030:0000000007ee34b8 env->regs[R_EAX]=00000000c0c43101
RAX=00000000c0c43101 RBX=00000000070e7498 RCX=00000000070e7498 RDX=0000000000000000
RSI=0000000007f09980 RDI=44515fc33c8d294c RBP=0000000007ee3520 RSP=0000000007ee34b8
R8 =0000000007ee3620 R9 =00000000c23e1c13 R10=000000006f50ca54 R11=000000007546fa03
R12=0000000000000004 R13=0000000007f09880 R14=0000000000000010 R15=0000000007f09980
RIP=0000000006cacc11 RFL=00000202 [-------] CPL=0 II=0 A20=1 SMM=0 HLT=0
ES =0030 0000000000000000 ffffffff 00cf9300 DPL=0 DS   [-WA]
CS =0038 0000000000000000 ffffffff 00af9a00 DPL=0 CS64 [-R-]
SS =0030 0000000000000000 ffffffff 00cf9300 DPL=0 DS   [-WA]
DS =0030 0000000000000000 ffffffff 00cf9300 DPL=0 DS   [-WA]
FS =0030 0000000000000000 ffffffff 00cf9300 DPL=0 DS   [-WA]
GS =0030 0000000000000000 ffffffff 00cf9300 DPL=0 DS   [-WA]
LDT=0000 0000000000000000 0000ffff 00008200 DPL=0 LDT
TR =0048 00000000075db058 00000067 00008900 DPL=0 TSS64-avl
GDT=     00000000075db000 00000057
IDT=     00000000070e8018 00000fff
CR0=80010033 CR2=0000000000000000 CR3=0000000007801000 CR4=00000668
DR0=0000000000000000 DR1=0000000000000000 DR2=0000000000000000 DR3=0000000000000000 
DR6=00000000ffff0ff0 DR7=0000000000000400
CCS=0000000000000000 CCD=00000000c0c43101 CCO=EFLAGS
EFER=0000000000000d00
Servicing hardware INT=0x20
   392: v=20 e=0000 i=0 cpl=0 IP=0038:0000000006cacc11 pc=0000000006cacc11 SP=0030:0000000007ee34b8 env->regs[R_EAX]=00000000c0c43101
RAX=00000000c0c43101 RBX=00000000070e7498 RCX=00000000070e7498 RDX=0000000000000000
RSI=0000000007f09980 RDI=44515fc33c8d294c RBP=0000000007ee3520 RSP=0000000007ee34b8
R8 =0000000007ee3620 R9 =00000000c23e1c13 R10=000000006f50ca54 R11=000000007546fa03
R12=0000000000000004 R13=0000000007f09880 R14=0000000000000010 R15=0000000007f09980
RIP=0000000006cacc11 RFL=00000202 [-------] CPL=0 II=0 A20=1 SMM=0 HLT=0
ES =0030 0000000000000000 ffffffff 00cf9300 DPL=0 DS   [-WA]
CS =0038 0000000000000000 ffffffff 00af9a00 DPL=0 CS64 [-R-]
SS =0030 0000000000000000 ffffffff 00cf9300 DPL=0 DS   [-WA]
DS =0030 0000000000000000 ffffffff 00cf9300 DPL=0 DS   [-WA]
FS =0030 0000000000000000 ffffffff 00cf9300 DPL=0 DS   [-WA]
GS =0030 0000000000000000 ffffffff 00cf9300 DPL=0 DS   [-WA]
LDT=0000 0000000000000000 0000ffff 00008200 DPL=0 LDT
TR =0048 00000000075db058 00000067 00008900 DPL=0 TSS64-avl
GDT=     00000000075db000 00000057
IDT=     00000000070e8018 00000fff
CR0=80010033 CR2=0000000000000000 CR3=0000000007801000 CR4=00000668
DR0=0000000000000000 DR1=0000000000000000 DR2=0000000000000000 DR3=0000000000000000 
DR6=00000000ffff0ff0 DR7=0000000000000400
CCS=0000000000000000 CCD=00000000c0c43101 CCO=EFLAGS
EFER=0000000000000d00
Servicing hardware INT=0x20
   393: v=20 e=0000 i=0 cpl=0 IP=0038:0000000006cacc11 pc=0000000006cacc11 SP=0030:0000000007ee34b8 env->regs[R_EAX]=00000000c0c43101
RAX=00000000c0c43101 RBX=00000000070e7498 RCX=00000000070e7498 RDX=0000000000000000
RSI=0000000007f09980 RDI=44515fc33c8d294c RBP=0000000007ee3520 RSP=0000000007ee34b8
R8 =0000000007ee3620 R9 =0000000058d9ba47 R10=00000000ae36603e R11=00000000beee1b87
R12=0000000000000004 R13=0000000007f09880 R14=0000000000000010 R15=0000000007f09980
RIP=0000000006cacc11 RFL=00000202 [-------] CPL=0 II=0 A20=1 SMM=0 HLT=0
ES =0030 0000000000000000 ffffffff 00cf9300 DPL=0 DS   [-WA]
CS =0038 0000000000000000 ffffffff 00af9a00 DPL=0 CS64 [-R-]
SS =0030 0000000000000000 ffffffff 00cf9300 DPL=0 DS   [-WA]
DS =0030 0000000000000000 ffffffff 00cf9300 DPL=0 DS   [-WA]
FS =0030 0000000000000000 ffffffff 00cf9300 DPL=0 DS   [-WA]
GS =0030 0000000000000000 ffffffff 00cf9300 DPL=0 DS   [-WA]
LDT=0000 0000000000000000 0000ffff 00008200 DPL=0 LDT
TR =0048 00000000075db058 00000067 00008900 DPL=0 TSS64-avl
GDT=     00000000075db000 00000057
IDT=     00000000070e8018 00000fff
CR0=80010033 CR2=0000000000000000 CR3=0000000007801000 CR4=00000668
DR0=0000000000000000 DR1=0000000000000000 DR2=0000000000000000 DR3=0000000000000000 
DR6=00000000ffff0ff0 DR7=0000000000000400
CCS=0000000000000000 CCD=00000000c0c43101 CCO=EFLAGS
EFER=0000000000000d00
Servicing hardware INT=0x20
   394: v=20 e=0000 i=0 cpl=0 IP=0038:0000000006cacc11 pc=0000000006cacc11 SP=0030:0000000007ee34b8 env->regs[R_EAX]=00000000c0c43101
RAX=00000000c0c43101 RBX=00000000070e7498 RCX=00000000070e7498 RDX=0000000000000000
RSI=0000000007f09980 RDI=44515fc33c8d294c RBP=0000000007ee3520 RSP=0000000007ee34b8
R8 =0000000007ee3620 R9 =0000000058d9ba47 R10=00000000ae36603e R11=00000000beee1b87
R12=0000000000000004 R13=0000000007f09880 R14=0000000000000010 R15=0000000007f09980
RIP=0000000006cacc11 RFL=00000202 [-------] CPL=0 II=0 A20=1 SMM=0 HLT=0
ES =0030 0000000000000000 ffffffff 00cf9300 DPL=0 DS   [-WA]
CS =0038 0000000000000000 ffffffff 00af9a00 DPL=0 CS64 [-R-]
SS =0030 0000000000000000 ffffffff 00cf9300 DPL=0 DS   [-WA]
DS =0030 0000000000000000 ffffffff 00cf9300 DPL=0 DS   [-WA]
FS =0030 0000000000000000 ffffffff 00cf9300 DPL=0 DS   [-WA]
GS =0030 0000000000000000 ffffffff 00cf9300 DPL=0 DS   [-WA]
LDT=0000 0000000000000000 0000ffff 00008200 DPL=0 LDT
TR =0048 00000000075db058 00000067 00008900 DPL=0 TSS64-avl
GDT=     00000000075db000 00000057
IDT=     00000000070e8018 00000fff
CR0=80010033 CR2=0000000000000000 CR3=0000000007801000 CR4=00000668
DR0=0000000000000000 DR1=0000000000000000 DR2=0000000000000000 DR3=0000000000000000 
DR6=00000000ffff0ff0 DR7=0000000000000400
CCS=0000000000000000 CCD=00000000c0c43101 CCO=EFLAGS
EFER=0000000000000d00
Servicing hardware INT=0x20
   395: v=20 e=0000 i=0 cpl=0 IP=0038:0000000006cacc11 pc=0000000006cacc11 SP=0030:0000000007ee34b8 env->regs[R_EAX]=00000000c0c43101
RAX=00000000c0c43101 RBX=00000000070e7498 RCX=00000000070e7498 RDX=0000000000000000
RSI=0000000007f09980 RDI=44515fc33c8d294c RBP=0000000007ee3520 RSP=0000000007ee34b8
R8 =0000000007ee3620 R9 =000000000d9eff40 R10=000000008303cbf4 R11=000000001a471a56
R12=0000000000000004 R13=0000000007f09880 R14=0000000000000010 R15=0000000007f09980
RIP=0000000006cacc11 RFL=00000202 [-------] CPL=0 II=0 A20=1 SMM=0 HLT=0
ES =0030 0000000000000000 ffffffff 00cf9300 DPL=0 DS   [-WA]
CS =0038 0000000000000000 ffffffff 00af9a00 DPL=0 CS64 [-R-]
SS =0030 0000000000000000 ffffffff 00cf9300 DPL=0 DS   [-WA]
DS =0030 0000000000000000 ffffffff 00cf9300 DPL=0 DS   [-WA]
FS =0030 0000000000000000 ffffffff 00cf9300 DPL=0 DS   [-WA]
GS =0030 0000000000000000 ffffffff 00cf9300 DPL=0 DS   [-WA]
LDT=0000 0000000000000000 0000ffff 00008200 DPL=0 LDT
TR =0048 00000000075db058 00000067 00008900 DPL=0 TSS64-avl
GDT=     00000000075db000 00000057
IDT=     00000000070e8018 00000fff
CR0=80010033 CR2=0000000000000000 CR3=0000000007801000 CR4=00000668
DR0=0000000000000000 DR1=0000000000000000 DR2=0000000000000000 DR3=0000000000000000 
DR6=00000000ffff0ff0 DR7=0000000000000400
CCS=0000000000000000 CCD=00000000c0c43101 CCO=EFLAGS
EFER=0000000000000d00
Servicing hardware INT=0x20
   396: v=20 e=0000 i=0 cpl=0 IP=0038:0000000006cacc11 pc=0000000006cacc11 SP=0030:0000000007ee34b8 env->regs[R_EAX]=00000000c0c43101
RAX=00000000c0c43101 RBX=00000000070e7498 RCX=00000000070e7498 RDX=0000000000000000
RSI=0000000007f09980 RDI=44515fc33c8d294c RBP=0000000007ee3520 RSP=0000000007ee34b8
R8 =0000000007ee3620 R9 =000000000d9eff40 R10=000000008303cbf4 R11=000000001a471a56
R12=0000000000000004 R13=0000000007f09880 R14=0000000000000010 R15=0000000007f09980
RIP=0000000006cacc11 RFL=00000202 [-------] CPL=0 II=0 A20=1 SMM=0 HLT=0
ES =0030 0000000000000000 ffffffff 00cf9300 DPL=0 DS   [-WA]
CS =0038 0000000000000000 ffffffff 00af9a00 DPL=0 CS64 [-R-]
SS =0030 0000000000000000 ffffffff 00cf9300 DPL=0 DS   [-WA]
DS =0030 0000000000000000 ffffffff 00cf9300 DPL=0 DS   [-WA]
FS =0030 0000000000000000 ffffffff 00cf9300 DPL=0 DS   [-WA]
GS =0030 0000000000000000 ffffffff 00cf9300 DPL=0 DS   [-WA]
LDT=0000 0000000000000000 0000ffff 00008200 DPL=0 LDT
TR =0048 00000000075db058 00000067 00008900 DPL=0 TSS64-avl
GDT=     00000000075db000 00000057
IDT=     00000000070e8018 00000fff
CR0=80010033 CR2=0000000000000000 CR3=0000000007801000 CR4=00000668
DR0=0000000000000000 DR1=0000000000000000 DR2=0000000000000000 DR3=0000000000000000 
DR6=00000000ffff0ff0 DR7=0000000000000400
CCS=0000000000000000 CCD=00000000c0c43101 CCO=EFLAGS
EFER=0000000000000d00
Servicing hardware INT=0x20
   397: v=20 e=0000 i=0 cpl=0 IP=0038:0000000006cacc11 pc=0000000006cacc11 SP=0030:0000000007ee34b8 env->regs[R_EAX]=00000000c0c43101
RAX=00000000c0c43101 RBX=00000000070e7498 RCX=00000000070e7498 RDX=0000000000000000
RSI=0000000007f09980 RDI=44515fc33c8d294c RBP=0000000007ee3520 RSP=0000000007ee34b8
R8 =0000000007ee3620 R9 =00000000226e98e1 R10=0000000076d24dee R11=000000004371db93
R12=0000000000000004 R13=0000000007f09880 R14=0000000000000010 R15=0000000007f09980
RIP=0000000006cacc11 RFL=00000202 [-------] CPL=0 II=0 A20=1 SMM=0 HLT=0
ES =0030 0000000000000000 ffffffff 00cf9300 DPL=0 DS   [-WA]
CS =0038 0000000000000000 ffffffff 00af9a00 DPL=0 CS64 [-R-]
SS =0030 0000000000000000 ffffffff 00cf9300 DPL=0 DS   [-WA]
DS =0030 0000000000000000 ffffffff 00cf9300 DPL=0 DS   [-WA]
FS =0030 0000000000000000 ffffffff 00cf9300 DPL=0 DS   [-WA]
GS =0030 0000000000000000 ffffffff 00cf9300 DPL=0 DS   [-WA]
LDT=0000 0000000000000000 0000ffff 00008200 DPL=0 LDT
TR =0048 00000000075db058 00000067 00008900 DPL=0 TSS64-avl
GDT=     00000000075db000 00000057
IDT=     00000000070e8018 00000fff
CR0=80010033 CR2=0000000000000000 CR3=0000000007801000 CR4=00000668
DR0=0000000000000000 DR1=0000000000000000 DR2=0000000000000000 DR3=0000000000000000 
DR6=00000000ffff0ff0 DR7=0000000000000400
CCS=0000000000000000 CCD=00000000c0c43101 CCO=EFLAGS
EFER=0000000000000d00
Servicing hardware INT=0x20
   398: v=20 e=0000 i=0 cpl=0 IP=0038:0000000006cacc11 pc=0000000006cacc11 SP=0030:0000000007ee34b8 env->regs[R_EAX]=00000000c0c43101
RAX=00000000c0c43101 RBX=00000000070e7498 RCX=00000000070e7498 RDX=0000000000000000
RSI=0000000007f09980 RDI=44515fc33c8d294c RBP=0000000007ee3520 RSP=0000000007ee34b8
R8 =0000000007ee3620 R9 =00000000226e98e1 R10=0000000076d24dee R11=000000004371db93
R12=0000000000000004 R13=0000000007f09880 R14=0000000000000010 R15=0000000007f09980
RIP=0000000006cacc11 RFL=00000202 [-------] CPL=0 II=0 A20=1 SMM=0 HLT=0
ES =0030 0000000000000000 ffffffff 00cf9300 DPL=0 DS   [-WA]
CS =0038 0000000000000000 ffffffff 00af9a00 DPL=0 CS64 [-R-]
SS =0030 0000000000000000 ffffffff 00cf9300 DPL=0 DS   [-WA]
DS =0030 0000000000000000 ffffffff 00cf9300 DPL=0 DS   [-WA]
FS =0030 0000000000000000 ffffffff 00cf9300 DPL=0 DS   [-WA]
GS =0030 0000000000000000 ffffffff 00cf9300 DPL=0 DS   [-WA]
LDT=0000 0000000000000000 0000ffff 00008200 DPL=0 LDT
TR =0048 00000000075db058 00000067 00008900 DPL=0 TSS64-avl
GDT=     00000000075db000 00000057
IDT=     00000000070e8018 00000fff
CR0=80010033 CR2=0000000000000000 CR3=0000000007801000 CR4=00000668
DR0=0000000000000000 DR1=0000000000000000 DR2=0000000000000000 DR3=0000000000000000 
DR6=00000000ffff0ff0 DR7=0000000000000400
CCS=0000000000000000 CCD=00000000c0c43101 CCO=EFLAGS
EFER=0000000000000d00
Servicing hardware INT=0x20
   399: v=20 e=0000 i=0 cpl=0 IP=0038:0000000006cacc11 pc=0000000006cacc11 SP=0030:0000000007ee34b8 env->regs[R_EAX]=00000000c0c43101
RAX=00000000c0c43101 RBX=00000000070e7498 RCX=00000000070e7498 RDX=0000000000000000
RSI=0000000007f09980 RDI=44515fc33c8d294c RBP=0000000007ee3520 RSP=0000000007ee34b8
R8 =0000000007ee3620 R9 =00000000dc35fc2a R10=00000000b88747c6 R11=000000003f1e646d
R12=0000000000000004 R13=0000000007f09880 R14=0000000000000010 R15=0000000007f09980
RIP=0000000006cacc11 RFL=00000202 [-------] CPL=0 II=0 A20=1 SMM=0 HLT=0
ES =0030 0000000000000000 ffffffff 00cf9300 DPL=0 DS   [-WA]
CS =0038 0000000000000000 ffffffff 00af9a00 DPL=0 CS64 [-R-]
SS =0030 0000000000000000 ffffffff 00cf9300 DPL=0 DS   [-WA]
DS =0030 0000000000000000 ffffffff 00cf9300 DPL=0 DS   [-WA]
FS =0030 0000000000000000 ffffffff 00cf9300 DPL=0 DS   [-WA]
GS =0030 0000000000000000 ffffffff 00cf9300 DPL=0 DS   [-WA]
LDT=0000 0000000000000000 0000ffff 00008200 DPL=0 LDT
TR =0048 00000000075db058 00000067 00008900 DPL=0 TSS64-avl
GDT=     00000000075db000 00000057
IDT=     00000000070e8018 00000fff
CR0=80010033 CR2=0000000000000000 CR3=0000000007801000 CR4=00000668
DR0=0000000000000000 DR1=0000000000000000 DR2=0000000000000000 DR3=0000000000000000 
DR6=00000000ffff0ff0 DR7=0000000000000400
CCS=0000000000000000 CCD=00000000c0c43101 CCO=EFLAGS
EFER=0000000000000d00
Servicing hardware INT=0x20
   400: v=20 e=0000 i=0 cpl=0 IP=0038:0000000006cacc11 pc=0000000006cacc11 SP=0030:0000000007ee34b8 env->regs[R_EAX]=00000000c0c43101
RAX=00000000c0c43101 RBX=00000000070e7498 RCX=00000000070e7498 RDX=0000000000000000
RSI=0000000007f09980 RDI=44515fc33c8d294c RBP=0000000007ee3520 RSP=0000000007ee34b8
R8 =0000000007ee3620 R9 =00000000dc35fc2a R10=00000000b88747c6 R11=000000003f1e646d
R12=0000000000000004 R13=0000000007f09880 R14=0000000000000010 R15=0000000007f09980
RIP=0000000006cacc11 RFL=00000202 [-------] CPL=0 II=0 A20=1 SMM=0 HLT=0
ES =0030 0000000000000000 ffffffff 00cf9300 DPL=0 DS   [-WA]
CS =0038 0000000000000000 ffffffff 00af9a00 DPL=0 CS64 [-R-]
SS =0030 0000000000000000 ffffffff 00cf9300 DPL=0 DS   [-WA]
DS =0030 0000000000000000 ffffffff 00cf9300 DPL=0 DS   [-WA]
FS =0030 0000000000000000 ffffffff 00cf9300 DPL=0 DS   [-WA]
GS =0030 0000000000000000 ffffffff 00cf9300 DPL=0 DS   [-WA]
LDT=0000 0000000000000000 0000ffff 00008200 DPL=0 LDT
TR =0048 00000000075db058 00000067 00008900 DPL=0 TSS64-avl
GDT=     00000000075db000 00000057
IDT=     00000000070e8018 00000fff
CR0=80010033 CR2=0000000000000000 CR3=0000000007801000 CR4=00000668
DR0=0000000000000000 DR1=0000000000000000 DR2=0000000000000000 DR3=0000000000000000 
DR6=00000000ffff0ff0 DR7=0000000000000400
CCS=0000000000000000 CCD=00000000c0c43101 CCO=EFLAGS
EFER=0000000000000d00
Servicing hardware INT=0x20
   401: v=20 e=0000 i=0 cpl=0 IP=0038:0000000006cacc11 pc=0000000006cacc11 SP=0030:0000000007ee34b8 env->regs[R_EAX]=00000000c0c43101
RAX=00000000c0c43101 RBX=00000000070e7498 RCX=00000000070e7498 RDX=0000000000000000
RSI=0000000007f09980 RDI=44515fc33c8d294c RBP=0000000007ee3520 RSP=0000000007ee34b8
R8 =0000000007ee3620 R9 =00000000af347dbf R10=00000000e7803a31 R11=00000000d3879d52
R12=0000000000000004 R13=0000000007f09880 R14=0000000000000010 R15=0000000007f09980
RIP=0000000006cacc11 RFL=00000202 [-------] CPL=0 II=0 A20=1 SMM=0 HLT=0
ES =0030 0000000000000000 ffffffff 00cf9300 DPL=0 DS   [-WA]
CS =0038 0000000000000000 ffffffff 00af9a00 DPL=0 CS64 [-R-]
SS =0030 0000000000000000 ffffffff 00cf9300 DPL=0 DS   [-WA]
DS =0030 0000000000000000 ffffffff 00cf9300 DPL=0 DS   [-WA]
FS =0030 0000000000000000 ffffffff 00cf9300 DPL=0 DS   [-WA]
GS =0030 0000000000000000 ffffffff 00cf9300 DPL=0 DS   [-WA]
LDT=0000 0000000000000000 0000ffff 00008200 DPL=0 LDT
TR =0048 00000000075db058 00000067 00008900 DPL=0 TSS64-avl
GDT=     00000000075db000 00000057
IDT=     00000000070e8018 00000fff
CR0=80010033 CR2=0000000000000000 CR3=0000000007801000 CR4=00000668
DR0=0000000000000000 DR1=0000000000000000 DR2=0000000000000000 DR3=0000000000000000 
DR6=00000000ffff0ff0 DR7=0000000000000400
CCS=0000000000000000 CCD=00000000c0c43101 CCO=EFLAGS
EFER=0000000000000d00
Servicing hardware INT=0x20
   402: v=20 e=0000 i=0 cpl=0 IP=0038:0000000006cacc11 pc=0000000006cacc11 SP=0030:0000000007ee34b8 env->regs[R_EAX]=00000000c0c43101
RAX=00000000c0c43101 RBX=00000000070e7498 RCX=00000000070e7498 RDX=0000000000000000
RSI=0000000007f09980 RDI=44515fc33c8d294c RBP=0000000007ee3520 RSP=0000000007ee34b8
R8 =0000000007ee3620 R9 =00000000af347dbf R10=00000000e7803a31 R11=00000000d3879d52
R12=0000000000000004 R13=0000000007f09880 R14=0000000000000010 R15=0000000007f09980
RIP=0000000006cacc11 RFL=00000202 [-------] CPL=0 II=0 A20=1 SMM=0 HLT=0
ES =0030 0000000000000000 ffffffff 00cf9300 DPL=0 DS   [-WA]
CS =0038 0000000000000000 ffffffff 00af9a00 DPL=0 CS64 [-R-]
SS =0030 0000000000000000 ffffffff 00cf9300 DPL=0 DS   [-WA]
DS =0030 0000000000000000 ffffffff 00cf9300 DPL=0 DS   [-WA]
FS =0030 0000000000000000 ffffffff 00cf9300 DPL=0 DS   [-WA]
GS =0030 0000000000000000 ffffffff 00cf9300 DPL=0 DS   [-WA]
LDT=0000 0000000000000000 0000ffff 00008200 DPL=0 LDT
TR =0048 00000000075db058 00000067 00008900 DPL=0 TSS64-avl
GDT=     00000000075db000 00000057
IDT=     00000000070e8018 00000fff
CR0=80010033 CR2=0000000000000000 CR3=0000000007801000 CR4=00000668
DR0=0000000000000000 DR1=0000000000000000 DR2=0000000000000000 DR3=0000000000000000 
DR6=00000000ffff0ff0 DR7=0000000000000400
CCS=0000000000000000 CCD=00000000c0c43101 CCO=EFLAGS
EFER=0000000000000d00
Servicing hardware INT=0x20
   403: v=20 e=0000 i=0 cpl=0 IP=0038:0000000006cacc11 pc=0000000006cacc11 SP=0030:0000000007ee34b8 env->regs[R_EAX]=00000000c0c43101
RAX=00000000c0c43101 RBX=00000000070e7498 RCX=00000000070e7498 RDX=0000000000000000
RSI=0000000007f09980 RDI=44515fc33c8d294c RBP=0000000007ee3520 RSP=0000000007ee34b8
R8 =0000000007ee3620 R9 =00000000b2b5cc28 R10=00000000c6309a96 R11=00000000d8016bce
R12=0000000000000004 R13=0000000007f09880 R14=0000000000000010 R15=0000000007f09980
RIP=0000000006cacc11 RFL=00000202 [-------] CPL=0 II=0 A20=1 SMM=0 HLT=0
ES =0030 0000000000000000 ffffffff 00cf9300 DPL=0 DS   [-WA]
CS =0038 0000000000000000 ffffffff 00af9a00 DPL=0 CS64 [-R-]
SS =0030 0000000000000000 ffffffff 00cf9300 DPL=0 DS   [-WA]
DS =0030 0000000000000000 ffffffff 00cf9300 DPL=0 DS   [-WA]
FS =0030 0000000000000000 ffffffff 00cf9300 DPL=0 DS   [-WA]
GS =0030 0000000000000000 ffffffff 00cf9300 DPL=0 DS   [-WA]
LDT=0000 0000000000000000 0000ffff 00008200 DPL=0 LDT
TR =0048 00000000075db058 00000067 00008900 DPL=0 TSS64-avl
GDT=     00000000075db000 00000057
IDT=     00000000070e8018 00000fff
CR0=80010033 CR2=0000000000000000 CR3=0000000007801000 CR4=00000668
DR0=0000000000000000 DR1=0000000000000000 DR2=0000000000000000 DR3=0000000000000000 
DR6=00000000ffff0ff0 DR7=0000000000000400
CCS=0000000000000000 CCD=00000000c0c43101 CCO=EFLAGS
EFER=0000000000000d00
Servicing hardware INT=0x20
   404: v=20 e=0000 i=0 cpl=0 IP=0038:0000000006cacc11 pc=0000000006cacc11 SP=0030:0000000007ee34b8 env->regs[R_EAX]=00000000c0c43101
RAX=00000000c0c43101 RBX=00000000070e7498 RCX=00000000070e7498 RDX=0000000000000000
RSI=0000000007f09980 RDI=44515fc33c8d294c RBP=0000000007ee3520 RSP=0000000007ee34b8
R8 =0000000007ee3620 R9 =00000000b2b5cc28 R10=00000000c6309a96 R11=00000000d8016bce
R12=0000000000000004 R13=0000000007f09880 R14=0000000000000010 R15=0000000007f09980
RIP=0000000006cacc11 RFL=00000202 [-------] CPL=0 II=0 A20=1 SMM=0 HLT=0
ES =0030 0000000000000000 ffffffff 00cf9300 DPL=0 DS   [-WA]
CS =0038 0000000000000000 ffffffff 00af9a00 DPL=0 CS64 [-R-]
SS =0030 0000000000000000 ffffffff 00cf9300 DPL=0 DS   [-WA]
DS =0030 0000000000000000 ffffffff 00cf9300 DPL=0 DS   [-WA]
FS =0030 0000000000000000 ffffffff 00cf9300 DPL=0 DS   [-WA]
GS =0030 0000000000000000 ffffffff 00cf9300 DPL=0 DS   [-WA]
LDT=0000 0000000000000000 0000ffff 00008200 DPL=0 LDT
TR =0048 00000000075db058 00000067 00008900 DPL=0 TSS64-avl
GDT=     00000000075db000 00000057
IDT=     00000000070e8018 00000fff
CR0=80010033 CR2=0000000000000000 CR3=0000000007801000 CR4=00000668
DR0=0000000000000000 DR1=0000000000000000 DR2=0000000000000000 DR3=0000000000000000 
DR6=00000000ffff0ff0 DR7=0000000000000400
CCS=0000000000000000 CCD=00000000c0c43101 CCO=EFLAGS
EFER=0000000000000d00
Servicing hardware INT=0x20
   405: v=20 e=0000 i=0 cpl=0 IP=0038:0000000006cacc11 pc=0000000006cacc11 SP=0030:0000000007ee34b8 env->regs[R_EAX]=00000000c0c43101
RAX=00000000c0c43101 RBX=00000000070e7498 RCX=00000000070e7498 RDX=0000000000000000
RSI=0000000007f09980 RDI=44515fc33c8d294c RBP=0000000007ee3520 RSP=0000000007ee34b8
R8 =0000000007ee3620 R9 =000000006a7b8851 R10=00000000166884e2 R11=0000000030c1547c
R12=0000000000000004 R13=0000000007f09880 R14=0000000000000010 R15=0000000007f09980
RIP=0000000006cacc11 RFL=00000202 [-------] CPL=0 II=0 A20=1 SMM=0 HLT=0
ES =0030 0000000000000000 ffffffff 00cf9300 DPL=0 DS   [-WA]
CS =0038 0000000000000000 ffffffff 00af9a00 DPL=0 CS64 [-R-]
SS =0030 0000000000000000 ffffffff 00cf9300 DPL=0 DS   [-WA]
DS =0030 0000000000000000 ffffffff 00cf9300 DPL=0 DS   [-WA]
FS =0030 0000000000000000 ffffffff 00cf9300 DPL=0 DS   [-WA]
GS =0030 0000000000000000 ffffffff 00cf9300 DPL=0 DS   [-WA]
LDT=0000 0000000000000000 0000ffff 00008200 DPL=0 LDT
TR =0048 00000000075db058 00000067 00008900 DPL=0 TSS64-avl
GDT=     00000000075db000 00000057
IDT=     00000000070e8018 00000fff
CR0=80010033 CR2=0000000000000000 CR3=0000000007801000 CR4=00000668
DR0=0000000000000000 DR1=0000000000000000 DR2=0000000000000000 DR3=0000000000000000 
DR6=00000000ffff0ff0 DR7=0000000000000400
CCS=0000000000000000 CCD=00000000c0c43101 CCO=EFLAGS
EFER=0000000000000d00
Servicing hardware INT=0x20
   406: v=20 e=0000 i=0 cpl=0 IP=0038:0000000006cacc11 pc=0000000006cacc11 SP=0030:0000000007ee34b8 env->regs[R_EAX]=00000000c0c43101
RAX=00000000c0c43101 RBX=00000000070e7498 RCX=00000000070e7498 RDX=0000000000000000
RSI=0000000007f09980 RDI=44515fc33c8d294c RBP=0000000007ee3520 RSP=0000000007ee34b8
R8 =0000000007ee3620 R9 =000000006a7b8851 R10=00000000166884e2 R11=0000000030c1547c
R12=0000000000000004 R13=0000000007f09880 R14=0000000000000010 R15=0000000007f09980
RIP=0000000006cacc11 RFL=00000202 [-------] CPL=0 II=0 A20=1 SMM=0 HLT=0
ES =0030 0000000000000000 ffffffff 00cf9300 DPL=0 DS   [-WA]
CS =0038 0000000000000000 ffffffff 00af9a00 DPL=0 CS64 [-R-]
SS =0030 0000000000000000 ffffffff 00cf9300 DPL=0 DS   [-WA]
DS =0030 0000000000000000 ffffffff 00cf9300 DPL=0 DS   [-WA]
FS =0030 0000000000000000 ffffffff 00cf9300 DPL=0 DS   [-WA]
GS =0030 0000000000000000 ffffffff 00cf9300 DPL=0 DS   [-WA]
LDT=0000 0000000000000000 0000ffff 00008200 DPL=0 LDT
TR =0048 00000000075db058 00000067 00008900 DPL=0 TSS64-avl
GDT=     00000000075db000 00000057
IDT=     00000000070e8018 00000fff
CR0=80010033 CR2=0000000000000000 CR3=0000000007801000 CR4=00000668
DR0=0000000000000000 DR1=0000000000000000 DR2=0000000000000000 DR3=0000000000000000 
DR6=00000000ffff0ff0 DR7=0000000000000400
CCS=0000000000000000 CCD=00000000c0c43101 CCO=EFLAGS
EFER=0000000000000d00
Servicing hardware INT=0x20
   407: v=20 e=0000 i=0 cpl=0 IP=0038:0000000006cacc11 pc=0000000006cacc11 SP=0030:0000000007ee34b8 env->regs[R_EAX]=00000000c0c43101
RAX=00000000c0c43101 RBX=00000000070e7498 RCX=00000000070e7498 RDX=0000000000000000
RSI=0000000007f09980 RDI=44515fc33c8d294c RBP=0000000007ee3520 RSP=0000000007ee34b8
R8 =0000000007ee3620 R9 =00000000bcb23f48 R10=000000001bc7cd2f R11=00000000b61ce0c9
R12=0000000000000004 R13=0000000007f09880 R14=0000000000000010 R15=0000000007f09980
RIP=0000000006cacc11 RFL=00000202 [-------] CPL=0 II=0 A20=1 SMM=0 HLT=0
ES =0030 0000000000000000 ffffffff 00cf9300 DPL=0 DS   [-WA]
CS =0038 0000000000000000 ffffffff 00af9a00 DPL=0 CS64 [-R-]
SS =0030 0000000000000000 ffffffff 00cf9300 DPL=0 DS   [-WA]
DS =0030 0000000000000000 ffffffff 00cf9300 DPL=0 DS   [-WA]
FS =0030 0000000000000000 ffffffff 00cf9300 DPL=0 DS   [-WA]
GS =0030 0000000000000000 ffffffff 00cf9300 DPL=0 DS   [-WA]
LDT=0000 0000000000000000 0000ffff 00008200 DPL=0 LDT
TR =0048 00000000075db058 00000067 00008900 DPL=0 TSS64-avl
GDT=     00000000075db000 00000057
IDT=     00000000070e8018 00000fff
CR0=80010033 CR2=0000000000000000 CR3=0000000007801000 CR4=00000668
DR0=0000000000000000 DR1=0000000000000000 DR2=0000000000000000 DR3=0000000000000000 
DR6=00000000ffff0ff0 DR7=0000000000000400
CCS=0000000000000000 CCD=00000000c0c43101 CCO=EFLAGS
EFER=0000000000000d00
Servicing hardware INT=0x20
   408: v=20 e=0000 i=0 cpl=0 IP=0038:0000000006cacc11 pc=0000000006cacc11 SP=0030:0000000007ee34b8 env->regs[R_EAX]=00000000c0c43101
RAX=00000000c0c43101 RBX=00000000070e7498 RCX=00000000070e7498 RDX=0000000000000000
RSI=0000000007f09980 RDI=44515fc33c8d294c RBP=0000000007ee3520 RSP=0000000007ee34b8
R8 =0000000007ee3620 R9 =00000000bcb23f48 R10=000000001bc7cd2f R11=00000000b61ce0c9
R12=0000000000000004 R13=0000000007f09880 R14=0000000000000010 R15=0000000007f09980
RIP=0000000006cacc11 RFL=00000202 [-------] CPL=0 II=0 A20=1 SMM=0 HLT=0
ES =0030 0000000000000000 ffffffff 00cf9300 DPL=0 DS   [-WA]
CS =0038 0000000000000000 ffffffff 00af9a00 DPL=0 CS64 [-R-]
SS =0030 0000000000000000 ffffffff 00cf9300 DPL=0 DS   [-WA]
DS =0030 0000000000000000 ffffffff 00cf9300 DPL=0 DS   [-WA]
FS =0030 0000000000000000 ffffffff 00cf9300 DPL=0 DS   [-WA]
GS =0030 0000000000000000 ffffffff 00cf9300 DPL=0 DS   [-WA]
LDT=0000 0000000000000000 0000ffff 00008200 DPL=0 LDT
TR =0048 00000000075db058 00000067 00008900 DPL=0 TSS64-avl
GDT=     00000000075db000 00000057
IDT=     00000000070e8018 00000fff
CR0=80010033 CR2=0000000000000000 CR3=0000000007801000 CR4=00000668
DR0=0000000000000000 DR1=0000000000000000 DR2=0000000000000000 DR3=0000000000000000 
DR6=00000000ffff0ff0 DR7=0000000000000400
CCS=0000000000000000 CCD=00000000c0c43101 CCO=EFLAGS
EFER=0000000000000d00
Servicing hardware INT=0x20
   409: v=20 e=0000 i=0 cpl=0 IP=0038:0000000006cacc11 pc=0000000006cacc11 SP=0030:0000000007ee34b8 env->regs[R_EAX]=00000000c0c43101
RAX=00000000c0c43101 RBX=00000000070e7498 RCX=00000000070e7498 RDX=0000000000000000
RSI=0000000007f09980 RDI=44515fc33c8d294c RBP=0000000007ee3520 RSP=0000000007ee34b8
R8 =0000000007ee3620 R9 =00000000aef9b8c9 R10=000000001a40aea0 R11=0000000038d53d89
R12=0000000000000004 R13=0000000007f09880 R14=0000000000000010 R15=0000000007f09980
RIP=0000000006cacc11 RFL=00000202 [-------] CPL=0 II=0 A20=1 SMM=0 HLT=0
ES =0030 0000000000000000 ffffffff 00cf9300 DPL=0 DS   [-WA]
CS =0038 0000000000000000 ffffffff 00af9a00 DPL=0 CS64 [-R-]
SS =0030 0000000000000000 ffffffff 00cf9300 DPL=0 DS   [-WA]
DS =0030 0000000000000000 ffffffff 00cf9300 DPL=0 DS   [-WA]
FS =0030 0000000000000000 ffffffff 00cf9300 DPL=0 DS   [-WA]
GS =0030 0000000000000000 ffffffff 00cf9300 DPL=0 DS   [-WA]
LDT=0000 0000000000000000 0000ffff 00008200 DPL=0 LDT
TR =0048 00000000075db058 00000067 00008900 DPL=0 TSS64-avl
GDT=     00000000075db000 00000057
IDT=     00000000070e8018 00000fff
CR0=80010033 CR2=0000000000000000 CR3=0000000007801000 CR4=00000668
DR0=0000000000000000 DR1=0000000000000000 DR2=0000000000000000 DR3=0000000000000000 
DR6=00000000ffff0ff0 DR7=0000000000000400
CCS=0000000000000000 CCD=00000000c0c43101 CCO=EFLAGS
EFER=0000000000000d00
Servicing hardware INT=0x20
   410: v=20 e=0000 i=0 cpl=0 IP=0038:0000000006cacc11 pc=0000000006cacc11 SP=0030:0000000007ee34b8 env->regs[R_EAX]=00000000c0c43101
RAX=00000000c0c43101 RBX=00000000070e7498 RCX=00000000070e7498 RDX=0000000000000000
RSI=0000000007f09980 RDI=44515fc33c8d294c RBP=0000000007ee3520 RSP=0000000007ee34b8
R8 =0000000007ee3620 R9 =00000000aef9b8c9 R10=000000001a40aea0 R11=0000000038d53d89
R12=0000000000000004 R13=0000000007f09880 R14=0000000000000010 R15=0000000007f09980
RIP=0000000006cacc11 RFL=00000202 [-------] CPL=0 II=0 A20=1 SMM=0 HLT=0
ES =0030 0000000000000000 ffffffff 00cf9300 DPL=0 DS   [-WA]
CS =0038 0000000000000000 ffffffff 00af9a00 DPL=0 CS64 [-R-]
SS =0030 0000000000000000 ffffffff 00cf9300 DPL=0 DS   [-WA]
DS =0030 0000000000000000 ffffffff 00cf9300 DPL=0 DS   [-WA]
FS =0030 0000000000000000 ffffffff 00cf9300 DPL=0 DS   [-WA]
GS =0030 0000000000000000 ffffffff 00cf9300 DPL=0 DS   [-WA]
LDT=0000 0000000000000000 0000ffff 00008200 DPL=0 LDT
TR =0048 00000000075db058 00000067 00008900 DPL=0 TSS64-avl
GDT=     00000000075db000 00000057
IDT=     00000000070e8018 00000fff
CR0=80010033 CR2=0000000000000000 CR3=0000000007801000 CR4=00000668
DR0=0000000000000000 DR1=0000000000000000 DR2=0000000000000000 DR3=0000000000000000 
DR6=00000000ffff0ff0 DR7=0000000000000400
CCS=0000000000000000 CCD=00000000c0c43101 CCO=EFLAGS
EFER=0000000000000d00
Servicing hardware INT=0x20
   411: v=20 e=0000 i=0 cpl=0 IP=0038:0000000006cacc11 pc=0000000006cacc11 SP=0030:0000000007ee34b8 env->regs[R_EAX]=00000000c0c43101
RAX=00000000c0c43101 RBX=00000000070e7498 RCX=00000000070e7498 RDX=0000000000000000
RSI=0000000007f09980 RDI=44515fc33c8d294c RBP=0000000007ee3520 RSP=0000000007ee34b8
R8 =0000000007ee3620 R9 =000000000a8aae68 R10=0000000084a27c42 R11=00000000acbd65c7
R12=0000000000000004 R13=0000000007f09880 R14=0000000000000010 R15=0000000007f09980
RIP=0000000006cacc11 RFL=00000202 [-------] CPL=0 II=0 A20=1 SMM=0 HLT=0
ES =0030 0000000000000000 ffffffff 00cf9300 DPL=0 DS   [-WA]
CS =0038 0000000000000000 ffffffff 00af9a00 DPL=0 CS64 [-R-]
SS =0030 0000000000000000 ffffffff 00cf9300 DPL=0 DS   [-WA]
DS =0030 0000000000000000 ffffffff 00cf9300 DPL=0 DS   [-WA]
FS =0030 0000000000000000 ffffffff 00cf9300 DPL=0 DS   [-WA]
GS =0030 0000000000000000 ffffffff 00cf9300 DPL=0 DS   [-WA]
LDT=0000 0000000000000000 0000ffff 00008200 DPL=0 LDT
TR =0048 00000000075db058 00000067 00008900 DPL=0 TSS64-avl
GDT=     00000000075db000 00000057
IDT=     00000000070e8018 00000fff
CR0=80010033 CR2=0000000000000000 CR3=0000000007801000 CR4=00000668
DR0=0000000000000000 DR1=0000000000000000 DR2=0000000000000000 DR3=0000000000000000 
DR6=00000000ffff0ff0 DR7=0000000000000400
CCS=0000000000000000 CCD=00000000c0c43101 CCO=EFLAGS
EFER=0000000000000d00
Servicing hardware INT=0x20
   412: v=20 e=0000 i=0 cpl=0 IP=0038:0000000006cacc11 pc=0000000006cacc11 SP=0030:0000000007ee34b8 env->regs[R_EAX]=00000000c0c43101
RAX=00000000c0c43101 RBX=00000000070e7498 RCX=00000000070e7498 RDX=0000000000000000
RSI=0000000007f09980 RDI=44515fc33c8d294c RBP=0000000007ee3520 RSP=0000000007ee34b8
R8 =0000000007ee3620 R9 =000000000a8aae68 R10=0000000084a27c42 R11=00000000acbd65c7
R12=0000000000000004 R13=0000000007f09880 R14=0000000000000010 R15=0000000007f09980
RIP=0000000006cacc11 RFL=00000202 [-------] CPL=0 II=0 A20=1 SMM=0 HLT=0
ES =0030 0000000000000000 ffffffff 00cf9300 DPL=0 DS   [-WA]
CS =0038 0000000000000000 ffffffff 00af9a00 DPL=0 CS64 [-R-]
SS =0030 0000000000000000 ffffffff 00cf9300 DPL=0 DS   [-WA]
DS =0030 0000000000000000 ffffffff 00cf9300 DPL=0 DS   [-WA]
FS =0030 0000000000000000 ffffffff 00cf9300 DPL=0 DS   [-WA]
GS =0030 0000000000000000 ffffffff 00cf9300 DPL=0 DS   [-WA]
LDT=0000 0000000000000000 0000ffff 00008200 DPL=0 LDT
TR =0048 00000000075db058 00000067 00008900 DPL=0 TSS64-avl
GDT=     00000000075db000 00000057
IDT=     00000000070e8018 00000fff
CR0=80010033 CR2=0000000000000000 CR3=0000000007801000 CR4=00000668
DR0=0000000000000000 DR1=0000000000000000 DR2=0000000000000000 DR3=0000000000000000 
DR6=00000000ffff0ff0 DR7=0000000000000400
CCS=0000000000000000 CCD=00000000c0c43101 CCO=EFLAGS
EFER=0000000000000d00
Servicing hardware INT=0x20
   413: v=20 e=0000 i=0 cpl=0 IP=0038:0000000006cacc11 pc=0000000006cacc11 SP=0030:0000000007ee34b8 env->regs[R_EAX]=00000000c0c43101
RAX=00000000c0c43101 RBX=00000000070e7498 RCX=00000000070e7498 RDX=0000000000000000
RSI=0000000007f09980 RDI=44515fc33c8d294c RBP=0000000007ee3520 RSP=0000000007ee34b8
R8 =0000000007ee3620 R9 =000000009c9af1dd R10=000000007d74232a R11=00000000a3b17c4f
R12=0000000000000004 R13=0000000007f09880 R14=0000000000000010 R15=0000000007f09980
RIP=0000000006cacc11 RFL=00000202 [-------] CPL=0 II=0 A20=1 SMM=0 HLT=0
ES =0030 0000000000000000 ffffffff 00cf9300 DPL=0 DS   [-WA]
CS =0038 0000000000000000 ffffffff 00af9a00 DPL=0 CS64 [-R-]
SS =0030 0000000000000000 ffffffff 00cf9300 DPL=0 DS   [-WA]
DS =0030 0000000000000000 ffffffff 00cf9300 DPL=0 DS   [-WA]
FS =0030 0000000000000000 ffffffff 00cf9300 DPL=0 DS   [-WA]
GS =0030 0000000000000000 ffffffff 00cf9300 DPL=0 DS   [-WA]
LDT=0000 0000000000000000 0000ffff 00008200 DPL=0 LDT
TR =0048 00000000075db058 00000067 00008900 DPL=0 TSS64-avl
GDT=     00000000075db000 00000057
IDT=     00000000070e8018 00000fff
CR0=80010033 CR2=0000000000000000 CR3=0000000007801000 CR4=00000668
DR0=0000000000000000 DR1=0000000000000000 DR2=0000000000000000 DR3=0000000000000000 
DR6=00000000ffff0ff0 DR7=0000000000000400
CCS=0000000000000000 CCD=00000000c0c43101 CCO=EFLAGS
EFER=0000000000000d00
Servicing hardware INT=0x20
   414: v=20 e=0000 i=0 cpl=0 IP=0038:0000000006cacc11 pc=0000000006cacc11 SP=0030:0000000007ee34b8 env->regs[R_EAX]=00000000c0c43101
RAX=00000000c0c43101 RBX=00000000070e7498 RCX=00000000070e7498 RDX=0000000000000000
RSI=0000000007f09980 RDI=44515fc33c8d294c RBP=0000000007ee3520 RSP=0000000007ee34b8
R8 =0000000007ee3620 R9 =000000009c9af1dd R10=000000007d74232a R11=00000000a3b17c4f
R12=0000000000000004 R13=0000000007f09880 R14=0000000000000010 R15=0000000007f09980
RIP=0000000006cacc11 RFL=00000202 [-------] CPL=0 II=0 A20=1 SMM=0 HLT=0
ES =0030 0000000000000000 ffffffff 00cf9300 DPL=0 DS   [-WA]
CS =0038 0000000000000000 ffffffff 00af9a00 DPL=0 CS64 [-R-]
SS =0030 0000000000000000 ffffffff 00cf9300 DPL=0 DS   [-WA]
DS =0030 0000000000000000 ffffffff 00cf9300 DPL=0 DS   [-WA]
FS =0030 0000000000000000 ffffffff 00cf9300 DPL=0 DS   [-WA]
GS =0030 0000000000000000 ffffffff 00cf9300 DPL=0 DS   [-WA]
LDT=0000 0000000000000000 0000ffff 00008200 DPL=0 LDT
TR =0048 00000000075db058 00000067 00008900 DPL=0 TSS64-avl
GDT=     00000000075db000 00000057
IDT=     00000000070e8018 00000fff
CR0=80010033 CR2=0000000000000000 CR3=0000000007801000 CR4=00000668
DR0=0000000000000000 DR1=0000000000000000 DR2=0000000000000000 DR3=0000000000000000 
DR6=00000000ffff0ff0 DR7=0000000000000400
CCS=0000000000000000 CCD=00000000c0c43101 CCO=EFLAGS
EFER=0000000000000d00
Servicing hardware INT=0x20
   415: v=20 e=0000 i=0 cpl=0 IP=0038:0000000006cacc11 pc=0000000006cacc11 SP=0030:0000000007ee34b8 env->regs[R_EAX]=00000000c0c43101
RAX=00000000c0c43101 RBX=00000000070e7498 RCX=00000000070e7498 RDX=0000000000000000
RSI=0000000007f09980 RDI=44515fc33c8d294c RBP=0000000007ee3520 RSP=0000000007ee34b8
R8 =0000000007ee3620 R9 =00000000117386ec R10=00000000bf863709 R11=00000000042c8485
R12=0000000000000004 R13=0000000007f09880 R14=0000000000000010 R15=0000000007f09980
RIP=0000000006cacc11 RFL=00000202 [-------] CPL=0 II=0 A20=1 SMM=0 HLT=0
ES =0030 0000000000000000 ffffffff 00cf9300 DPL=0 DS   [-WA]
CS =0038 0000000000000000 ffffffff 00af9a00 DPL=0 CS64 [-R-]
SS =0030 0000000000000000 ffffffff 00cf9300 DPL=0 DS   [-WA]
DS =0030 0000000000000000 ffffffff 00cf9300 DPL=0 DS   [-WA]
FS =0030 0000000000000000 ffffffff 00cf9300 DPL=0 DS   [-WA]
GS =0030 0000000000000000 ffffffff 00cf9300 DPL=0 DS   [-WA]
LDT=0000 0000000000000000 0000ffff 00008200 DPL=0 LDT
TR =0048 00000000075db058 00000067 00008900 DPL=0 TSS64-avl
GDT=     00000000075db000 00000057
IDT=     00000000070e8018 00000fff
CR0=80010033 CR2=0000000000000000 CR3=0000000007801000 CR4=00000668
DR0=0000000000000000 DR1=0000000000000000 DR2=0000000000000000 DR3=0000000000000000 
DR6=00000000ffff0ff0 DR7=0000000000000400
CCS=0000000000000000 CCD=00000000c0c43101 CCO=EFLAGS
EFER=0000000000000d00
Servicing hardware INT=0x20
   416: v=20 e=0000 i=0 cpl=0 IP=0038:0000000006cacc11 pc=0000000006cacc11 SP=0030:0000000007ee34b8 env->regs[R_EAX]=00000000c0c43101
RAX=00000000c0c43101 RBX=00000000070e7498 RCX=00000000070e7498 RDX=0000000000000000
RSI=0000000007f09980 RDI=44515fc33c8d294c RBP=0000000007ee3520 RSP=0000000007ee34b8
R8 =0000000007ee3620 R9 =00000000117386ec R10=00000000bf863709 R11=00000000042c8485
R12=0000000000000004 R13=0000000007f09880 R14=0000000000000010 R15=0000000007f09980
RIP=0000000006cacc11 RFL=00000202 [-------] CPL=0 II=0 A20=1 SMM=0 HLT=0
ES =0030 0000000000000000 ffffffff 00cf9300 DPL=0 DS   [-WA]
CS =0038 0000000000000000 ffffffff 00af9a00 DPL=0 CS64 [-R-]
SS =0030 0000000000000000 ffffffff 00cf9300 DPL=0 DS   [-WA]
DS =0030 0000000000000000 ffffffff 00cf9300 DPL=0 DS   [-WA]
FS =0030 0000000000000000 ffffffff 00cf9300 DPL=0 DS   [-WA]
GS =0030 0000000000000000 ffffffff 00cf9300 DPL=0 DS   [-WA]
LDT=0000 0000000000000000 0000ffff 00008200 DPL=0 LDT
TR =0048 00000000075db058 00000067 00008900 DPL=0 TSS64-avl
GDT=     00000000075db000 00000057
IDT=     00000000070e8018 00000fff
CR0=80010033 CR2=0000000000000000 CR3=0000000007801000 CR4=00000668
DR0=0000000000000000 DR1=0000000000000000 DR2=0000000000000000 DR3=0000000000000000 
DR6=00000000ffff0ff0 DR7=0000000000000400
CCS=0000000000000000 CCD=00000000c0c43101 CCO=EFLAGS
EFER=0000000000000d00
Servicing hardware INT=0x20
   417: v=20 e=0000 i=0 cpl=0 IP=0038:0000000006cacc11 pc=0000000006cacc11 SP=0030:0000000007ee34b8 env->regs[R_EAX]=00000000c0c43101
RAX=00000000c0c43101 RBX=00000000070e7498 RCX=00000000070e7498 RDX=0000000000000000
RSI=0000000007f09980 RDI=44515fc33c8d294c RBP=0000000007ee3520 RSP=0000000007ee34b8
R8 =0000000007ee3620 R9 =00000000545bed2d R10=000000001a843f76 R11=0000000053a49142
R12=0000000000000004 R13=0000000007f09880 R14=0000000000000010 R15=0000000007f09980
RIP=0000000006cacc11 RFL=00000202 [-------] CPL=0 II=0 A20=1 SMM=0 HLT=0
ES =0030 0000000000000000 ffffffff 00cf9300 DPL=0 DS   [-WA]
CS =0038 0000000000000000 ffffffff 00af9a00 DPL=0 CS64 [-R-]
SS =0030 0000000000000000 ffffffff 00cf9300 DPL=0 DS   [-WA]
DS =0030 0000000000000000 ffffffff 00cf9300 DPL=0 DS   [-WA]
FS =0030 0000000000000000 ffffffff 00cf9300 DPL=0 DS   [-WA]
GS =0030 0000000000000000 ffffffff 00cf9300 DPL=0 DS   [-WA]
LDT=0000 0000000000000000 0000ffff 00008200 DPL=0 LDT
TR =0048 00000000075db058 00000067 00008900 DPL=0 TSS64-avl
GDT=     00000000075db000 00000057
IDT=     00000000070e8018 00000fff
CR0=80010033 CR2=0000000000000000 CR3=0000000007801000 CR4=00000668
DR0=0000000000000000 DR1=0000000000000000 DR2=0000000000000000 DR3=0000000000000000 
DR6=00000000ffff0ff0 DR7=0000000000000400
CCS=0000000000000000 CCD=00000000c0c43101 CCO=EFLAGS
EFER=0000000000000d00
Servicing hardware INT=0x20
   418: v=20 e=0000 i=0 cpl=0 IP=0038:0000000006cacc11 pc=0000000006cacc11 SP=0030:0000000007ee34b8 env->regs[R_EAX]=00000000c0c43101
RAX=00000000c0c43101 RBX=00000000070e7498 RCX=00000000070e7498 RDX=0000000000000000
RSI=0000000007f09980 RDI=44515fc33c8d294c RBP=0000000007ee3520 RSP=0000000007ee34b8
R8 =0000000007ee3620 R9 =00000000545bed2d R10=000000001a843f76 R11=0000000053a49142
R12=0000000000000004 R13=0000000007f09880 R14=0000000000000010 R15=0000000007f09980
RIP=0000000006cacc11 RFL=00000202 [-------] CPL=0 II=0 A20=1 SMM=0 HLT=0
ES =0030 0000000000000000 ffffffff 00cf9300 DPL=0 DS   [-WA]
CS =0038 0000000000000000 ffffffff 00af9a00 DPL=0 CS64 [-R-]
SS =0030 0000000000000000 ffffffff 00cf9300 DPL=0 DS   [-WA]
DS =0030 0000000000000000 ffffffff 00cf9300 DPL=0 DS   [-WA]
FS =0030 0000000000000000 ffffffff 00cf9300 DPL=0 DS   [-WA]
GS =0030 0000000000000000 ffffffff 00cf9300 DPL=0 DS   [-WA]
LDT=0000 0000000000000000 0000ffff 00008200 DPL=0 LDT
TR =0048 00000000075db058 00000067 00008900 DPL=0 TSS64-avl
GDT=     00000000075db000 00000057
IDT=     00000000070e8018 00000fff
CR0=80010033 CR2=0000000000000000 CR3=0000000007801000 CR4=00000668
DR0=0000000000000000 DR1=0000000000000000 DR2=0000000000000000 DR3=0000000000000000 
DR6=00000000ffff0ff0 DR7=0000000000000400
CCS=0000000000000000 CCD=00000000c0c43101 CCO=EFLAGS
EFER=0000000000000d00
Servicing hardware INT=0x20
   419: v=20 e=0000 i=0 cpl=0 IP=0038:0000000006cacc11 pc=0000000006cacc11 SP=0030:0000000007ee34b8 env->regs[R_EAX]=00000000c0c43101
RAX=00000000c0c43101 RBX=00000000070e7498 RCX=00000000070e7498 RDX=0000000000000000
RSI=0000000007f09980 RDI=44515fc33c8d294c RBP=0000000007ee3520 RSP=0000000007ee34b8
R8 =0000000007ee3620 R9 =00000000baa7b918 R10=00000000cae146fb R11=0000000022d836f0
R12=0000000000000004 R13=0000000007f09880 R14=0000000000000010 R15=0000000007f09980
RIP=0000000006cacc11 RFL=00000202 [-------] CPL=0 II=0 A20=1 SMM=0 HLT=0
ES =0030 0000000000000000 ffffffff 00cf9300 DPL=0 DS   [-WA]
CS =0038 0000000000000000 ffffffff 00af9a00 DPL=0 CS64 [-R-]
SS =0030 0000000000000000 ffffffff 00cf9300 DPL=0 DS   [-WA]
DS =0030 0000000000000000 ffffffff 00cf9300 DPL=0 DS   [-WA]
FS =0030 0000000000000000 ffffffff 00cf9300 DPL=0 DS   [-WA]
GS =0030 0000000000000000 ffffffff 00cf9300 DPL=0 DS   [-WA]
LDT=0000 0000000000000000 0000ffff 00008200 DPL=0 LDT
TR =0048 00000000075db058 00000067 00008900 DPL=0 TSS64-avl
GDT=     00000000075db000 00000057
IDT=     00000000070e8018 00000fff
CR0=80010033 CR2=0000000000000000 CR3=0000000007801000 CR4=00000668
DR0=0000000000000000 DR1=0000000000000000 DR2=0000000000000000 DR3=0000000000000000 
DR6=00000000ffff0ff0 DR7=0000000000000400
CCS=0000000000000000 CCD=00000000c0c43101 CCO=EFLAGS
EFER=0000000000000d00
Servicing hardware INT=0x20
   420: v=20 e=0000 i=0 cpl=0 IP=0038:0000000006cacc11 pc=0000000006cacc11 SP=0030:0000000007ee34b8 env->regs[R_EAX]=00000000c0c43101
RAX=00000000c0c43101 RBX=00000000070e7498 RCX=00000000070e7498 RDX=0000000000000000
RSI=0000000007f09980 RDI=44515fc33c8d294c RBP=0000000007ee3520 RSP=0000000007ee34b8
R8 =0000000007ee3620 R9 =00000000baa7b918 R10=00000000cae146fb R11=0000000022d836f0
R12=0000000000000004 R13=0000000007f09880 R14=0000000000000010 R15=0000000007f09980
RIP=0000000006cacc11 RFL=00000202 [-------] CPL=0 II=0 A20=1 SMM=0 HLT=0
ES =0030 0000000000000000 ffffffff 00cf9300 DPL=0 DS   [-WA]
CS =0038 0000000000000000 ffffffff 00af9a00 DPL=0 CS64 [-R-]
SS =0030 0000000000000000 ffffffff 00cf9300 DPL=0 DS   [-WA]
DS =0030 0000000000000000 ffffffff 00cf9300 DPL=0 DS   [-WA]
FS =0030 0000000000000000 ffffffff 00cf9300 DPL=0 DS   [-WA]
GS =0030 0000000000000000 ffffffff 00cf9300 DPL=0 DS   [-WA]
LDT=0000 0000000000000000 0000ffff 00008200 DPL=0 LDT
TR =0048 00000000075db058 00000067 00008900 DPL=0 TSS64-avl
GDT=     00000000075db000 00000057
IDT=     00000000070e8018 00000fff
CR0=80010033 CR2=0000000000000000 CR3=0000000007801000 CR4=00000668
DR0=0000000000000000 DR1=0000000000000000 DR2=0000000000000000 DR3=0000000000000000 
DR6=00000000ffff0ff0 DR7=0000000000000400
CCS=0000000000000000 CCD=00000000c0c43101 CCO=EFLAGS
EFER=0000000000000d00
Servicing hardware INT=0x20
   421: v=20 e=0000 i=0 cpl=0 IP=0038:0000000006cacc11 pc=0000000006cacc11 SP=0030:0000000007ee34b8 env->regs[R_EAX]=00000000c0c43101
RAX=00000000c0c43101 RBX=00000000070e7498 RCX=00000000070e7498 RDX=0000000000000000
RSI=0000000007f09980 RDI=44515fc33c8d294c RBP=0000000007ee3520 RSP=0000000007ee34b8
R8 =0000000007ee3620 R9 =00000000b67e8b3d R10=000000002a955df0 R11=00000000f09b9862
R12=0000000000000004 R13=0000000007f09880 R14=0000000000000010 R15=0000000007f09980
RIP=0000000006cacc11 RFL=00000202 [-------] CPL=0 II=0 A20=1 SMM=0 HLT=0
ES =0030 0000000000000000 ffffffff 00cf9300 DPL=0 DS   [-WA]
CS =0038 0000000000000000 ffffffff 00af9a00 DPL=0 CS64 [-R-]
SS =0030 0000000000000000 ffffffff 00cf9300 DPL=0 DS   [-WA]
DS =0030 0000000000000000 ffffffff 00cf9300 DPL=0 DS   [-WA]
FS =0030 0000000000000000 ffffffff 00cf9300 DPL=0 DS   [-WA]
GS =0030 0000000000000000 ffffffff 00cf9300 DPL=0 DS   [-WA]
LDT=0000 0000000000000000 0000ffff 00008200 DPL=0 LDT
TR =0048 00000000075db058 00000067 00008900 DPL=0 TSS64-avl
GDT=     00000000075db000 00000057
IDT=     00000000070e8018 00000fff
CR0=80010033 CR2=0000000000000000 CR3=0000000007801000 CR4=00000668
DR0=0000000000000000 DR1=0000000000000000 DR2=0000000000000000 DR3=0000000000000000 
DR6=00000000ffff0ff0 DR7=0000000000000400
CCS=0000000000000000 CCD=00000000c0c43101 CCO=EFLAGS
EFER=0000000000000d00
Servicing hardware INT=0x20
   422: v=20 e=0000 i=0 cpl=0 IP=0038:0000000006cacc11 pc=0000000006cacc11 SP=0030:0000000007ee34b8 env->regs[R_EAX]=00000000c0c43101
RAX=00000000c0c43101 RBX=00000000070e7498 RCX=00000000070e7498 RDX=0000000000000000
RSI=0000000007f09980 RDI=44515fc33c8d294c RBP=0000000007ee3520 RSP=0000000007ee34b8
R8 =0000000007ee3620 R9 =00000000b67e8b3d R10=000000002a955df0 R11=00000000f09b9862
R12=0000000000000004 R13=0000000007f09880 R14=0000000000000010 R15=0000000007f09980
RIP=0000000006cacc11 RFL=00000202 [-------] CPL=0 II=0 A20=1 SMM=0 HLT=0
ES =0030 0000000000000000 ffffffff 00cf9300 DPL=0 DS   [-WA]
CS =0038 0000000000000000 ffffffff 00af9a00 DPL=0 CS64 [-R-]
SS =0030 0000000000000000 ffffffff 00cf9300 DPL=0 DS   [-WA]
DS =0030 0000000000000000 ffffffff 00cf9300 DPL=0 DS   [-WA]
FS =0030 0000000000000000 ffffffff 00cf9300 DPL=0 DS   [-WA]
GS =0030 0000000000000000 ffffffff 00cf9300 DPL=0 DS   [-WA]
LDT=0000 0000000000000000 0000ffff 00008200 DPL=0 LDT
TR =0048 00000000075db058 00000067 00008900 DPL=0 TSS64-avl
GDT=     00000000075db000 00000057
IDT=     00000000070e8018 00000fff
CR0=80010033 CR2=0000000000000000 CR3=0000000007801000 CR4=00000668
DR0=0000000000000000 DR1=0000000000000000 DR2=0000000000000000 DR3=0000000000000000 
DR6=00000000ffff0ff0 DR7=0000000000000400
CCS=0000000000000000 CCD=00000000c0c43101 CCO=EFLAGS
EFER=0000000000000d00
Servicing hardware INT=0x20
   423: v=20 e=0000 i=0 cpl=0 IP=0038:0000000006cacc11 pc=0000000006cacc11 SP=0030:0000000007ee34b8 env->regs[R_EAX]=00000000c0c43101
RAX=00000000c0c43101 RBX=00000000070e7498 RCX=00000000070e7498 RDX=0000000000000000
RSI=0000000007f09980 RDI=44515fc33c8d294c RBP=0000000007ee3520 RSP=0000000007ee34b8
R8 =0000000007ee3620 R9 =00000000773ae3ad R10=000000007726eb25 R11=00000000ea30d9c1
R12=0000000000000004 R13=0000000007f09880 R14=0000000000000010 R15=0000000007f09980
RIP=0000000006cacc11 RFL=00000202 [-------] CPL=0 II=0 A20=1 SMM=0 HLT=0
ES =0030 0000000000000000 ffffffff 00cf9300 DPL=0 DS   [-WA]
CS =0038 0000000000000000 ffffffff 00af9a00 DPL=0 CS64 [-R-]
SS =0030 0000000000000000 ffffffff 00cf9300 DPL=0 DS   [-WA]
DS =0030 0000000000000000 ffffffff 00cf9300 DPL=0 DS   [-WA]
FS =0030 0000000000000000 ffffffff 00cf9300 DPL=0 DS   [-WA]
GS =0030 0000000000000000 ffffffff 00cf9300 DPL=0 DS   [-WA]
LDT=0000 0000000000000000 0000ffff 00008200 DPL=0 LDT
TR =0048 00000000075db058 00000067 00008900 DPL=0 TSS64-avl
GDT=     00000000075db000 00000057
IDT=     00000000070e8018 00000fff
CR0=80010033 CR2=0000000000000000 CR3=0000000007801000 CR4=00000668
DR0=0000000000000000 DR1=0000000000000000 DR2=0000000000000000 DR3=0000000000000000 
DR6=00000000ffff0ff0 DR7=0000000000000400
CCS=0000000000000000 CCD=00000000c0c43101 CCO=EFLAGS
EFER=0000000000000d00
Servicing hardware INT=0x20
   424: v=20 e=0000 i=0 cpl=0 IP=0038:0000000006cacc11 pc=0000000006cacc11 SP=0030:0000000007ee34b8 env->regs[R_EAX]=00000000c0c43101
RAX=00000000c0c43101 RBX=00000000070e7498 RCX=00000000070e7498 RDX=0000000000000000
RSI=0000000007f09980 RDI=44515fc33c8d294c RBP=0000000007ee3520 RSP=0000000007ee34b8
R8 =0000000007ee3620 R9 =00000000773ae3ad R10=000000007726eb25 R11=00000000ea30d9c1
R12=0000000000000004 R13=0000000007f09880 R14=0000000000000010 R15=0000000007f09980
RIP=0000000006cacc11 RFL=00000202 [-------] CPL=0 II=0 A20=1 SMM=0 HLT=0
ES =0030 0000000000000000 ffffffff 00cf9300 DPL=0 DS   [-WA]
CS =0038 0000000000000000 ffffffff 00af9a00 DPL=0 CS64 [-R-]
SS =0030 0000000000000000 ffffffff 00cf9300 DPL=0 DS   [-WA]
DS =0030 0000000000000000 ffffffff 00cf9300 DPL=0 DS   [-WA]
FS =0030 0000000000000000 ffffffff 00cf9300 DPL=0 DS   [-WA]
GS =0030 0000000000000000 ffffffff 00cf9300 DPL=0 DS   [-WA]
LDT=0000 0000000000000000 0000ffff 00008200 DPL=0 LDT
TR =0048 00000000075db058 00000067 00008900 DPL=0 TSS64-avl
GDT=     00000000075db000 00000057
IDT=     00000000070e8018 00000fff
CR0=80010033 CR2=0000000000000000 CR3=0000000007801000 CR4=00000668
DR0=0000000000000000 DR1=0000000000000000 DR2=0000000000000000 DR3=0000000000000000 
DR6=00000000ffff0ff0 DR7=0000000000000400
CCS=0000000000000000 CCD=00000000c0c43101 CCO=EFLAGS
EFER=0000000000000d00
Servicing hardware INT=0x20
   425: v=20 e=0000 i=0 cpl=0 IP=0038:0000000006cacc11 pc=0000000006cacc11 SP=0030:0000000007ee34b8 env->regs[R_EAX]=00000000c0c43101
RAX=00000000c0c43101 RBX=00000000070e7498 RCX=00000000070e7498 RDX=0000000000000000
RSI=0000000007f09980 RDI=44515fc33c8d294c RBP=0000000007ee3520 RSP=0000000007ee34b8
R8 =0000000007ee3620 R9 =000000001f8273b2 R10=000000009ca2af0e R11=0000000056432e91
R12=0000000000000004 R13=0000000007f09880 R14=0000000000000010 R15=0000000007f09980
RIP=0000000006cacc11 RFL=00000202 [-------] CPL=0 II=0 A20=1 SMM=0 HLT=0
ES =0030 0000000000000000 ffffffff 00cf9300 DPL=0 DS   [-WA]
CS =0038 0000000000000000 ffffffff 00af9a00 DPL=0 CS64 [-R-]
SS =0030 0000000000000000 ffffffff 00cf9300 DPL=0 DS   [-WA]
DS =0030 0000000000000000 ffffffff 00cf9300 DPL=0 DS   [-WA]
FS =0030 0000000000000000 ffffffff 00cf9300 DPL=0 DS   [-WA]
GS =0030 0000000000000000 ffffffff 00cf9300 DPL=0 DS   [-WA]
LDT=0000 0000000000000000 0000ffff 00008200 DPL=0 LDT
TR =0048 00000000075db058 00000067 00008900 DPL=0 TSS64-avl
GDT=     00000000075db000 00000057
IDT=     00000000070e8018 00000fff
CR0=80010033 CR2=0000000000000000 CR3=0000000007801000 CR4=00000668
DR0=0000000000000000 DR1=0000000000000000 DR2=0000000000000000 DR3=0000000000000000 
DR6=00000000ffff0ff0 DR7=0000000000000400
CCS=0000000000000000 CCD=00000000c0c43101 CCO=EFLAGS
EFER=0000000000000d00
Servicing hardware INT=0x20
   426: v=20 e=0000 i=0 cpl=0 IP=0038:0000000006cacc11 pc=0000000006cacc11 SP=0030:0000000007ee34b8 env->regs[R_EAX]=00000000c0c43101
RAX=00000000c0c43101 RBX=00000000070e7498 RCX=00000000070e7498 RDX=0000000000000000
RSI=0000000007f09980 RDI=44515fc33c8d294c RBP=0000000007ee3520 RSP=0000000007ee34b8
R8 =0000000007ee3620 R9 =000000001f8273b2 R10=000000009ca2af0e R11=0000000056432e91
R12=0000000000000004 R13=0000000007f09880 R14=0000000000000010 R15=0000000007f09980
RIP=0000000006cacc11 RFL=00000202 [-------] CPL=0 II=0 A20=1 SMM=0 HLT=0
ES =0030 0000000000000000 ffffffff 00cf9300 DPL=0 DS   [-WA]
CS =0038 0000000000000000 ffffffff 00af9a00 DPL=0 CS64 [-R-]
SS =0030 0000000000000000 ffffffff 00cf9300 DPL=0 DS   [-WA]
DS =0030 0000000000000000 ffffffff 00cf9300 DPL=0 DS   [-WA]
FS =0030 0000000000000000 ffffffff 00cf9300 DPL=0 DS   [-WA]
GS =0030 0000000000000000 ffffffff 00cf9300 DPL=0 DS   [-WA]
LDT=0000 0000000000000000 0000ffff 00008200 DPL=0 LDT
TR =0048 00000000075db058 00000067 00008900 DPL=0 TSS64-avl
GDT=     00000000075db000 00000057
IDT=     00000000070e8018 00000fff
CR0=80010033 CR2=0000000000000000 CR3=0000000007801000 CR4=00000668
DR0=0000000000000000 DR1=0000000000000000 DR2=0000000000000000 DR3=0000000000000000 
DR6=00000000ffff0ff0 DR7=0000000000000400
CCS=0000000000000000 CCD=00000000c0c43101 CCO=EFLAGS
EFER=0000000000000d00
Servicing hardware INT=0x20
   427: v=20 e=0000 i=0 cpl=0 IP=0038:0000000006cacc11 pc=0000000006cacc11 SP=0030:0000000007ee34b8 env->regs[R_EAX]=00000000c0c43101
RAX=00000000c0c43101 RBX=00000000070e7498 RCX=00000000070e7498 RDX=0000000000000000
RSI=0000000007f09980 RDI=44515fc33c8d294c RBP=0000000007ee3520 RSP=0000000007ee34b8
R8 =0000000007ee3620 R9 =00000000183169d3 R10=0000000018daddce R11=00000000e3d59b15
R12=0000000000000004 R13=0000000007f09880 R14=0000000000000010 R15=0000000007f09980
RIP=0000000006cacc11 RFL=00000202 [-------] CPL=0 II=0 A20=1 SMM=0 HLT=0
ES =0030 0000000000000000 ffffffff 00cf9300 DPL=0 DS   [-WA]
CS =0038 0000000000000000 ffffffff 00af9a00 DPL=0 CS64 [-R-]
SS =0030 0000000000000000 ffffffff 00cf9300 DPL=0 DS   [-WA]
DS =0030 0000000000000000 ffffffff 00cf9300 DPL=0 DS   [-WA]
FS =0030 0000000000000000 ffffffff 00cf9300 DPL=0 DS   [-WA]
GS =0030 0000000000000000 ffffffff 00cf9300 DPL=0 DS   [-WA]
LDT=0000 0000000000000000 0000ffff 00008200 DPL=0 LDT
TR =0048 00000000075db058 00000067 00008900 DPL=0 TSS64-avl
GDT=     00000000075db000 00000057
IDT=     00000000070e8018 00000fff
CR0=80010033 CR2=0000000000000000 CR3=0000000007801000 CR4=00000668
DR0=0000000000000000 DR1=0000000000000000 DR2=0000000000000000 DR3=0000000000000000 
DR6=00000000ffff0ff0 DR7=0000000000000400
CCS=0000000000000000 CCD=00000000c0c43101 CCO=EFLAGS
EFER=0000000000000d00
Servicing hardware INT=0x20
   428: v=20 e=0000 i=0 cpl=0 IP=0038:0000000006cacc11 pc=0000000006cacc11 SP=0030:0000000007ee34b8 env->regs[R_EAX]=00000000c0c43101
RAX=00000000c0c43101 RBX=00000000070e7498 RCX=00000000070e7498 RDX=0000000000000000
RSI=0000000007f09980 RDI=44515fc33c8d294c RBP=0000000007ee3520 RSP=0000000007ee34b8
R8 =0000000007ee3620 R9 =00000000183169d3 R10=0000000018daddce R11=00000000e3d59b15
R12=0000000000000004 R13=0000000007f09880 R14=0000000000000010 R15=0000000007f09980
RIP=0000000006cacc11 RFL=00000202 [-------] CPL=0 II=0 A20=1 SMM=0 HLT=0
ES =0030 0000000000000000 ffffffff 00cf9300 DPL=0 DS   [-WA]
CS =0038 0000000000000000 ffffffff 00af9a00 DPL=0 CS64 [-R-]
SS =0030 0000000000000000 ffffffff 00cf9300 DPL=0 DS   [-WA]
DS =0030 0000000000000000 ffffffff 00cf9300 DPL=0 DS   [-WA]
FS =0030 0000000000000000 ffffffff 00cf9300 DPL=0 DS   [-WA]
GS =0030 0000000000000000 ffffffff 00cf9300 DPL=0 DS   [-WA]
LDT=0000 0000000000000000 0000ffff 00008200 DPL=0 LDT
TR =0048 00000000075db058 00000067 00008900 DPL=0 TSS64-avl
GDT=     00000000075db000 00000057
IDT=     00000000070e8018 00000fff
CR0=80010033 CR2=0000000000000000 CR3=0000000007801000 CR4=00000668
DR0=0000000000000000 DR1=0000000000000000 DR2=0000000000000000 DR3=0000000000000000 
DR6=00000000ffff0ff0 DR7=0000000000000400
CCS=0000000000000000 CCD=00000000c0c43101 CCO=EFLAGS
EFER=0000000000000d00
Servicing hardware INT=0x20
   429: v=20 e=0000 i=0 cpl=0 IP=0038:0000000006cacc11 pc=0000000006cacc11 SP=0030:0000000007ee34b8 env->regs[R_EAX]=00000000c0c43101
RAX=00000000c0c43101 RBX=00000000070e7498 RCX=00000000070e7498 RDX=0000000000000000
RSI=0000000007f09980 RDI=44515fc33c8d294c RBP=0000000007ee3520 RSP=0000000007ee34b8
R8 =0000000007ee3620 R9 =0000000096ac2a71 R10=0000000052bd428c R11=0000000028a7cfbb
R12=0000000000000004 R13=0000000007f09880 R14=0000000000000010 R15=0000000007f09980
RIP=0000000006cacc11 RFL=00000202 [-------] CPL=0 II=0 A20=1 SMM=0 HLT=0
ES =0030 0000000000000000 ffffffff 00cf9300 DPL=0 DS   [-WA]
CS =0038 0000000000000000 ffffffff 00af9a00 DPL=0 CS64 [-R-]
SS =0030 0000000000000000 ffffffff 00cf9300 DPL=0 DS   [-WA]
DS =0030 0000000000000000 ffffffff 00cf9300 DPL=0 DS   [-WA]
FS =0030 0000000000000000 ffffffff 00cf9300 DPL=0 DS   [-WA]
GS =0030 0000000000000000 ffffffff 00cf9300 DPL=0 DS   [-WA]
LDT=0000 0000000000000000 0000ffff 00008200 DPL=0 LDT
TR =0048 00000000075db058 00000067 00008900 DPL=0 TSS64-avl
GDT=     00000000075db000 00000057
IDT=     00000000070e8018 00000fff
CR0=80010033 CR2=0000000000000000 CR3=0000000007801000 CR4=00000668
DR0=0000000000000000 DR1=0000000000000000 DR2=0000000000000000 DR3=0000000000000000 
DR6=00000000ffff0ff0 DR7=0000000000000400
CCS=0000000000000000 CCD=00000000c0c43101 CCO=EFLAGS
EFER=0000000000000d00
Servicing hardware INT=0x20
   430: v=20 e=0000 i=0 cpl=0 IP=0038:0000000006cacc11 pc=0000000006cacc11 SP=0030:0000000007ee34b8 env->regs[R_EAX]=00000000c0c43101
RAX=00000000c0c43101 RBX=00000000070e7498 RCX=00000000070e7498 RDX=0000000000000000
RSI=0000000007f09980 RDI=44515fc33c8d294c RBP=0000000007ee3520 RSP=0000000007ee34b8
R8 =0000000007ee3620 R9 =0000000096ac2a71 R10=0000000052bd428c R11=0000000028a7cfbb
R12=0000000000000004 R13=0000000007f09880 R14=0000000000000010 R15=0000000007f09980
RIP=0000000006cacc11 RFL=00000202 [-------] CPL=0 II=0 A20=1 SMM=0 HLT=0
ES =0030 0000000000000000 ffffffff 00cf9300 DPL=0 DS   [-WA]
CS =0038 0000000000000000 ffffffff 00af9a00 DPL=0 CS64 [-R-]
SS =0030 0000000000000000 ffffffff 00cf9300 DPL=0 DS   [-WA]
DS =0030 0000000000000000 ffffffff 00cf9300 DPL=0 DS   [-WA]
FS =0030 0000000000000000 ffffffff 00cf9300 DPL=0 DS   [-WA]
GS =0030 0000000000000000 ffffffff 00cf9300 DPL=0 DS   [-WA]
LDT=0000 0000000000000000 0000ffff 00008200 DPL=0 LDT
TR =0048 00000000075db058 00000067 00008900 DPL=0 TSS64-avl
GDT=     00000000075db000 00000057
IDT=     00000000070e8018 00000fff
CR0=80010033 CR2=0000000000000000 CR3=0000000007801000 CR4=00000668
DR0=0000000000000000 DR1=0000000000000000 DR2=0000000000000000 DR3=0000000000000000 
DR6=00000000ffff0ff0 DR7=0000000000000400
CCS=0000000000000000 CCD=00000000c0c43101 CCO=EFLAGS
EFER=0000000000000d00
Servicing hardware INT=0x20
   431: v=20 e=0000 i=0 cpl=0 IP=0038:0000000006cacc11 pc=0000000006cacc11 SP=0030:0000000007ee34b8 env->regs[R_EAX]=00000000c0c43101
RAX=00000000c0c43101 RBX=00000000070e7498 RCX=00000000070e7498 RDX=0000000000000000
RSI=0000000007f09980 RDI=44515fc33c8d294c RBP=0000000007ee3520 RSP=0000000007ee34b8
R8 =0000000007ee3620 R9 =00000000ef63c9fb R10=000000005c2d6ea7 R11=000000008b922b86
R12=0000000000000004 R13=0000000007f09880 R14=0000000000000010 R15=0000000007f09980
RIP=0000000006cacc11 RFL=00000202 [-------] CPL=0 II=0 A20=1 SMM=0 HLT=0
ES =0030 0000000000000000 ffffffff 00cf9300 DPL=0 DS   [-WA]
CS =0038 0000000000000000 ffffffff 00af9a00 DPL=0 CS64 [-R-]
SS =0030 0000000000000000 ffffffff 00cf9300 DPL=0 DS   [-WA]
DS =0030 0000000000000000 ffffffff 00cf9300 DPL=0 DS   [-WA]
FS =0030 0000000000000000 ffffffff 00cf9300 DPL=0 DS   [-WA]
GS =0030 0000000000000000 ffffffff 00cf9300 DPL=0 DS   [-WA]
LDT=0000 0000000000000000 0000ffff 00008200 DPL=0 LDT
TR =0048 00000000075db058 00000067 00008900 DPL=0 TSS64-avl
GDT=     00000000075db000 00000057
IDT=     00000000070e8018 00000fff
CR0=80010033 CR2=0000000000000000 CR3=0000000007801000 CR4=00000668
DR0=0000000000000000 DR1=0000000000000000 DR2=0000000000000000 DR3=0000000000000000 
DR6=00000000ffff0ff0 DR7=0000000000000400
CCS=0000000000000000 CCD=00000000c0c43101 CCO=EFLAGS
EFER=0000000000000d00
Servicing hardware INT=0x20
   432: v=20 e=0000 i=0 cpl=0 IP=0038:0000000006cacc11 pc=0000000006cacc11 SP=0030:0000000007ee34b8 env->regs[R_EAX]=00000000c0c43101
RAX=00000000c0c43101 RBX=00000000070e7498 RCX=00000000070e7498 RDX=0000000000000000
RSI=0000000007f09980 RDI=44515fc33c8d294c RBP=0000000007ee3520 RSP=0000000007ee34b8
R8 =0000000007ee3620 R9 =00000000ef63c9fb R10=000000005c2d6ea7 R11=000000008b922b86
R12=0000000000000004 R13=0000000007f09880 R14=0000000000000010 R15=0000000007f09980
RIP=0000000006cacc11 RFL=00000202 [-------] CPL=0 II=0 A20=1 SMM=0 HLT=0
ES =0030 0000000000000000 ffffffff 00cf9300 DPL=0 DS   [-WA]
CS =0038 0000000000000000 ffffffff 00af9a00 DPL=0 CS64 [-R-]
SS =0030 0000000000000000 ffffffff 00cf9300 DPL=0 DS   [-WA]
DS =0030 0000000000000000 ffffffff 00cf9300 DPL=0 DS   [-WA]
FS =0030 0000000000000000 ffffffff 00cf9300 DPL=0 DS   [-WA]
GS =0030 0000000000000000 ffffffff 00cf9300 DPL=0 DS   [-WA]
LDT=0000 0000000000000000 0000ffff 00008200 DPL=0 LDT
TR =0048 00000000075db058 00000067 00008900 DPL=0 TSS64-avl
GDT=     00000000075db000 00000057
IDT=     00000000070e8018 00000fff
CR0=80010033 CR2=0000000000000000 CR3=0000000007801000 CR4=00000668
DR0=0000000000000000 DR1=0000000000000000 DR2=0000000000000000 DR3=0000000000000000 
DR6=00000000ffff0ff0 DR7=0000000000000400
CCS=0000000000000000 CCD=00000000c0c43101 CCO=EFLAGS
EFER=0000000000000d00
Servicing hardware INT=0x20
   433: v=20 e=0000 i=0 cpl=0 IP=0038:00000000076cf7ca pc=00000000076cf7ca SP=0030:0000000007ee3500 env->regs[R_EAX]=00000000000000ff
RAX=00000000000000ff RBX=0000000007ee3640 RCX=0000000000020001 RDX=0000000007579018
RSI=00000000075ba07c RDI=0000000007599017 RBP=0000000007ee35d0 RSP=0000000007ee3500
R8 =00000000000000ff R9 =0000000000000000 R10=ffffffffff4bf8a0 R11=00000000e0000053
R12=0000000000000000 R13=0000000007ee3578 R14=0000000007579018 R15=00000000069b5190
RIP=00000000076cf7ca RFL=00010206 [-----P-] CPL=0 II=0 A20=1 SMM=0 HLT=0
ES =0030 0000000000000000 ffffffff 00cf9300 DPL=0 DS   [-WA]
CS =0038 0000000000000000 ffffffff 00af9a00 DPL=0 CS64 [-R-]
SS =0030 0000000000000000 ffffffff 00cf9300 DPL=0 DS   [-WA]
DS =0030 0000000000000000 ffffffff 00cf9300 DPL=0 DS   [-WA]
FS =0030 0000000000000000 ffffffff 00cf9300 DPL=0 DS   [-WA]
GS =0030 0000000000000000 ffffffff 00cf9300 DPL=0 DS   [-WA]
LDT=0000 0000000000000000 0000ffff 00008200 DPL=0 LDT
TR =0048 00000000075db058 00000067 00008900 DPL=0 TSS64-avl
GDT=     00000000075db000 00000057
IDT=     00000000070e8018 00000fff
CR0=80010033 CR2=0000000000000000 CR3=0000000007801000 CR4=00000668
DR0=0000000000000000 DR1=0000000000000000 DR2=0000000000000000 DR3=0000000000000000 
DR6=00000000ffff0ff0 DR7=0000000000000400
CCS=0000000000000004 CCD=0000000007ee34f0 CCO=EFLAGS
EFER=0000000000000d00
Servicing hardware INT=0x20
   434: v=20 e=0000 i=0 cpl=0 IP=0038:00000000076cf7cc pc=00000000076cf7cc SP=0030:0000000007ee3500 env->regs[R_EAX]=00000000000000ff
RAX=00000000000000ff RBX=0000000007ee3640 RCX=0000000000000000 RDX=0000000007579018
RSI=00000000075ba07c RDI=00000000075b9018 RBP=0000000007ee35d0 RSP=0000000007ee3500
R8 =00000000000000ff R9 =0000000000000000 R10=ffffffffff4bf8ac R11=00000000e0000053
R12=0000000000000000 R13=0000000007ee3578 R14=0000000007579018 R15=00000000069b5190
RIP=00000000076cf7cc RFL=00000206 [-----P-] CPL=0 II=0 A20=1 SMM=0 HLT=0
ES =0030 0000000000000000 ffffffff 00cf9300 DPL=0 DS   [-WA]
CS =0038 0000000000000000 ffffffff 00af9a00 DPL=0 CS64 [-R-]
SS =0030 0000000000000000 ffffffff 00cf9300 DPL=0 DS   [-WA]
DS =0030 0000000000000000 ffffffff 00cf9300 DPL=0 DS   [-WA]
FS =0030 0000000000000000 ffffffff 00cf9300 DPL=0 DS   [-WA]
GS =0030 0000000000000000 ffffffff 00cf9300 DPL=0 DS   [-WA]
LDT=0000 0000000000000000 0000ffff 00008200 DPL=0 LDT
TR =0048 00000000075db058 00000067 00008900 DPL=0 TSS64-avl
GDT=     00000000075db000 00000057
IDT=     00000000070e8018 00000fff
CR0=80010033 CR2=0000000000000000 CR3=0000000007801000 CR4=00000668
DR0=0000000000000000 DR1=0000000000000000 DR2=0000000000000000 DR3=0000000000000000 
DR6=00000000ffff0ff0 DR7=0000000000000400
CCS=0000000000000004 CCD=0000000007ee34f0 CCO=EFLAGS
EFER=0000000000000d00
Servicing hardware INT=0x20
   435: v=20 e=0000 i=0 cpl=0 IP=0038:00000000076cf7ca pc=00000000076cf7ca SP=0030:0000000007ee3500 env->regs[R_EAX]=00000000000000ff
RAX=00000000000000ff RBX=0000000007ee3640 RCX=0000000000030001 RDX=0000000007579018
RSI=00000000075ba07c RDI=0000000007589017 RBP=0000000007ee35d0 RSP=0000000007ee3500
R8 =00000000000000ff R9 =0000000000000000 R10=ffffffffff4bf8ba R11=00000000e0000055
R12=0000000000000000 R13=0000000007ee3578 R14=0000000007579018 R15=00000000069b5190
RIP=00000000076cf7ca RFL=00010206 [-----P-] CPL=0 II=0 A20=1 SMM=0 HLT=0
ES =0030 0000000000000000 ffffffff 00cf9300 DPL=0 DS   [-WA]
CS =0038 0000000000000000 ffffffff 00af9a00 DPL=0 CS64 [-R-]
SS =0030 0000000000000000 ffffffff 00cf9300 DPL=0 DS   [-WA]
DS =0030 0000000000000000 ffffffff 00cf9300 DPL=0 DS   [-WA]
FS =0030 0000000000000000 ffffffff 00cf9300 DPL=0 DS   [-WA]
GS =0030 0000000000000000 ffffffff 00cf9300 DPL=0 DS   [-WA]
LDT=0000 0000000000000000 0000ffff 00008200 DPL=0 LDT
TR =0048 00000000075db058 00000067 00008900 DPL=0 TSS64-avl
GDT=     00000000075db000 00000057
IDT=     00000000070e8018 00000fff
CR0=80010033 CR2=0000000000000000 CR3=0000000007801000 CR4=00000668
DR0=0000000000000000 DR1=0000000000000000 DR2=0000000000000000 DR3=0000000000000000 
DR6=00000000ffff0ff0 DR7=0000000000000400
CCS=0000000000000004 CCD=0000000007ee34f0 CCO=EFLAGS
EFER=0000000000000d00
Servicing hardware INT=0x20
   436: v=20 e=0000 i=0 cpl=0 IP=0038:00000000076cf7ca pc=00000000076cf7ca SP=0030:0000000007ee3500 env->regs[R_EAX]=00000000000000ff
RAX=00000000000000ff RBX=0000000007ee3640 RCX=0000000000020001 RDX=0000000007579018
RSI=00000000075ba07c RDI=0000000007599017 RBP=0000000007ee35d0 RSP=0000000007ee3500
R8 =00000000000000ff R9 =0000000000000000 R10=ffffffffff4bf8a0 R11=00000000e0000053
R12=0000000000000000 R13=0000000007ee3578 R14=0000000007579018 R15=00000000069b5190
RIP=00000000076cf7ca RFL=00010206 [-----P-] CPL=0 II=0 A20=1 SMM=0 HLT=0
ES =0030 0000000000000000 ffffffff 00cf9300 DPL=0 DS   [-WA]
CS =0038 0000000000000000 ffffffff 00af9a00 DPL=0 CS64 [-R-]
SS =0030 0000000000000000 ffffffff 00cf9300 DPL=0 DS   [-WA]
DS =0030 0000000000000000 ffffffff 00cf9300 DPL=0 DS   [-WA]
FS =0030 0000000000000000 ffffffff 00cf9300 DPL=0 DS   [-WA]
GS =0030 0000000000000000 ffffffff 00cf9300 DPL=0 DS   [-WA]
LDT=0000 0000000000000000 0000ffff 00008200 DPL=0 LDT
TR =0048 00000000075db058 00000067 00008900 DPL=0 TSS64-avl
GDT=     00000000075db000 00000057
IDT=     00000000070e8018 00000fff
CR0=80010033 CR2=0000000000000000 CR3=0000000007801000 CR4=00000668
DR0=0000000000000000 DR1=0000000000000000 DR2=0000000000000000 DR3=0000000000000000 
DR6=00000000ffff0ff0 DR7=0000000000000400
CCS=0000000000000004 CCD=0000000007ee34f0 CCO=EFLAGS
EFER=0000000000000d00
Servicing hardware INT=0x20
   437: v=20 e=0000 i=0 cpl=0 IP=0038:00000000066f90ea pc=00000000066f90ea SP=0030:0000000007ee34f0 env->regs[R_EAX]=0000000000000000
RAX=0000000000000000 RBX=0000000007ee3590 RCX=0000000006cb25c0 RDX=0000000007104518
RSI=0000000000000008 RDI=0000000006c90d98 RBP=0000000000000010 RSP=0000000007ee34f0
R8 =00000000000000af R9 =0000000000000030 R10=0000000006c42eb9 R11=000000000000002c
R12=0000000007f08f60 R13=00000000068b0698 R14=000000000671e540 R15=0000000000000000
RIP=00000000066f90ea RFL=00000202 [-------] CPL=0 II=0 A20=1 SMM=0 HLT=0
ES =0030 0000000000000000 ffffffff 00cf9300 DPL=0 DS   [-WA]
CS =0038 0000000000000000 ffffffff 00af9a00 DPL=0 CS64 [-R-]
SS =0030 0000000000000000 ffffffff 00cf9300 DPL=0 DS   [-WA]
DS =0030 0000000000000000 ffffffff 00cf9300 DPL=0 DS   [-WA]
FS =0030 0000000000000000 ffffffff 00cf9300 DPL=0 DS   [-WA]
GS =0030 0000000000000000 ffffffff 00cf9300 DPL=0 DS   [-WA]
LDT=0000 0000000000000000 0000ffff 00008200 DPL=0 LDT
TR =0048 00000000075db058 00000067 00008900 DPL=0 TSS64-avl
GDT=     00000000075db000 00000057
IDT=     00000000070e8018 00000fff
CR0=80010033 CR2=0000000000000000 CR3=0000000007801000 CR4=00000668
DR0=0000000000000000 DR1=0000000000000000 DR2=0000000000000000 DR3=0000000000000000 
DR6=00000000ffff0ff0 DR7=0000000000000400
CCS=0000000000000000 CCD=0000000007ee34c8 CCO=EFLAGS
EFER=0000000000000d00
Servicing hardware INT=0x20
   438: v=20 e=0000 i=0 cpl=0 IP=0038:00000000076cf7ca pc=00000000076cf7ca SP=0030:0000000007ee3500 env->regs[R_EAX]=00000000000000ff
RAX=00000000000000ff RBX=0000000007ee3640 RCX=0000000000020001 RDX=0000000007579018
RSI=00000000075ba07c RDI=0000000007599017 RBP=0000000007ee35d0 RSP=0000000007ee3500
R8 =00000000000000ff R9 =0000000000000000 R10=ffffffffff4bf8ac R11=00000000e0000053
R12=0000000000000000 R13=0000000007ee3578 R14=0000000007579018 R15=00000000069b5190
RIP=00000000076cf7ca RFL=00010206 [-----P-] CPL=0 II=0 A20=1 SMM=0 HLT=0
ES =0030 0000000000000000 ffffffff 00cf9300 DPL=0 DS   [-WA]
CS =0038 0000000000000000 ffffffff 00af9a00 DPL=0 CS64 [-R-]
SS =0030 0000000000000000 ffffffff 00cf9300 DPL=0 DS   [-WA]
DS =0030 0000000000000000 ffffffff 00cf9300 DPL=0 DS   [-WA]
FS =0030 0000000000000000 ffffffff 00cf9300 DPL=0 DS   [-WA]
GS =0030 0000000000000000 ffffffff 00cf9300 DPL=0 DS   [-WA]
LDT=0000 0000000000000000 0000ffff 00008200 DPL=0 LDT
TR =0048 00000000075db058 00000067 00008900 DPL=0 TSS64-avl
GDT=     00000000075db000 00000057
IDT=     00000000070e8018 00000fff
CR0=80010033 CR2=0000000000000000 CR3=0000000007801000 CR4=00000668
DR0=0000000000000000 DR1=0000000000000000 DR2=0000000000000000 DR3=0000000000000000 
DR6=00000000ffff0ff0 DR7=0000000000000400
CCS=0000000000000004 CCD=0000000007ee34f0 CCO=EFLAGS
EFER=0000000000000d00
Servicing hardware INT=0x20
   439: v=20 e=0000 i=0 cpl=0 IP=0038:00000000076cf7ca pc=00000000076cf7ca SP=0030:0000000007ee3690 env->regs[R_EAX]=00000000000000ff
RAX=00000000000000ff RBX=0000000007ee37d0 RCX=0000000000030001 RDX=0000000007579018
RSI=00000000075ba07c RDI=0000000007589017 RBP=0000000007ee3760 RSP=0000000007ee3690
R8 =00000000000000ff R9 =0000000000000000 R10=ffffffffff4bf8ac R11=00000000e0000053
R12=0000000000000000 R13=0000000007ee3708 R14=0000000007579018 R15=00000000069b5190
RIP=00000000076cf7ca RFL=00010202 [-------] CPL=0 II=0 A20=1 SMM=0 HLT=0
ES =0030 0000000000000000 ffffffff 00cf9300 DPL=0 DS   [-WA]
CS =0038 0000000000000000 ffffffff 00af9a00 DPL=0 CS64 [-R-]
SS =0030 0000000000000000 ffffffff 00cf9300 DPL=0 DS   [-WA]
DS =0030 0000000000000000 ffffffff 00cf9300 DPL=0 DS   [-WA]
FS =0030 0000000000000000 ffffffff 00cf9300 DPL=0 DS   [-WA]
GS =0030 0000000000000000 ffffffff 00cf9300 DPL=0 DS   [-WA]
LDT=0000 0000000000000000 0000ffff 00008200 DPL=0 LDT
TR =0048 00000000075db058 00000067 00008900 DPL=0 TSS64-avl
GDT=     00000000075db000 00000057
IDT=     00000000070e8018 00000fff
CR0=80010033 CR2=0000000000000000 CR3=0000000007801000 CR4=00000668
DR0=0000000000000000 DR1=0000000000000000 DR2=0000000000000000 DR3=0000000000000000 
DR6=00000000ffff0ff0 DR7=0000000000000400
CCS=0000000000000000 CCD=0000000007ee3680 CCO=EFLAGS
EFER=0000000000000d00
Servicing hardware INT=0x20
   440: v=20 e=0000 i=0 cpl=0 IP=0038:00000000076cf7ca pc=00000000076cf7ca SP=0030:0000000007ee3500 env->regs[R_EAX]=00000000000000ff
RAX=00000000000000ff RBX=0000000007ee3640 RCX=0000000000010001 RDX=0000000007579018
RSI=00000000075ca398 RDI=00000000075a9017 RBP=0000000007ee35d0 RSP=0000000007ee3500
R8 =00000000000000ff R9 =0000000000000000 R10=00000000009ef59c R11=00000000e0000052
R12=0000000000000000 R13=0000000007ee3640 R14=0000000007579018 R15=00000000069b5190
RIP=00000000076cf7ca RFL=00010206 [-----P-] CPL=0 II=0 A20=1 SMM=0 HLT=0
ES =0030 0000000000000000 ffffffff 00cf9300 DPL=0 DS   [-WA]
CS =0038 0000000000000000 ffffffff 00af9a00 DPL=0 CS64 [-R-]
SS =0030 0000000000000000 ffffffff 00cf9300 DPL=0 DS   [-WA]
DS =0030 0000000000000000 ffffffff 00cf9300 DPL=0 DS   [-WA]
FS =0030 0000000000000000 ffffffff 00cf9300 DPL=0 DS   [-WA]
GS =0030 0000000000000000 ffffffff 00cf9300 DPL=0 DS   [-WA]
LDT=0000 0000000000000000 0000ffff 00008200 DPL=0 LDT
TR =0048 00000000075db058 00000067 00008900 DPL=0 TSS64-avl
GDT=     00000000075db000 00000057
IDT=     00000000070e8018 00000fff
CR0=80010033 CR2=0000000000000000 CR3=0000000007801000 CR4=00000668
DR0=0000000000000000 DR1=0000000000000000 DR2=0000000000000000 DR3=0000000000000000 
DR6=00000000ffff0ff0 DR7=0000000000000400
CCS=0000000000000004 CCD=0000000007ee34f0 CCO=EFLAGS
EFER=0000000000000d00
Servicing hardware INT=0x20
   441: v=20 e=0000 i=0 cpl=0 IP=0038:0000000007ee454e pc=0000000007ee454e SP=0030:0000000007ee3600 env->regs[R_EAX]=00000000069ce740
RAX=00000000069ce740 RBX=0000000006990c38 RCX=0000000007f07ee8 RDX=0000000000000000
RSI=0000000007ee3648 RDI=0000000007ee3650 RBP=0000000007ee3620 RSP=0000000007ee3600
R8 =00000000068b0a98 R9 =00000000068b0a98 R10=00000000068ad018 R11=0000000000000004
R12=0000000007ee3650 R13=0000000007ee3648 R14=0000000000000078 R15=00000000068b0b10
RIP=0000000007ee454e RFL=00000283 [--S---C] CPL=0 II=0 A20=1 SMM=0 HLT=0
ES =0030 0000000000000000 ffffffff 00cf9300 DPL=0 DS   [-WA]
CS =0038 0000000000000000 ffffffff 00af9a00 DPL=0 CS64 [-R-]
SS =0030 0000000000000000 ffffffff 00cf9300 DPL=0 DS   [-WA]
DS =0030 0000000000000000 ffffffff 00cf9300 DPL=0 DS   [-WA]
FS =0030 0000000000000000 ffffffff 00cf9300 DPL=0 DS   [-WA]
GS =0030 0000000000000000 ffffffff 00cf9300 DPL=0 DS   [-WA]
LDT=0000 0000000000000000 0000ffff 00008200 DPL=0 LDT
TR =0048 00000000075db058 00000067 00008900 DPL=0 TSS64-avl
GDT=     00000000075db000 00000057
IDT=     00000000070e8018 00000fff
CR0=80010033 CR2=0000000000000000 CR3=0000000007801000 CR4=00000668
DR0=0000000000000000 DR1=0000000000000000 DR2=0000000000000000 DR3=0000000000000000 
DR6=00000000ffff0ff0 DR7=0000000000000400
CCS=0000000000000081 CCD=fffffffffffc24f8 CCO=EFLAGS
EFER=0000000000000d00
Servicing hardware INT=0x20
   442: v=20 e=0000 i=0 cpl=0 IP=0038:000000000692b7e0 pc=000000000692b7e0 SP=0030:0000000007ee3600 env->regs[R_EAX]=0000000000000000
RAX=0000000000000000 RBX=00000000068afaa4 RCX=00000000068afaa4 RDX=00000000068af3a0
RSI=0000000000000020 RDI=0000000000000000 RBP=0000000007ee3630 RSP=0000000007ee3600
R8 =0000000000000004 R9 =00000000068af398 R10=00000000068aed18 R11=000000000000002c
R12=0000000000000000 R13=00000000068af598 R14=00000000068b0818 R15=0000000006930680
RIP=000000000692b7e0 RFL=00000202 [-------] CPL=0 II=0 A20=1 SMM=0 HLT=0
ES =0030 0000000000000000 ffffffff 00cf9300 DPL=0 DS   [-WA]
CS =0038 0000000000000000 ffffffff 00af9a00 DPL=0 CS64 [-R-]
SS =0030 0000000000000000 ffffffff 00cf9300 DPL=0 DS   [-WA]
DS =0030 0000000000000000 ffffffff 00cf9300 DPL=0 DS   [-WA]
FS =0030 0000000000000000 ffffffff 00cf9300 DPL=0 DS   [-WA]
GS =0030 0000000000000000 ffffffff 00cf9300 DPL=0 DS   [-WA]
LDT=0000 0000000000000000 0000ffff 00008200 DPL=0 LDT
TR =0048 00000000075db058 00000067 00008900 DPL=0 TSS64-avl
GDT=     00000000075db000 00000057
IDT=     00000000070e8018 00000fff
CR0=80010033 CR2=0000000000000000 CR3=0000000007801000 CR4=00000668
DR0=0000000000000000 DR1=0000000000000000 DR2=0000000000000000 DR3=0000000000000000 
DR6=00000000ffff0ff0 DR7=0000000000000400
CCS=0000000000000000 CCD=00000000068afaa4 CCO=EFLAGS
EFER=0000000000000d00
Servicing hardware INT=0x20
   443: v=20 e=0000 i=0 cpl=0 IP=0038:000000000692d14d pc=000000000692d14d SP=0030:0000000007ee3620 env->regs[R_EAX]=0000000000000000
RAX=0000000000000000 RBX=00000000068ae418 RCX=0000000006cb25c0 RDX=0000000006898c28
RSI=0000000000000006 RDI=00000000068ae418 RBP=0000000007ee3630 RSP=0000000007ee3620
R8 =0000000000000004 R9 =0000000006898c18 R10=00000000068ae4f8 R11=000000000000000c
R12=0000000000000000 R13=00000000068af598 R14=00000000068ae440 R15=0000000006930680
RIP=000000000692d14d RFL=00000246 [---Z-P-] CPL=0 II=0 A20=1 SMM=0 HLT=0
ES =0030 0000000000000000 ffffffff 00cf9300 DPL=0 DS   [-WA]
CS =0038 0000000000000000 ffffffff 00af9a00 DPL=0 CS64 [-R-]
SS =0030 0000000000000000 ffffffff 00cf9300 DPL=0 DS   [-WA]
DS =0030 0000000000000000 ffffffff 00cf9300 DPL=0 DS   [-WA]
FS =0030 0000000000000000 ffffffff 00cf9300 DPL=0 DS   [-WA]
GS =0030 0000000000000000 ffffffff 00cf9300 DPL=0 DS   [-WA]
LDT=0000 0000000000000000 0000ffff 00008200 DPL=0 LDT
TR =0048 00000000075db058 00000067 00008900 DPL=0 TSS64-avl
GDT=     00000000075db000 00000057
IDT=     00000000070e8018 00000fff
CR0=80010033 CR2=0000000000000000 CR3=0000000007801000 CR4=00000668
DR0=0000000000000000 DR1=0000000000000000 DR2=0000000000000000 DR3=0000000000000000 
DR6=00000000ffff0ff0 DR7=0000000000000400
CCS=0000000000000044 CCD=0000000000000000 CCO=EFLAGS
EFER=0000000000000d00
Servicing hardware INT=0x20
   444: v=20 e=0000 i=0 cpl=0 IP=0038:0000000007ef2817 pc=0000000007ef2817 SP=0030:0000000007ee3338 env->regs[R_EAX]=0000000000000000
RAX=0000000000000000 RBX=0000000000000000 RCX=0000000000000010 RDX=0000000000000000
RSI=0000000000000008 RDI=0000000000000004 RBP=0000000007ee3370 RSP=0000000007ee3338
R8 =0000000007ee33f8 R9 =0000000007ee3500 R10=0000000006c42eb9 R11=000000000000002c
R12=0000000007ee33f8 R13=0000000000000008 R14=0000000000000004 R15=0000000007ee3568
RIP=0000000007ef2817 RFL=00000246 [---Z-P-] CPL=0 II=0 A20=1 SMM=0 HLT=0
ES =0030 0000000000000000 ffffffff 00cf9300 DPL=0 DS   [-WA]
CS =0038 0000000000000000 ffffffff 00af9a00 DPL=0 CS64 [-R-]
SS =0030 0000000000000000 ffffffff 00cf9300 DPL=0 DS   [-WA]
DS =0030 0000000000000000 ffffffff 00cf9300 DPL=0 DS   [-WA]
FS =0030 0000000000000000 ffffffff 00cf9300 DPL=0 DS   [-WA]
GS =0030 0000000000000000 ffffffff 00cf9300 DPL=0 DS   [-WA]
LDT=0000 0000000000000000 0000ffff 00008200 DPL=0 LDT
TR =0048 00000000075db058 00000067 00008900 DPL=0 TSS64-avl
GDT=     00000000075db000 00000057
IDT=     00000000070e8018 00000fff
CR0=80010033 CR2=0000000000000000 CR3=0000000007801000 CR4=00000668
DR0=0000000000000000 DR1=0000000000000000 DR2=0000000000000000 DR3=0000000000000000 
DR6=00000000ffff0ff0 DR7=0000000000000400
CCS=0000000000000044 CCD=0000000000000000 CCO=EFLAGS
EFER=0000000000000d00
Servicing hardware INT=0x20
   445: v=20 e=0000 i=0 cpl=0 IP=0038:00000000068dae1c pc=00000000068dae1c SP=0030:0000000007ee3580 env->regs[R_EAX]=0000000000000013
RAX=0000000000000013 RBX=00000000003d74d7 RCX=000000000000b008 RDX=00000000003d74c4
RSI=0000000007ee3647 RDI=0000000006858018 RBP=0000000007ee35b0 RSP=0000000007ee3580
R8 =0000000000000000 R9 =0000000000000064 R10=0000000000000052 R11=0000000000000004
R12=0000000006858018 R13=0000000007ee3647 R14=0000000000000004 R15=0000000000000003
RIP=00000000068dae1c RFL=00000202 [-------] CPL=0 II=0 A20=1 SMM=0 HLT=0
ES =0030 0000000000000000 ffffffff 00cf9300 DPL=0 DS   [-WA]
CS =0038 0000000000000000 ffffffff 00af9a00 DPL=0 CS64 [-R-]
SS =0030 0000000000000000 ffffffff 00cf9300 DPL=0 DS   [-WA]
DS =0030 0000000000000000 ffffffff 00cf9300 DPL=0 DS   [-WA]
FS =0030 0000000000000000 ffffffff 00cf9300 DPL=0 DS   [-WA]
GS =0030 0000000000000000 ffffffff 00cf9300 DPL=0 DS   [-WA]
LDT=0000 0000000000000000 0000ffff 00008200 DPL=0 LDT
TR =0048 00000000075db058 00000067 00008900 DPL=0 TSS64-avl
GDT=     00000000075db000 00000057
IDT=     00000000070e8018 00000fff
CR0=80010033 CR2=0000000000000000 CR3=0000000007801000 CR4=00000668
DR0=0000000000000000 DR1=0000000000000000 DR2=0000000000000000 DR3=0000000000000000 
DR6=00000000ffff0ff0 DR7=0000000000000400
CCS=0000000000000000 CCD=0000000000000013 CCO=EFLAGS
EFER=0000000000000d00
Servicing hardware INT=0x20
   446: v=20 e=0000 i=0 cpl=0 IP=0038:00000000068dade1 pc=00000000068dade1 SP=0030:0000000007ee3510 env->regs[R_EAX]=00000000003e1072
RAX=00000000003e1072 RBX=000000000000b008 RCX=000000000000b008 RDX=000000000000b008
RSI=0000000007ee3647 RDI=0000000006858018 RBP=0000000007ee3570 RSP=0000000007ee3510
R8 =0000000000000000 R9 =0000000000000064 R10=0000000000000052 R11=0000000000000004
R12=0000000000000000 R13=0000000007ee3647 R14=0000000000000004 R15=0000000000000003
RIP=00000000068dade1 RFL=00000293 [--S-A-C] CPL=0 II=0 A20=1 SMM=0 HLT=0
ES =0030 0000000000000000 ffffffff 00cf9300 DPL=0 DS   [-WA]
CS =0038 0000000000000000 ffffffff 00af9a00 DPL=0 CS64 [-R-]
SS =0030 0000000000000000 ffffffff 00cf9300 DPL=0 DS   [-WA]
DS =0030 0000000000000000 ffffffff 00cf9300 DPL=0 DS   [-WA]
FS =0030 0000000000000000 ffffffff 00cf9300 DPL=0 DS   [-WA]
GS =0030 0000000000000000 ffffffff 00cf9300 DPL=0 DS   [-WA]
LDT=0000 0000000000000000 0000ffff 00008200 DPL=0 LDT
TR =0048 00000000075db058 00000067 00008900 DPL=0 TSS64-avl
GDT=     00000000075db000 00000057
IDT=     00000000070e8018 00000fff
CR0=80010033 CR2=0000000000000000 CR3=0000000007801000 CR4=00000668
DR0=0000000000000000 DR1=0000000000000000 DR2=0000000000000000 DR3=0000000000000000 
DR6=00000000ffff0ff0 DR7=0000000000000400
CCS=0000000000000091 CCD=fffffffffffffffe CCO=EFLAGS
EFER=0000000000000d00
Servicing hardware INT=0x20
   447: v=20 e=0000 i=0 cpl=0 IP=0038:00000000068dade1 pc=00000000068dade1 SP=0030:0000000007ee3510 env->regs[R_EAX]=00000000003e8d33
RAX=00000000003e8d33 RBX=000000000000b008 RCX=000000000000b008 RDX=000000000000b008
RSI=0000000007ee3647 RDI=0000000006858018 RBP=0000000007ee3570 RSP=0000000007ee3510
R8 =0000000000000000 R9 =0000000000000064 R10=0000000000000052 R11=0000000000000004
R12=0000000000000000 R13=0000000007ee3647 R14=0000000000000004 R15=0000000000000003
RIP=00000000068dade1 RFL=00000293 [--S-A-C] CPL=0 II=0 A20=1 SMM=0 HLT=0
ES =0030 0000000000000000 ffffffff 00cf9300 DPL=0 DS   [-WA]
CS =0038 0000000000000000 ffffffff 00af9a00 DPL=0 CS64 [-R-]
SS =0030 0000000000000000 ffffffff 00cf9300 DPL=0 DS   [-WA]
DS =0030 0000000000000000 ffffffff 00cf9300 DPL=0 DS   [-WA]
FS =0030 0000000000000000 ffffffff 00cf9300 DPL=0 DS   [-WA]
GS =0030 0000000000000000 ffffffff 00cf9300 DPL=0 DS   [-WA]
LDT=0000 0000000000000000 0000ffff 00008200 DPL=0 LDT
TR =0048 00000000075db058 00000067 00008900 DPL=0 TSS64-avl
GDT=     00000000075db000 00000057
IDT=     00000000070e8018 00000fff
CR0=80010033 CR2=0000000000000000 CR3=0000000007801000 CR4=00000668
DR0=0000000000000000 DR1=0000000000000000 DR2=0000000000000000 DR3=0000000000000000 
DR6=00000000ffff0ff0 DR7=0000000000000400
CCS=0000000000000091 CCD=fffffffffffffffe CCO=EFLAGS
EFER=0000000000000d00
Servicing hardware INT=0x20
   448: v=20 e=0000 i=0 cpl=0 IP=0038:00000000068dae1c pc=00000000068dae1c SP=0030:0000000007ee3580 env->regs[R_EAX]=000000000000000e
RAX=000000000000000e RBX=00000000003f183f RCX=000000000000b008 RDX=00000000003f1831
RSI=0000000007ee3647 RDI=0000000006858018 RBP=0000000007ee35b0 RSP=0000000007ee3580
R8 =0000000000000000 R9 =0000000000000064 R10=0000000000000052 R11=0000000000000004
R12=0000000006858018 R13=0000000007ee3647 R14=0000000000000004 R15=0000000000000003
RIP=00000000068dae1c RFL=00000202 [-------] CPL=0 II=0 A20=1 SMM=0 HLT=0
ES =0030 0000000000000000 ffffffff 00cf9300 DPL=0 DS   [-WA]
CS =0038 0000000000000000 ffffffff 00af9a00 DPL=0 CS64 [-R-]
SS =0030 0000000000000000 ffffffff 00cf9300 DPL=0 DS   [-WA]
DS =0030 0000000000000000 ffffffff 00cf9300 DPL=0 DS   [-WA]
FS =0030 0000000000000000 ffffffff 00cf9300 DPL=0 DS   [-WA]
GS =0030 0000000000000000 ffffffff 00cf9300 DPL=0 DS   [-WA]
LDT=0000 0000000000000000 0000ffff 00008200 DPL=0 LDT
TR =0048 00000000075db058 00000067 00008900 DPL=0 TSS64-avl
GDT=     00000000075db000 00000057
IDT=     00000000070e8018 00000fff
CR0=80010033 CR2=0000000000000000 CR3=0000000007801000 CR4=00000668
DR0=0000000000000000 DR1=0000000000000000 DR2=0000000000000000 DR3=0000000000000000 
DR6=00000000ffff0ff0 DR7=0000000000000400
CCS=0000000000000000 CCD=000000000000000e CCO=EFLAGS
EFER=0000000000000d00
Servicing hardware INT=0x20
   449: v=20 e=0000 i=0 cpl=0 IP=0038:00000000068dade1 pc=00000000068dade1 SP=0030:0000000007ee3510 env->regs[R_EAX]=00000000003fa458
RAX=00000000003fa458 RBX=000000000000b008 RCX=000000000000b008 RDX=000000000000b008
RSI=0000000007ee3647 RDI=0000000006858018 RBP=0000000007ee3570 RSP=0000000007ee3510
R8 =0000000000000000 R9 =0000000000000064 R10=0000000000000052 R11=0000000000000004
R12=0000000000000000 R13=0000000007ee3647 R14=0000000000000004 R15=0000000000000003
RIP=00000000068dade1 RFL=00000293 [--S-A-C] CPL=0 II=0 A20=1 SMM=0 HLT=0
ES =0030 0000000000000000 ffffffff 00cf9300 DPL=0 DS   [-WA]
CS =0038 0000000000000000 ffffffff 00af9a00 DPL=0 CS64 [-R-]
SS =0030 0000000000000000 ffffffff 00cf9300 DPL=0 DS   [-WA]
DS =0030 0000000000000000 ffffffff 00cf9300 DPL=0 DS   [-WA]
FS =0030 0000000000000000 ffffffff 00cf9300 DPL=0 DS   [-WA]
GS =0030 0000000000000000 ffffffff 00cf9300 DPL=0 DS   [-WA]
LDT=0000 0000000000000000 0000ffff 00008200 DPL=0 LDT
TR =0048 00000000075db058 00000067 00008900 DPL=0 TSS64-avl
GDT=     00000000075db000 00000057
IDT=     00000000070e8018 00000fff
CR0=80010033 CR2=0000000000000000 CR3=0000000007801000 CR4=00000668
DR0=0000000000000000 DR1=0000000000000000 DR2=0000000000000000 DR3=0000000000000000 
DR6=00000000ffff0ff0 DR7=0000000000000400
CCS=0000000000000091 CCD=fffffffffffffffe CCO=EFLAGS
EFER=0000000000000d00
Servicing hardware INT=0x20
   450: v=20 e=0000 i=0 cpl=0 IP=0038:00000000068dae1c pc=00000000068dae1c SP=0030:0000000007ee3580 env->regs[R_EAX]=0000000000000030
RAX=0000000000000030 RBX=0000000000403024 RCX=000000000000b008 RDX=0000000000402ff4
RSI=0000000007ee3647 RDI=0000000006858018 RBP=0000000007ee35b0 RSP=0000000007ee3580
R8 =0000000000000000 R9 =0000000000000064 R10=0000000000000052 R11=0000000000000004
R12=0000000006858018 R13=0000000007ee3647 R14=0000000000000004 R15=0000000000000003
RIP=00000000068dae1c RFL=00000206 [-----P-] CPL=0 II=0 A20=1 SMM=0 HLT=0
ES =0030 0000000000000000 ffffffff 00cf9300 DPL=0 DS   [-WA]
CS =0038 0000000000000000 ffffffff 00af9a00 DPL=0 CS64 [-R-]
SS =0030 0000000000000000 ffffffff 00cf9300 DPL=0 DS   [-WA]
DS =0030 0000000000000000 ffffffff 00cf9300 DPL=0 DS   [-WA]
FS =0030 0000000000000000 ffffffff 00cf9300 DPL=0 DS   [-WA]
GS =0030 0000000000000000 ffffffff 00cf9300 DPL=0 DS   [-WA]
LDT=0000 0000000000000000 0000ffff 00008200 DPL=0 LDT
TR =0048 00000000075db058 00000067 00008900 DPL=0 TSS64-avl
GDT=     00000000075db000 00000057
IDT=     00000000070e8018 00000fff
CR0=80010033 CR2=0000000000000000 CR3=0000000007801000 CR4=00000668
DR0=0000000000000000 DR1=0000000000000000 DR2=0000000000000000 DR3=0000000000000000 
DR6=00000000ffff0ff0 DR7=0000000000000400
CCS=0000000000000004 CCD=0000000000000030 CCO=EFLAGS
EFER=0000000000000d00
Servicing hardware INT=0x20
   451: v=20 e=0000 i=0 cpl=0 IP=0038:00000000068dade1 pc=00000000068dade1 SP=0030:0000000007ee3510 env->regs[R_EAX]=000000000040bc05
RAX=000000000040bc05 RBX=000000000000b008 RCX=000000000000b008 RDX=000000000000b008
RSI=0000000007ee3647 RDI=0000000006858018 RBP=0000000007ee3570 RSP=0000000007ee3510
R8 =0000000000000000 R9 =0000000000000064 R10=0000000000000052 R11=0000000000000004
R12=0000000000000000 R13=0000000007ee3647 R14=0000000000000004 R15=0000000000000003
RIP=00000000068dade1 RFL=00000293 [--S-A-C] CPL=0 II=0 A20=1 SMM=0 HLT=0
ES =0030 0000000000000000 ffffffff 00cf9300 DPL=0 DS   [-WA]
CS =0038 0000000000000000 ffffffff 00af9a00 DPL=0 CS64 [-R-]
SS =0030 0000000000000000 ffffffff 00cf9300 DPL=0 DS   [-WA]
DS =0030 0000000000000000 ffffffff 00cf9300 DPL=0 DS   [-WA]
FS =0030 0000000000000000 ffffffff 00cf9300 DPL=0 DS   [-WA]
GS =0030 0000000000000000 ffffffff 00cf9300 DPL=0 DS   [-WA]
LDT=0000 0000000000000000 0000ffff 00008200 DPL=0 LDT
TR =0048 00000000075db058 00000067 00008900 DPL=0 TSS64-avl
GDT=     00000000075db000 00000057
IDT=     00000000070e8018 00000fff
CR0=80010033 CR2=0000000000000000 CR3=0000000007801000 CR4=00000668
DR0=0000000000000000 DR1=0000000000000000 DR2=0000000000000000 DR3=0000000000000000 
DR6=00000000ffff0ff0 DR7=0000000000000400
CCS=0000000000000091 CCD=fffffffffffffffe CCO=EFLAGS
EFER=0000000000000d00
Servicing hardware INT=0x20
   452: v=20 e=0000 i=0 cpl=0 IP=0038:00000000076cf7ca pc=00000000076cf7ca SP=0030:0000000007ee3420 env->regs[R_EAX]=00000000000000ff
RAX=00000000000000ff RBX=0000000007ee3560 RCX=0000000000010001 RDX=0000000007579018
RSI=00000000075ca398 RDI=00000000075a9017 RBP=0000000007ee34f0 RSP=0000000007ee3420
R8 =00000000000000ff R9 =0000000000000000 R10=ffffffffff45c1ee R11=00000000e0000053
R12=0000000000000000 R13=0000000007ee3560 R14=0000000007579018 R15=0000000006950990
RIP=00000000076cf7ca RFL=00010202 [-------] CPL=0 II=0 A20=1 SMM=0 HLT=0
ES =0030 0000000000000000 ffffffff 00cf9300 DPL=0 DS   [-WA]
CS =0038 0000000000000000 ffffffff 00af9a00 DPL=0 CS64 [-R-]
SS =0030 0000000000000000 ffffffff 00cf9300 DPL=0 DS   [-WA]
DS =0030 0000000000000000 ffffffff 00cf9300 DPL=0 DS   [-WA]
FS =0030 0000000000000000 ffffffff 00cf9300 DPL=0 DS   [-WA]
GS =0030 0000000000000000 ffffffff 00cf9300 DPL=0 DS   [-WA]
LDT=0000 0000000000000000 0000ffff 00008200 DPL=0 LDT
TR =0048 00000000075db058 00000067 00008900 DPL=0 TSS64-avl
GDT=     00000000075db000 00000057
IDT=     00000000070e8018 00000fff
CR0=80010033 CR2=0000000000000000 CR3=0000000007801000 CR4=00000668
DR0=0000000000000000 DR1=0000000000000000 DR2=0000000000000000 DR3=0000000000000000 
DR6=00000000ffff0ff0 DR7=0000000000000400
CCS=0000000000000000 CCD=0000000007ee3410 CCO=EFLAGS
EFER=0000000000000d00
Servicing hardware INT=0x20
   453: v=20 e=0000 i=0 cpl=0 IP=0038:0000000006c42328 pc=0000000006c42328 SP=0030:0000000007ee3320 env->regs[R_EAX]=0000000000000001
RAX=0000000000000001 RBX=0000000000000000 RCX=0000000000000001 RDX=0000000000000cf8
RSI=0000000000000001 RDI=0000000000000000 RBP=0000000007ee3380 RSP=0000000007ee3320
R8 =0000000000000000 R9 =0000000000000cf8 R10=0000000006c42eb9 R11=0000000006719355
R12=0000000007ee3510 R13=0000000000000004 R14=0000000000000000 R15=0000000000009018
RIP=0000000006c42328 RFL=00000202 [-------] CPL=0 II=0 A20=1 SMM=0 HLT=0
ES =0030 0000000000000000 ffffffff 00cf9300 DPL=0 DS   [-WA]
CS =0038 0000000000000000 ffffffff 00af9a00 DPL=0 CS64 [-R-]
SS =0030 0000000000000000 ffffffff 00cf9300 DPL=0 DS   [-WA]
DS =0030 0000000000000000 ffffffff 00cf9300 DPL=0 DS   [-WA]
FS =0030 0000000000000000 ffffffff 00cf9300 DPL=0 DS   [-WA]
GS =0030 0000000000000000 ffffffff 00cf9300 DPL=0 DS   [-WA]
LDT=0000 0000000000000000 0000ffff 00008200 DPL=0 LDT
TR =0048 00000000075db058 00000067 00008900 DPL=0 TSS64-avl
GDT=     00000000075db000 00000057
IDT=     00000000070e8018 00000fff
CR0=80010033 CR2=0000000000000000 CR3=0000000007801000 CR4=00000668
DR0=0000000000000000 DR1=0000000000000000 DR2=0000000000000000 DR3=0000000000000000 
DR6=00000000ffff0ff0 DR7=0000000000000400
CCS=0000000000000038 CCD=0000000000000001 CCO=LOGICB
EFER=0000000000000d00
Servicing hardware INT=0x20
   454: v=20 e=0000 i=0 cpl=0 IP=0038:00000000068f28c5 pc=00000000068f28c5 SP=0030:0000000007ee3300 env->regs[R_EAX]=0000000000425f8b
RAX=0000000000425f8b RBX=000000000000b008 RCX=000000000000b008 RDX=000000000000b008
RSI=0000000000426530 RDI=00000000068967e8 RBP=0000000007ee3360 RSP=0000000007ee3300
R8 =0000000007ee33c0 R9 =0000000000000176 R10=0000000000000000 R11=0000000000000000
R12=0000000000000000 R13=0000000000000014 R14=00000000068574a0 R15=00000000fffffff0
RIP=00000000068f28c5 RFL=00000293 [--S-A-C] CPL=0 II=0 A20=1 SMM=0 HLT=0
ES =0030 0000000000000000 ffffffff 00cf9300 DPL=0 DS   [-WA]
CS =0038 0000000000000000 ffffffff 00af9a00 DPL=0 CS64 [-R-]
SS =0030 0000000000000000 ffffffff 00cf9300 DPL=0 DS   [-WA]
DS =0030 0000000000000000 ffffffff 00cf9300 DPL=0 DS   [-WA]
FS =0030 0000000000000000 ffffffff 00cf9300 DPL=0 DS   [-WA]
GS =0030 0000000000000000 ffffffff 00cf9300 DPL=0 DS   [-WA]
LDT=0000 0000000000000000 0000ffff 00008200 DPL=0 LDT
TR =0048 00000000075db058 00000067 00008900 DPL=0 TSS64-avl
GDT=     00000000075db000 00000057
IDT=     00000000070e8018 00000fff
CR0=80010033 CR2=0000000000000000 CR3=0000000007801000 CR4=00000668
DR0=0000000000000000 DR1=0000000000000000 DR2=0000000000000000 DR3=0000000000000000 
DR6=00000000ffff0ff0 DR7=0000000000000400
CCS=0000000000000091 CCD=00000000000005fe CCO=EFLAGS
EFER=0000000000000d00
Servicing hardware INT=0x20
   455: v=20 e=0000 i=0 cpl=0 IP=0038:00000000068f28c5 pc=00000000068f28c5 SP=0030:0000000007ee2f70 env->regs[R_EAX]=000000000042eb80
RAX=000000000042eb80 RBX=000000000000b008 RCX=000000000000b008 RDX=000000000000b008
RSI=000000000042ef9f RDI=0000000007ee3150 RBP=0000000007ee2fd0 RSP=0000000007ee2f70
R8 =0000000007ee3030 R9 =0000000000000177 R10=0000000000000000 R11=0000000000000000
R12=0000000000000000 R13=0000000000000000 R14=00000000000000a0 R15=00000000ffffff00
RIP=00000000068f28c5 RFL=00000293 [--S-A-C] CPL=0 II=0 A20=1 SMM=0 HLT=0
ES =0030 0000000000000000 ffffffff 00cf9300 DPL=0 DS   [-WA]
CS =0038 0000000000000000 ffffffff 00af9a00 DPL=0 CS64 [-R-]
SS =0030 0000000000000000 ffffffff 00cf9300 DPL=0 DS   [-WA]
DS =0030 0000000000000000 ffffffff 00cf9300 DPL=0 DS   [-WA]
FS =0030 0000000000000000 ffffffff 00cf9300 DPL=0 DS   [-WA]
GS =0030 0000000000000000 ffffffff 00cf9300 DPL=0 DS   [-WA]
LDT=0000 0000000000000000 0000ffff 00008200 DPL=0 LDT
TR =0048 00000000075db058 00000067 00008900 DPL=0 TSS64-avl
GDT=     00000000075db000 00000057
IDT=     00000000070e8018 00000fff
CR0=80010033 CR2=0000000000000000 CR3=0000000007801000 CR4=00000668
DR0=0000000000000000 DR1=0000000000000000 DR2=0000000000000000 DR3=0000000000000000 
DR6=00000000ffff0ff0 DR7=0000000000000400
CCS=0000000000000091 CCD=00000000000003fe CCO=EFLAGS
EFER=0000000000000d00
Servicing hardware INT=0x20
   456: v=20 e=0000 i=0 cpl=0 IP=0038:0000000006934652 pc=0000000006934652 SP=0030:0000000007ee3230 env->regs[R_EAX]=8000000000000000
RAX=8000000000000000 RBX=0000000006845820 RCX=0000000006845820 RDX=0000000000000000
RSI=0000000006845818 RDI=0000000006845b18 RBP=0000000007ee3260 RSP=0000000007ee3230
R8 =00000000000000af R9 =00000000000000b8 R10=0000000000000005 R11=0000000000000001
R12=0000000007ee3300 R13=0000000006845b18 R14=0000000006845b18 R15=0000000006845818
RIP=0000000006934652 RFL=00000206 [-----P-] CPL=0 II=0 A20=1 SMM=0 HLT=0
ES =0030 0000000000000000 ffffffff 00cf9300 DPL=0 DS   [-WA]
CS =0038 0000000000000000 ffffffff 00af9a00 DPL=0 CS64 [-R-]
SS =0030 0000000000000000 ffffffff 00cf9300 DPL=0 DS   [-WA]
DS =0030 0000000000000000 ffffffff 00cf9300 DPL=0 DS   [-WA]
FS =0030 0000000000000000 ffffffff 00cf9300 DPL=0 DS   [-WA]
GS =0030 0000000000000000 ffffffff 00cf9300 DPL=0 DS   [-WA]
LDT=0000 0000000000000000 0000ffff 00008200 DPL=0 LDT
TR =0048 00000000075db058 00000067 00008900 DPL=0 TSS64-avl
GDT=     00000000075db000 00000057
IDT=     00000000070e8018 00000fff
CR0=80010033 CR2=0000000000000000 CR3=0000000007801000 CR4=00000668
DR0=0000000000000000 DR1=0000000000000000 DR2=0000000000000000 DR3=0000000000000000 
DR6=00000000ffff0ff0 DR7=0000000000000400
CCS=0000000000000004 CCD=0000000007ee3218 CCO=EFLAGS
EFER=0000000000000d00
Servicing hardware INT=0x20
   457: v=20 e=0000 i=0 cpl=0 IP=0038:00000000068f2916 pc=00000000068f2916 SP=0030:0000000007ee2f20 env->regs[R_EAX]=0000000000006ea9
RAX=0000000000006ea9 RBX=0000000000002710 RCX=000000000000b008 RDX=000000000044026b
RSI=0000000000447114 RDI=00000000068967d4 RBP=0000000007ee2f50 RSP=0000000007ee2f20
R8 =0000000007ee2f70 R9 =00000000000003f6 R10=0000000000000000 R11=0000000000000000
R12=000000000000c040 R13=0000000000000011 R14=00000000066c0000 R15=0000000000000000
RIP=00000000068f2916 RFL=00000206 [-----P-] CPL=0 II=0 A20=1 SMM=0 HLT=0
ES =0030 0000000000000000 ffffffff 00cf9300 DPL=0 DS   [-WA]
CS =0038 0000000000000000 ffffffff 00af9a00 DPL=0 CS64 [-R-]
SS =0030 0000000000000000 ffffffff 00cf9300 DPL=0 DS   [-WA]
DS =0030 0000000000000000 ffffffff 00cf9300 DPL=0 DS   [-WA]
FS =0030 0000000000000000 ffffffff 00cf9300 DPL=0 DS   [-WA]
GS =0030 0000000000000000 ffffffff 00cf9300 DPL=0 DS   [-WA]
LDT=0000 0000000000000000 0000ffff 00008200 DPL=0 LDT
TR =0048 00000000075db058 00000067 00008900 DPL=0 TSS64-avl
GDT=     00000000075db000 00000057
IDT=     00000000070e8018 00000fff
CR0=80010033 CR2=0000000000000000 CR3=0000000007801000 CR4=00000668
DR0=0000000000000000 DR1=0000000000000000 DR2=0000000000000000 DR3=0000000000000000 
DR6=00000000ffff0ff0 DR7=0000000000000400
CCS=0000000000000004 CCD=0000000000006ea9 CCO=EFLAGS
EFER=0000000000000d00
Servicing hardware INT=0x20
   458: v=20 e=0000 i=0 cpl=0 IP=0038:00000000068f28c5 pc=00000000068f28c5 SP=0030:0000000007ee2cf0 env->regs[R_EAX]=0000000000448eb6
RAX=0000000000448eb6 RBX=000000000000b008 RCX=000000000000b008 RDX=000000000000b008
RSI=0000000000450ebf RDI=00000000068967d4 RBP=0000000007ee2d50 RSP=0000000007ee2cf0
R8 =0000000007ee2db0 R9 =00000000000003f6 R10=0000000000000000 R11=0000000000000000
R12=0000000000000000 R13=0000000000000011 R14=00000000066c0000 R15=0000000000000000
RIP=00000000068f28c5 RFL=00000293 [--S-A-C] CPL=0 II=0 A20=1 SMM=0 HLT=0
ES =0030 0000000000000000 ffffffff 00cf9300 DPL=0 DS   [-WA]
CS =0038 0000000000000000 ffffffff 00af9a00 DPL=0 CS64 [-R-]
SS =0030 0000000000000000 ffffffff 00cf9300 DPL=0 DS   [-WA]
DS =0030 0000000000000000 ffffffff 00cf9300 DPL=0 DS   [-WA]
FS =0030 0000000000000000 ffffffff 00cf9300 DPL=0 DS   [-WA]
GS =0030 0000000000000000 ffffffff 00cf9300 DPL=0 DS   [-WA]
LDT=0000 0000000000000000 0000ffff 00008200 DPL=0 LDT
TR =0048 00000000075db058 00000067 00008900 DPL=0 TSS64-avl
GDT=     00000000075db000 00000057
IDT=     00000000070e8018 00000fff
CR0=80010033 CR2=0000000000000000 CR3=0000000007801000 CR4=00000668
DR0=0000000000000000 DR1=0000000000000000 DR2=0000000000000000 DR3=0000000000000000 
DR6=00000000ffff0ff0 DR7=0000000000000400
CCS=0000000000000091 CCD=0000000000007ffe CCO=EFLAGS
EFER=0000000000000d00
Servicing hardware INT=0x20
   459: v=20 e=0000 i=0 cpl=0 IP=0038:00000000068f28c5 pc=00000000068f28c5 SP=0030:0000000007ee2c80 env->regs[R_EAX]=0000000000451aa1
RAX=0000000000451aa1 RBX=000000000000b008 RCX=000000000000b008 RDX=000000000000b008
RSI=0000000000451c4f RDI=0000000006855440 RBP=0000000007ee2ce0 RSP=0000000007ee2c80
R8 =0000000007ee2d40 R9 =00000000000001f7 R10=0000000000000000 R11=0000000000000000
R12=0000000000000000 R13=0000000000000000 R14=00000000066c00c8 R15=00000000ffffff00
RIP=00000000068f28c5 RFL=00000293 [--S-A-C] CPL=0 II=0 A20=1 SMM=0 HLT=0
ES =0030 0000000000000000 ffffffff 00cf9300 DPL=0 DS   [-WA]
CS =0038 0000000000000000 ffffffff 00af9a00 DPL=0 CS64 [-R-]
SS =0030 0000000000000000 ffffffff 00cf9300 DPL=0 DS   [-WA]
DS =0030 0000000000000000 ffffffff 00cf9300 DPL=0 DS   [-WA]
FS =0030 0000000000000000 ffffffff 00cf9300 DPL=0 DS   [-WA]
GS =0030 0000000000000000 ffffffff 00cf9300 DPL=0 DS   [-WA]
LDT=0000 0000000000000000 0000ffff 00008200 DPL=0 LDT
TR =0048 00000000075db058 00000067 00008900 DPL=0 TSS64-avl
GDT=     00000000075db000 00000057
IDT=     00000000070e8018 00000fff
CR0=80010033 CR2=0000000000000000 CR3=0000000007801000 CR4=00000668
DR0=0000000000000000 DR1=0000000000000000 DR2=0000000000000000 DR3=0000000000000000 
DR6=00000000ffff0ff0 DR7=0000000000000400
CCS=0000000000000091 CCD=00000000000001fe CCO=EFLAGS
EFER=0000000000000d00
Servicing hardware INT=0x20
   460: v=20 e=0000 i=0 cpl=0 IP=0038:00000000068f2916 pc=00000000068f2916 SP=0030:0000000007ee2d60 env->regs[R_EAX]=00000000000003e3
RAX=00000000000003e3 RBX=0000000000002710 RCX=000000000000b008 RDX=000000000045a5f7
RSI=000000000045a9da RDI=00000000068967d4 RBP=0000000007ee2d90 RSP=0000000007ee2d60
R8 =0000000007ee2db0 R9 =00000000000003f6 R10=0000000000000000 R11=0000000000000000
R12=000000000000c040 R13=0000000000000011 R14=00000000066c0000 R15=0000000000000000
RIP=00000000068f2916 RFL=00000202 [-------] CPL=0 II=0 A20=1 SMM=0 HLT=0
ES =0030 0000000000000000 ffffffff 00cf9300 DPL=0 DS   [-WA]
CS =0038 0000000000000000 ffffffff 00af9a00 DPL=0 CS64 [-R-]
SS =0030 0000000000000000 ffffffff 00cf9300 DPL=0 DS   [-WA]
DS =0030 0000000000000000 ffffffff 00cf9300 DPL=0 DS   [-WA]
FS =0030 0000000000000000 ffffffff 00cf9300 DPL=0 DS   [-WA]
GS =0030 0000000000000000 ffffffff 00cf9300 DPL=0 DS   [-WA]
LDT=0000 0000000000000000 0000ffff 00008200 DPL=0 LDT
TR =0048 00000000075db058 00000067 00008900 DPL=0 TSS64-avl
GDT=     00000000075db000 00000057
IDT=     00000000070e8018 00000fff
CR0=80010033 CR2=0000000000000000 CR3=0000000007801000 CR4=00000668
DR0=0000000000000000 DR1=0000000000000000 DR2=0000000000000000 DR3=0000000000000000 
DR6=00000000ffff0ff0 DR7=0000000000000400
CCS=0000000000000000 CCD=00000000000003e3 CCO=EFLAGS
EFER=0000000000000d00
Servicing hardware INT=0x20
   461: v=20 e=0000 i=0 cpl=0 IP=0038:00000000068f2916 pc=00000000068f2916 SP=0030:0000000007ee2f20 env->regs[R_EAX]=00000000000011db
RAX=00000000000011db RBX=0000000000002710 RCX=000000000000b008 RDX=00000000004631db
RSI=00000000004643b6 RDI=00000000068967d4 RBP=0000000007ee2f50 RSP=0000000007ee2f20
R8 =0000000007ee2f70 R9 =00000000000003f6 R10=0000000000000000 R11=0000000000000000
R12=000000000000c040 R13=0000000000000011 R14=00000000066c0000 R15=0000000000000000
RIP=00000000068f2916 RFL=00000206 [-----P-] CPL=0 II=0 A20=1 SMM=0 HLT=0
ES =0030 0000000000000000 ffffffff 00cf9300 DPL=0 DS   [-WA]
CS =0038 0000000000000000 ffffffff 00af9a00 DPL=0 CS64 [-R-]
SS =0030 0000000000000000 ffffffff 00cf9300 DPL=0 DS   [-WA]
DS =0030 0000000000000000 ffffffff 00cf9300 DPL=0 DS   [-WA]
FS =0030 0000000000000000 ffffffff 00cf9300 DPL=0 DS   [-WA]
GS =0030 0000000000000000 ffffffff 00cf9300 DPL=0 DS   [-WA]
LDT=0000 0000000000000000 0000ffff 00008200 DPL=0 LDT
TR =0048 00000000075db058 00000067 00008900 DPL=0 TSS64-avl
GDT=     00000000075db000 00000057
IDT=     00000000070e8018 00000fff
CR0=80010033 CR2=0000000000000000 CR3=0000000007801000 CR4=00000668
DR0=0000000000000000 DR1=0000000000000000 DR2=0000000000000000 DR3=0000000000000000 
DR6=00000000ffff0ff0 DR7=0000000000000400
CCS=0000000000000004 CCD=00000000000011db CCO=EFLAGS
EFER=0000000000000d00
Servicing hardware INT=0x20
   462: v=20 e=0000 i=0 cpl=0 IP=0038:00000000068f2916 pc=00000000068f2916 SP=0030:0000000007ee2d20 env->regs[R_EAX]=000000000000351c
RAX=000000000000351c RBX=0000000000002710 RCX=000000000000b008 RDX=000000000046bd99
RSI=000000000046f2b5 RDI=00000000068967d4 RBP=0000000007ee2d50 RSP=0000000007ee2d20
R8 =0000000007ee2d70 R9 =00000000000003f6 R10=0000000000000000 R11=0000000000000000
R12=000000000000c040 R13=0000000000000011 R14=00000000066c0000 R15=0000000000000000
RIP=00000000068f2916 RFL=00000202 [-------] CPL=0 II=0 A20=1 SMM=0 HLT=0
ES =0030 0000000000000000 ffffffff 00cf9300 DPL=0 DS   [-WA]
CS =0038 0000000000000000 ffffffff 00af9a00 DPL=0 CS64 [-R-]
SS =0030 0000000000000000 ffffffff 00cf9300 DPL=0 DS   [-WA]
DS =0030 0000000000000000 ffffffff 00cf9300 DPL=0 DS   [-WA]
FS =0030 0000000000000000 ffffffff 00cf9300 DPL=0 DS   [-WA]
GS =0030 0000000000000000 ffffffff 00cf9300 DPL=0 DS   [-WA]
LDT=0000 0000000000000000 0000ffff 00008200 DPL=0 LDT
TR =0048 00000000075db058 00000067 00008900 DPL=0 TSS64-avl
GDT=     00000000075db000 00000057
IDT=     00000000070e8018 00000fff
CR0=80010033 CR2=0000000000000000 CR3=0000000007801000 CR4=00000668
DR0=0000000000000000 DR1=0000000000000000 DR2=0000000000000000 DR3=0000000000000000 
DR6=00000000ffff0ff0 DR7=0000000000000400
CCS=0000000000000000 CCD=000000000000351c CCO=EFLAGS
EFER=0000000000000d00
Servicing hardware INT=0x20
   463: v=20 e=0000 i=0 cpl=0 IP=0038:00000000068f2916 pc=00000000068f2916 SP=0030:0000000007ee2b60 env->regs[R_EAX]=00000000000041a3
RAX=00000000000041a3 RBX=0000000000002710 RCX=000000000000b008 RDX=000000000047496e
RSI=0000000000478b11 RDI=00000000068967d4 RBP=0000000007ee2b90 RSP=0000000007ee2b60
R8 =0000000007ee2bb0 R9 =00000000000003f6 R10=0000000000000000 R11=0000000000000000
R12=000000000000c040 R13=0000000000000011 R14=00000000066c0000 R15=0000000000000000
RIP=00000000068f2916 RFL=00000206 [-----P-] CPL=0 II=0 A20=1 SMM=0 HLT=0
ES =0030 0000000000000000 ffffffff 00cf9300 DPL=0 DS   [-WA]
CS =0038 0000000000000000 ffffffff 00af9a00 DPL=0 CS64 [-R-]
SS =0030 0000000000000000 ffffffff 00cf9300 DPL=0 DS   [-WA]
DS =0030 0000000000000000 ffffffff 00cf9300 DPL=0 DS   [-WA]
FS =0030 0000000000000000 ffffffff 00cf9300 DPL=0 DS   [-WA]
GS =0030 0000000000000000 ffffffff 00cf9300 DPL=0 DS   [-WA]
LDT=0000 0000000000000000 0000ffff 00008200 DPL=0 LDT
TR =0048 00000000075db058 00000067 00008900 DPL=0 TSS64-avl
GDT=     00000000075db000 00000057
IDT=     00000000070e8018 00000fff
CR0=80010033 CR2=0000000000000000 CR3=0000000007801000 CR4=00000668
DR0=0000000000000000 DR1=0000000000000000 DR2=0000000000000000 DR3=0000000000000000 
DR6=00000000ffff0ff0 DR7=0000000000000400
CCS=0000000000000004 CCD=00000000000041a3 CCO=EFLAGS
EFER=0000000000000d00
Servicing hardware INT=0x20
   464: v=20 e=0000 i=0 cpl=0 IP=0038:00000000068f2916 pc=00000000068f2916 SP=0030:0000000007ee2b60 env->regs[R_EAX]=0000000000004f8f
RAX=0000000000004f8f RBX=0000000000002710 RCX=000000000000b008 RDX=000000000047d557
RSI=00000000004824e6 RDI=00000000068967d4 RBP=0000000007ee2b90 RSP=0000000007ee2b60
R8 =0000000007ee2bb0 R9 =00000000000003f6 R10=0000000000000000 R11=0000000000000000
R12=000000000000c040 R13=0000000000000011 R14=00000000066c0000 R15=0000000000000000
RIP=00000000068f2916 RFL=00000202 [-------] CPL=0 II=0 A20=1 SMM=0 HLT=0
ES =0030 0000000000000000 ffffffff 00cf9300 DPL=0 DS   [-WA]
CS =0038 0000000000000000 ffffffff 00af9a00 DPL=0 CS64 [-R-]
SS =0030 0000000000000000 ffffffff 00cf9300 DPL=0 DS   [-WA]
DS =0030 0000000000000000 ffffffff 00cf9300 DPL=0 DS   [-WA]
FS =0030 0000000000000000 ffffffff 00cf9300 DPL=0 DS   [-WA]
GS =0030 0000000000000000 ffffffff 00cf9300 DPL=0 DS   [-WA]
LDT=0000 0000000000000000 0000ffff 00008200 DPL=0 LDT
TR =0048 00000000075db058 00000067 00008900 DPL=0 TSS64-avl
GDT=     00000000075db000 00000057
IDT=     00000000070e8018 00000fff
CR0=80010033 CR2=0000000000000000 CR3=0000000007801000 CR4=00000668
DR0=0000000000000000 DR1=0000000000000000 DR2=0000000000000000 DR3=0000000000000000 
DR6=00000000ffff0ff0 DR7=0000000000000400
CCS=0000000000000000 CCD=0000000000004f8f CCO=EFLAGS
EFER=0000000000000d00
Servicing hardware INT=0x20
   465: v=20 e=0000 i=0 cpl=0 IP=0038:00000000068f28c5 pc=00000000068f28c5 SP=0030:0000000007ee2cb0 env->regs[R_EAX]=000000000048619a
RAX=000000000048619a RBX=000000000000b008 RCX=000000000000b008 RDX=000000000000b008
RSI=000000000048bcf5 RDI=00000000068967d4 RBP=0000000007ee2d10 RSP=0000000007ee2cb0
R8 =0000000007ee2d70 R9 =00000000000003f6 R10=0000000000000000 R11=0000000000000000
R12=0000000000000000 R13=0000000000000011 R14=00000000066c0000 R15=0000000000000000
RIP=00000000068f28c5 RFL=00000293 [--S-A-C] CPL=0 II=0 A20=1 SMM=0 HLT=0
ES =0030 0000000000000000 ffffffff 00cf9300 DPL=0 DS   [-WA]
CS =0038 0000000000000000 ffffffff 00af9a00 DPL=0 CS64 [-R-]
SS =0030 0000000000000000 ffffffff 00cf9300 DPL=0 DS   [-WA]
DS =0030 0000000000000000 ffffffff 00cf9300 DPL=0 DS   [-WA]
FS =0030 0000000000000000 ffffffff 00cf9300 DPL=0 DS   [-WA]
GS =0030 0000000000000000 ffffffff 00cf9300 DPL=0 DS   [-WA]
LDT=0000 0000000000000000 0000ffff 00008200 DPL=0 LDT
TR =0048 00000000075db058 00000067 00008900 DPL=0 TSS64-avl
GDT=     00000000075db000 00000057
IDT=     00000000070e8018 00000fff
CR0=80010033 CR2=0000000000000000 CR3=0000000007801000 CR4=00000668
DR0=0000000000000000 DR1=0000000000000000 DR2=0000000000000000 DR3=0000000000000000 
DR6=00000000ffff0ff0 DR7=0000000000000400
CCS=0000000000000091 CCD=0000000000005afe CCO=EFLAGS
EFER=0000000000000d00
Servicing hardware INT=0x20
   466: v=20 e=0000 i=0 cpl=0 IP=0038:00000000068f28c5 pc=00000000068f28c5 SP=0030:0000000007ee2df0 env->regs[R_EAX]=000000000048eda4
RAX=000000000048eda4 RBX=000000000000b008 RCX=000000000000b008 RDX=000000000000b008
RSI=0000000000495960 RDI=00000000068967d4 RBP=0000000007ee2e50 RSP=0000000007ee2df0
R8 =0000000007ee2eb0 R9 =00000000000003f6 R10=0000000000000000 R11=0000000000000000
R12=0000000000000000 R13=0000000000000011 R14=00000000066c0000 R15=0000000000000000
RIP=00000000068f28c5 RFL=00000293 [--S-A-C] CPL=0 II=0 A20=1 SMM=0 HLT=0
ES =0030 0000000000000000 ffffffff 00cf9300 DPL=0 DS   [-WA]
CS =0038 0000000000000000 ffffffff 00af9a00 DPL=0 CS64 [-R-]
SS =0030 0000000000000000 ffffffff 00cf9300 DPL=0 DS   [-WA]
DS =0030 0000000000000000 ffffffff 00cf9300 DPL=0 DS   [-WA]
FS =0030 0000000000000000 ffffffff 00cf9300 DPL=0 DS   [-WA]
GS =0030 0000000000000000 ffffffff 00cf9300 DPL=0 DS   [-WA]
LDT=0000 0000000000000000 0000ffff 00008200 DPL=0 LDT
TR =0048 00000000075db058 00000067 00008900 DPL=0 TSS64-avl
GDT=     00000000075db000 00000057
IDT=     00000000070e8018 00000fff
CR0=80010033 CR2=0000000000000000 CR3=0000000007801000 CR4=00000668
DR0=0000000000000000 DR1=0000000000000000 DR2=0000000000000000 DR3=0000000000000000 
DR6=00000000ffff0ff0 DR7=0000000000000400
CCS=0000000000000091 CCD=0000000000006bfe CCO=EFLAGS
EFER=0000000000000d00
Servicing hardware INT=0x20
   467: v=20 e=0000 i=0 cpl=0 IP=0038:00000000068f2916 pc=00000000068f2916 SP=0030:0000000007ee2db0 env->regs[R_EAX]=0000000000007c46
RAX=0000000000007c46 RBX=0000000000002710 RCX=000000000000b008 RDX=00000000004978ca
RSI=000000000049f510 RDI=00000000068967d4 RBP=0000000007ee2de0 RSP=0000000007ee2db0
R8 =0000000007ee2e00 R9 =00000000000003f6 R10=0000000000000000 R11=0000000000000000
R12=000000000000c040 R13=0000000000000011 R14=00000000066c0000 R15=0000000000000000
RIP=00000000068f2916 RFL=00000202 [-------] CPL=0 II=0 A20=1 SMM=0 HLT=0
ES =0030 0000000000000000 ffffffff 00cf9300 DPL=0 DS   [-WA]
CS =0038 0000000000000000 ffffffff 00af9a00 DPL=0 CS64 [-R-]
SS =0030 0000000000000000 ffffffff 00cf9300 DPL=0 DS   [-WA]
DS =0030 0000000000000000 ffffffff 00cf9300 DPL=0 DS   [-WA]
FS =0030 0000000000000000 ffffffff 00cf9300 DPL=0 DS   [-WA]
GS =0030 0000000000000000 ffffffff 00cf9300 DPL=0 DS   [-WA]
LDT=0000 0000000000000000 0000ffff 00008200 DPL=0 LDT
TR =0048 00000000075db058 00000067 00008900 DPL=0 TSS64-avl
GDT=     00000000075db000 00000057
IDT=     00000000070e8018 00000fff
CR0=80010033 CR2=0000000000000000 CR3=0000000007801000 CR4=00000668
DR0=0000000000000000 DR1=0000000000000000 DR2=0000000000000000 DR3=0000000000000000 
DR6=00000000ffff0ff0 DR7=0000000000000400
CCS=0000000000000000 CCD=0000000000007c46 CCO=EFLAGS
EFER=0000000000000d00
Servicing hardware INT=0x20
   468: v=20 e=0000 i=0 cpl=0 IP=0038:0000000007f01afa pc=0000000007f01afa SP=0030:0000000007ee3250 env->regs[R_EAX]=00000000000000af
RAX=00000000000000af RBX=0000000007f09fe0 RCX=0000000000420001 RDX=0000000006245018
RSI=0000000007f09aa0 RDI=00000000062a5017 RBP=0000000007ee32e0 RSP=0000000007ee3250
R8 =00000000000000af R9 =0000000000481000 R10=0000000000000000 R11=0000000000000000
R12=0000000000480028 R13=0000000006245018 R14=0000000000480000 R15=0000000006245000
RIP=0000000007f01afa RFL=00010202 [-------] CPL=0 II=0 A20=1 SMM=0 HLT=0
ES =0030 0000000000000000 ffffffff 00cf9300 DPL=0 DS   [-WA]
CS =0038 0000000000000000 ffffffff 00af9a00 DPL=0 CS64 [-R-]
SS =0030 0000000000000000 ffffffff 00cf9300 DPL=0 DS   [-WA]
DS =0030 0000000000000000 ffffffff 00cf9300 DPL=0 DS   [-WA]
FS =0030 0000000000000000 ffffffff 00cf9300 DPL=0 DS   [-WA]
GS =0030 0000000000000000 ffffffff 00cf9300 DPL=0 DS   [-WA]
LDT=0000 0000000000000000 0000ffff 00008200 DPL=0 LDT
TR =0048 00000000075db058 00000067 00008900 DPL=0 TSS64-avl
GDT=     00000000075db000 00000057
IDT=     00000000070e8018 00000fff
CR0=80010033 CR2=0000000000000000 CR3=0000000007801000 CR4=00000668
DR0=0000000000000000 DR1=0000000000000000 DR2=0000000000000000 DR3=0000000000000000 
DR6=00000000ffff0ff0 DR7=0000000000000400
CCS=0000000000000000 CCD=0000000007ee3238 CCO=EFLAGS
EFER=0000000000000d00
Servicing hardware INT=0x20
   469: v=20 e=0000 i=0 cpl=0 IP=0038:0000000007f01afc pc=0000000007f01afc SP=0030:0000000007ee3250 env->regs[R_EAX]=00000000000000af
RAX=00000000000000af RBX=0000000007f09fe0 RCX=0000000000000000 RDX=0000000006245018
RSI=0000000007f09aa0 RDI=00000000066c5018 RBP=0000000007ee32e0 RSP=0000000007ee3250
R8 =00000000000000af R9 =0000000000481000 R10=0000000000000000 R11=0000000000000000
R12=0000000000480028 R13=0000000006245018 R14=0000000000480000 R15=0000000006245000
RIP=0000000007f01afc RFL=00000202 [-------] CPL=0 II=0 A20=1 SMM=0 HLT=0
ES =0030 0000000000000000 ffffffff 00cf9300 DPL=0 DS   [-WA]
CS =0038 0000000000000000 ffffffff 00af9a00 DPL=0 CS64 [-R-]
SS =0030 0000000000000000 ffffffff 00cf9300 DPL=0 DS   [-WA]
DS =0030 0000000000000000 ffffffff 00cf9300 DPL=0 DS   [-WA]
FS =0030 0000000000000000 ffffffff 00cf9300 DPL=0 DS   [-WA]
GS =0030 0000000000000000 ffffffff 00cf9300 DPL=0 DS   [-WA]
LDT=0000 0000000000000000 0000ffff 00008200 DPL=0 LDT
TR =0048 00000000075db058 00000067 00008900 DPL=0 TSS64-avl
GDT=     00000000075db000 00000057
IDT=     00000000070e8018 00000fff
CR0=80010033 CR2=0000000000000000 CR3=0000000007801000 CR4=00000668
DR0=0000000000000000 DR1=0000000000000000 DR2=0000000000000000 DR3=0000000000000000 
DR6=00000000ffff0ff0 DR7=0000000000000400
CCS=0000000000000000 CCD=0000000000000000 CCO=EFLAGS
EFER=0000000000000d00
Servicing hardware INT=0x20
   470: v=20 e=0000 i=0 cpl=0 IP=0038:00000000068f2916 pc=00000000068f2916 SP=0030:0000000007ee2920 env->regs[R_EAX]=000000000000464f
RAX=000000000000464f RBX=0000000000002710 RCX=000000000000b008 RDX=00000000004b1c37
RSI=00000000004b6286 RDI=00000000068967d4 RBP=0000000007ee2950 RSP=0000000007ee2920
R8 =0000000007ee2970 R9 =00000000000003f6 R10=0000000000000000 R11=0000000000000000
R12=000000000000c040 R13=0000000000000011 R14=0000000006230000 R15=0000000000000000
RIP=00000000068f2916 RFL=00000202 [-------] CPL=0 II=0 A20=1 SMM=0 HLT=0
ES =0030 0000000000000000 ffffffff 00cf9300 DPL=0 DS   [-WA]
CS =0038 0000000000000000 ffffffff 00af9a00 DPL=0 CS64 [-R-]
SS =0030 0000000000000000 ffffffff 00cf9300 DPL=0 DS   [-WA]
DS =0030 0000000000000000 ffffffff 00cf9300 DPL=0 DS   [-WA]
FS =0030 0000000000000000 ffffffff 00cf9300 DPL=0 DS   [-WA]
GS =0030 0000000000000000 ffffffff 00cf9300 DPL=0 DS   [-WA]
LDT=0000 0000000000000000 0000ffff 00008200 DPL=0 LDT
TR =0048 00000000075db058 00000067 00008900 DPL=0 TSS64-avl
GDT=     00000000075db000 00000057
IDT=     00000000070e8018 00000fff
CR0=80010033 CR2=0000000000000000 CR3=0000000007801000 CR4=00000668
DR0=0000000000000000 DR1=0000000000000000 DR2=0000000000000000 DR3=0000000000000000 
DR6=00000000ffff0ff0 DR7=0000000000000400
CCS=0000000000000000 CCD=000000000000464f CCO=EFLAGS
EFER=0000000000000d00
Servicing hardware INT=0x20
   471: v=20 e=0000 i=0 cpl=0 IP=0038:00000000068f28c5 pc=00000000068f28c5 SP=0030:0000000007ee2e90 env->regs[R_EAX]=00000000004ba8b8
RAX=00000000004ba8b8 RBX=000000000000b008 RCX=000000000000b008 RDX=000000000000b008
RSI=00000000004c0d2b RDI=00000000068967d4 RBP=0000000007ee2ef0 RSP=0000000007ee2e90
R8 =0000000007ee2f50 R9 =00000000000003f6 R10=0000000000000000 R11=0000000000000000
R12=0000000000000000 R13=0000000000000011 R14=0000000006230000 R15=0000000000000000
RIP=00000000068f28c5 RFL=00000293 [--S-A-C] CPL=0 II=0 A20=1 SMM=0 HLT=0
ES =0030 0000000000000000 ffffffff 00cf9300 DPL=0 DS   [-WA]
CS =0038 0000000000000000 ffffffff 00af9a00 DPL=0 CS64 [-R-]
SS =0030 0000000000000000 ffffffff 00cf9300 DPL=0 DS   [-WA]
DS =0030 0000000000000000 ffffffff 00cf9300 DPL=0 DS   [-WA]
FS =0030 0000000000000000 ffffffff 00cf9300 DPL=0 DS   [-WA]
GS =0030 0000000000000000 ffffffff 00cf9300 DPL=0 DS   [-WA]
LDT=0000 0000000000000000 0000ffff 00008200 DPL=0 LDT
TR =0048 00000000075db058 00000067 00008900 DPL=0 TSS64-avl
GDT=     00000000075db000 00000057
IDT=     00000000070e8018 00000fff
CR0=80010033 CR2=0000000000000000 CR3=0000000007801000 CR4=00000668
DR0=0000000000000000 DR1=0000000000000000 DR2=0000000000000000 DR3=0000000000000000 
DR6=00000000ffff0ff0 DR7=0000000000000400
CCS=0000000000000091 CCD=00000000000064fe CCO=EFLAGS
EFER=0000000000000d00
Servicing hardware INT=0x20
   472: v=20 e=0000 i=0 cpl=0 IP=0038:00000000076cf7cc pc=00000000076cf7cc SP=0030:0000000007ee3540 env->regs[R_EAX]=00000000000000ff
RAX=00000000000000ff RBX=0000000007ee36a8 RCX=0000000000000000 RDX=0000000007579018
RSI=00000000075ba07c RDI=00000000075b9018 RBP=0000000007ee3610 RSP=0000000007ee3540
R8 =00000000000000ff R9 =0000000000000000 R10=0000000000000000 R11=0000000000000000
R12=0000000007ee36a8 R13=0000000007ee35b8 R14=0000000007579018 R15=00000000068400ea
RIP=00000000076cf7cc RFL=00000206 [-----P-] CPL=0 II=0 A20=1 SMM=0 HLT=0
ES =0030 0000000000000000 ffffffff 00cf9300 DPL=0 DS   [-WA]
CS =0038 0000000000000000 ffffffff 00af9a00 DPL=0 CS64 [-R-]
SS =0030 0000000000000000 ffffffff 00cf9300 DPL=0 DS   [-WA]
DS =0030 0000000000000000 ffffffff 00cf9300 DPL=0 DS   [-WA]
FS =0030 0000000000000000 ffffffff 00cf9300 DPL=0 DS   [-WA]
GS =0030 0000000000000000 ffffffff 00cf9300 DPL=0 DS   [-WA]
LDT=0000 0000000000000000 0000ffff 00008200 DPL=0 LDT
TR =0048 00000000075db058 00000067 00008900 DPL=0 TSS64-avl
GDT=     00000000075db000 00000057
IDT=     00000000070e8018 00000fff
CR0=80010033 CR2=0000000000000000 CR3=0000000007801000 CR4=00000668
DR0=0000000000000000 DR1=0000000000000000 DR2=0000000000000000 DR3=0000000000000000 
DR6=00000000ffff0ff0 DR7=0000000000000400
CCS=0000000000000004 CCD=0000000007ee3530 CCO=EFLAGS
EFER=0000000000000d00
Servicing hardware INT=0x20
   473: v=20 e=0000 i=0 cpl=0 IP=0038:00000000076cf7ca pc=00000000076cf7ca SP=0030:0000000007ee35f0 env->regs[R_EAX]=00000000000000ff
RAX=00000000000000ff RBX=0000000007ee3730 RCX=0000000000010001 RDX=0000000007579018
RSI=00000000075ba07c RDI=00000000075a9017 RBP=0000000007ee36c0 RSP=0000000007ee35f0
R8 =00000000000000ff R9 =0000000000000000 R10=ffffffffff34edce R11=00000000076d7435
R12=0000000000000000 R13=0000000007ee3668 R14=0000000007579018 R15=00000000069b5000
RIP=00000000076cf7ca RFL=00010202 [-------] CPL=0 II=0 A20=1 SMM=0 HLT=0
ES =0030 0000000000000000 ffffffff 00cf9300 DPL=0 DS   [-WA]
CS =0038 0000000000000000 ffffffff 00af9a00 DPL=0 CS64 [-R-]
SS =0030 0000000000000000 ffffffff 00cf9300 DPL=0 DS   [-WA]
DS =0030 0000000000000000 ffffffff 00cf9300 DPL=0 DS   [-WA]
FS =0030 0000000000000000 ffffffff 00cf9300 DPL=0 DS   [-WA]
GS =0030 0000000000000000 ffffffff 00cf9300 DPL=0 DS   [-WA]
LDT=0000 0000000000000000 0000ffff 00008200 DPL=0 LDT
TR =0048 00000000075db058 00000067 00008900 DPL=0 TSS64-avl
GDT=     00000000075db000 00000057
IDT=     00000000070e8018 00000fff
CR0=80010033 CR2=0000000000000000 CR3=0000000007801000 CR4=00000668
DR0=0000000000000000 DR1=0000000000000000 DR2=0000000000000000 DR3=0000000000000000 
DR6=00000000ffff0ff0 DR7=0000000000000400
CCS=0000000000000000 CCD=0000000007ee35e0 CCO=EFLAGS
EFER=0000000000000d00
Servicing hardware INT=0x20
   474: v=20 e=0000 i=0 cpl=0 IP=0038:00000000068f28c5 pc=00000000068f28c5 SP=0030:0000000007ee2f40 env->regs[R_EAX]=00000000004d4cad
RAX=00000000004d4cad RBX=000000000000b008 RCX=000000000000b008 RDX=000000000000b008
RSI=00000000004d8849 RDI=00000000068967d4 RBP=0000000007ee2fa0 RSP=0000000007ee2f40
R8 =0000000007ee3000 R9 =00000000000003f6 R10=0000000000000000 R11=0000000000000000
R12=0000000000000000 R13=0000000000000011 R14=0000000006230000 R15=0000000000000000
RIP=00000000068f28c5 RFL=00000293 [--S-A-C] CPL=0 II=0 A20=1 SMM=0 HLT=0
ES =0030 0000000000000000 ffffffff 00cf9300 DPL=0 DS   [-WA]
CS =0038 0000000000000000 ffffffff 00af9a00 DPL=0 CS64 [-R-]
SS =0030 0000000000000000 ffffffff 00cf9300 DPL=0 DS   [-WA]
DS =0030 0000000000000000 ffffffff 00cf9300 DPL=0 DS   [-WA]
FS =0030 0000000000000000 ffffffff 00cf9300 DPL=0 DS   [-WA]
GS =0030 0000000000000000 ffffffff 00cf9300 DPL=0 DS   [-WA]
LDT=0000 0000000000000000 0000ffff 00008200 DPL=0 LDT
TR =0048 00000000075db058 00000067 00008900 DPL=0 TSS64-avl
GDT=     00000000075db000 00000057
IDT=     00000000070e8018 00000fff
CR0=80010033 CR2=0000000000000000 CR3=0000000007801000 CR4=00000668
DR0=0000000000000000 DR1=0000000000000000 DR2=0000000000000000 DR3=0000000000000000 
DR6=00000000ffff0ff0 DR7=0000000000000400
CCS=0000000000000091 CCD=0000000000003bfe CCO=EFLAGS
EFER=0000000000000d00
Servicing hardware INT=0x20
   475: v=20 e=0000 i=0 cpl=0 IP=0038:00000000068f28c5 pc=00000000068f28c5 SP=0030:0000000007ee2f40 env->regs[R_EAX]=00000000004dd812
RAX=00000000004dd812 RBX=000000000000b008 RCX=000000000000b008 RDX=000000000000b008
RSI=00000000004e3835 RDI=00000000068967d4 RBP=0000000007ee2fa0 RSP=0000000007ee2f40
R8 =0000000007ee3000 R9 =00000000000003f6 R10=0000000000000000 R11=0000000000000000
R12=0000000000000000 R13=0000000000000011 R14=0000000006230000 R15=0000000000000000
RIP=00000000068f28c5 RFL=00000293 [--S-A-C] CPL=0 II=0 A20=1 SMM=0 HLT=0
ES =0030 0000000000000000 ffffffff 00cf9300 DPL=0 DS   [-WA]
CS =0038 0000000000000000 ffffffff 00af9a00 DPL=0 CS64 [-R-]
SS =0030 0000000000000000 ffffffff 00cf9300 DPL=0 DS   [-WA]
DS =0030 0000000000000000 ffffffff 00cf9300 DPL=0 DS   [-WA]
FS =0030 0000000000000000 ffffffff 00cf9300 DPL=0 DS   [-WA]
GS =0030 0000000000000000 ffffffff 00cf9300 DPL=0 DS   [-WA]
LDT=0000 0000000000000000 0000ffff 00008200 DPL=0 LDT
TR =0048 00000000075db058 00000067 00008900 DPL=0 TSS64-avl
GDT=     00000000075db000 00000057
IDT=     00000000070e8018 00000fff
CR0=80010033 CR2=0000000000000000 CR3=0000000007801000 CR4=00000668
DR0=0000000000000000 DR1=0000000000000000 DR2=0000000000000000 DR3=0000000000000000 
DR6=00000000ffff0ff0 DR7=0000000000000400
CCS=0000000000000091 CCD=0000000000005ffe CCO=EFLAGS
EFER=0000000000000d00
Servicing hardware INT=0x20
   476: v=20 e=0000 i=0 cpl=0 IP=0038:00000000068f28c5 pc=00000000068f28c5 SP=0030:0000000007ee2f40 env->regs[R_EAX]=00000000004e672f
RAX=00000000004e672f RBX=000000000000b008 RCX=000000000000b008 RDX=000000000000b008
RSI=00000000004e5a04 RDI=00000000068967d4 RBP=0000000007ee2fa0 RSP=0000000007ee2f40
R8 =0000000007ee2fcf R9 =000000000000c042 R10=0000000000000000 R11=0000000000000000
R12=0000000000000000 R13=0000000000000011 R14=0000000006230000 R15=0000000000000000
RIP=00000000068f28c5 RFL=00000293 [--S-A-C] CPL=0 II=0 A20=1 SMM=0 HLT=0
ES =0030 0000000000000000 ffffffff 00cf9300 DPL=0 DS   [-WA]
CS =0038 0000000000000000 ffffffff 00af9a00 DPL=0 CS64 [-R-]
SS =0030 0000000000000000 ffffffff 00cf9300 DPL=0 DS   [-WA]
DS =0030 0000000000000000 ffffffff 00cf9300 DPL=0 DS   [-WA]
FS =0030 0000000000000000 ffffffff 00cf9300 DPL=0 DS   [-WA]
GS =0030 0000000000000000 ffffffff 00cf9300 DPL=0 DS   [-WA]
LDT=0000 0000000000000000 0000ffff 00008200 DPL=0 LDT
TR =0048 00000000075db058 00000067 00008900 DPL=0 TSS64-avl
GDT=     00000000075db000 00000057
IDT=     00000000070e8018 00000fff
CR0=80010033 CR2=0000000000000000 CR3=0000000007801000 CR4=00000668
DR0=0000000000000000 DR1=0000000000000000 DR2=0000000000000000 DR3=0000000000000000 
DR6=00000000ffff0ff0 DR7=0000000000000400
CCS=0000000000000091 CCD=00000000000000fe CCO=EFLAGS
EFER=0000000000000d00
Servicing hardware INT=0x20
   477: v=20 e=0000 i=0 cpl=0 IP=0038:00000000068f2916 pc=00000000068f2916 SP=0030:0000000007ee2fb0 env->regs[R_EAX]=00000000000004a5
RAX=00000000000004a5 RBX=0000000000002710 RCX=000000000000b008 RDX=00000000004eef24
RSI=00000000004ef3c9 RDI=00000000068967d4 RBP=0000000007ee2fe0 RSP=0000000007ee2fb0
R8 =0000000007ee3000 R9 =00000000000003f6 R10=0000000000000000 R11=0000000000000000
R12=000000000000c040 R13=0000000000000011 R14=0000000006230000 R15=0000000000000000
RIP=00000000068f2916 RFL=00000206 [-----P-] CPL=0 II=0 A20=1 SMM=0 HLT=0
ES =0030 0000000000000000 ffffffff 00cf9300 DPL=0 DS   [-WA]
CS =0038 0000000000000000 ffffffff 00af9a00 DPL=0 CS64 [-R-]
SS =0030 0000000000000000 ffffffff 00cf9300 DPL=0 DS   [-WA]
DS =0030 0000000000000000 ffffffff 00cf9300 DPL=0 DS   [-WA]
FS =0030 0000000000000000 ffffffff 00cf9300 DPL=0 DS   [-WA]
GS =0030 0000000000000000 ffffffff 00cf9300 DPL=0 DS   [-WA]
LDT=0000 0000000000000000 0000ffff 00008200 DPL=0 LDT
TR =0048 00000000075db058 00000067 00008900 DPL=0 TSS64-avl
GDT=     00000000075db000 00000057
IDT=     00000000070e8018 00000fff
CR0=80010033 CR2=0000000000000000 CR3=0000000007801000 CR4=00000668
DR0=0000000000000000 DR1=0000000000000000 DR2=0000000000000000 DR3=0000000000000000 
DR6=00000000ffff0ff0 DR7=0000000000000400
CCS=0000000000000004 CCD=00000000000004a5 CCO=EFLAGS
EFER=0000000000000d00
Servicing hardware INT=0x20
   478: v=20 e=0000 i=0 cpl=0 IP=0038:00000000068f2916 pc=00000000068f2916 SP=0030:0000000007ee2ff0 env->regs[R_EAX]=0000000000002dd6
RAX=0000000000002dd6 RBX=0000000000002710 RCX=000000000000b008 RDX=00000000004f7ad8
RSI=00000000004fa8ae RDI=00000000068967d4 RBP=0000000007ee3020 RSP=0000000007ee2ff0
R8 =0000000007ee3040 R9 =00000000000003f6 R10=0000000000000000 R11=0000000000000000
R12=000000000000c040 R13=0000000000000011 R14=0000000006230000 R15=0000000000000000
RIP=00000000068f2916 RFL=00000202 [-------] CPL=0 II=0 A20=1 SMM=0 HLT=0
ES =0030 0000000000000000 ffffffff 00cf9300 DPL=0 DS   [-WA]
CS =0038 0000000000000000 ffffffff 00af9a00 DPL=0 CS64 [-R-]
SS =0030 0000000000000000 ffffffff 00cf9300 DPL=0 DS   [-WA]
DS =0030 0000000000000000 ffffffff 00cf9300 DPL=0 DS   [-WA]
FS =0030 0000000000000000 ffffffff 00cf9300 DPL=0 DS   [-WA]
GS =0030 0000000000000000 ffffffff 00cf9300 DPL=0 DS   [-WA]
LDT=0000 0000000000000000 0000ffff 00008200 DPL=0 LDT
TR =0048 00000000075db058 00000067 00008900 DPL=0 TSS64-avl
GDT=     00000000075db000 00000057
IDT=     00000000070e8018 00000fff
CR0=80010033 CR2=0000000000000000 CR3=0000000007801000 CR4=00000668
DR0=0000000000000000 DR1=0000000000000000 DR2=0000000000000000 DR3=0000000000000000 
DR6=00000000ffff0ff0 DR7=0000000000000400
CCS=0000000000000000 CCD=0000000000002dd6 CCO=EFLAGS
EFER=0000000000000d00
Servicing hardware INT=0x20
   479: v=20 e=0000 i=0 cpl=0 IP=0038:00000000068f2916 pc=00000000068f2916 SP=0030:0000000007ee2ff0 env->regs[R_EAX]=000000000000548d
RAX=000000000000548d RBX=0000000000002710 RCX=000000000000b008 RDX=000000000050069a
RSI=0000000000505b27 RDI=00000000068967d4 RBP=0000000007ee3020 RSP=0000000007ee2ff0
R8 =0000000007ee3040 R9 =00000000000003f6 R10=0000000000000000 R11=0000000000000000
R12=000000000000c040 R13=0000000000000011 R14=0000000006230000 R15=0000000000000000
RIP=00000000068f2916 RFL=00000206 [-----P-] CPL=0 II=0 A20=1 SMM=0 HLT=0
ES =0030 0000000000000000 ffffffff 00cf9300 DPL=0 DS   [-WA]
CS =0038 0000000000000000 ffffffff 00af9a00 DPL=0 CS64 [-R-]
SS =0030 0000000000000000 ffffffff 00cf9300 DPL=0 DS   [-WA]
DS =0030 0000000000000000 ffffffff 00cf9300 DPL=0 DS   [-WA]
FS =0030 0000000000000000 ffffffff 00cf9300 DPL=0 DS   [-WA]
GS =0030 0000000000000000 ffffffff 00cf9300 DPL=0 DS   [-WA]
LDT=0000 0000000000000000 0000ffff 00008200 DPL=0 LDT
TR =0048 00000000075db058 00000067 00008900 DPL=0 TSS64-avl
GDT=     00000000075db000 00000057
IDT=     00000000070e8018 00000fff
CR0=80010033 CR2=0000000000000000 CR3=0000000007801000 CR4=00000668
DR0=0000000000000000 DR1=0000000000000000 DR2=0000000000000000 DR3=0000000000000000 
DR6=00000000ffff0ff0 DR7=0000000000000400
CCS=0000000000000004 CCD=000000000000548d CCO=EFLAGS
EFER=0000000000000d00
Servicing hardware INT=0x20
   480: v=20 e=0000 i=0 cpl=0 IP=0038:00000000068f28c5 pc=00000000068f28c5 SP=0030:0000000007ee2f80 env->regs[R_EAX]=00000000005092f0
RAX=00000000005092f0 RBX=000000000000b008 RCX=000000000000b008 RDX=000000000000b008
RSI=000000000051138e RDI=00000000068967d4 RBP=0000000007ee2fe0 RSP=0000000007ee2f80
R8 =0000000007ee3040 R9 =00000000000003f6 R10=0000000000000000 R11=0000000000000000
R12=0000000000000000 R13=0000000000000011 R14=0000000006230000 R15=0000000000000000
RIP=00000000068f28c5 RFL=00000293 [--S-A-C] CPL=0 II=0 A20=1 SMM=0 HLT=0
ES =0030 0000000000000000 ffffffff 00cf9300 DPL=0 DS   [-WA]
CS =0038 0000000000000000 ffffffff 00af9a00 DPL=0 CS64 [-R-]
SS =0030 0000000000000000 ffffffff 00cf9300 DPL=0 DS   [-WA]
DS =0030 0000000000000000 ffffffff 00cf9300 DPL=0 DS   [-WA]
FS =0030 0000000000000000 ffffffff 00cf9300 DPL=0 DS   [-WA]
GS =0030 0000000000000000 ffffffff 00cf9300 DPL=0 DS   [-WA]
LDT=0000 0000000000000000 0000ffff 00008200 DPL=0 LDT
TR =0048 00000000075db058 00000067 00008900 DPL=0 TSS64-avl
GDT=     00000000075db000 00000057
IDT=     00000000070e8018 00000fff
CR0=80010033 CR2=0000000000000000 CR3=0000000007801000 CR4=00000668
DR0=0000000000000000 DR1=0000000000000000 DR2=0000000000000000 DR3=0000000000000000 
DR6=00000000ffff0ff0 DR7=0000000000000400
CCS=0000000000000091 CCD=00000000000080fe CCO=EFLAGS
EFER=0000000000000d00
Servicing hardware INT=0x20
   481: v=20 e=0000 i=0 cpl=0 IP=0038:00000000068f28c5 pc=00000000068f28c5 SP=0030:0000000007ee2f80 env->regs[R_EAX]=0000000000511f4e
RAX=0000000000511f4e RBX=000000000000b008 RCX=000000000000b008 RDX=000000000000b008
RSI=0000000000512010 RDI=00000000068967d4 RBP=0000000007ee2fe0 RSP=0000000007ee2f80
R8 =0000000007ee300f R9 =000000000000c042 R10=0000000000000000 R11=0000000000000000
R12=0000000000000000 R13=0000000000000011 R14=0000000006230000 R15=0000000000000000
RIP=00000000068f28c5 RFL=00000293 [--S-A-C] CPL=0 II=0 A20=1 SMM=0 HLT=0
ES =0030 0000000000000000 ffffffff 00cf9300 DPL=0 DS   [-WA]
CS =0038 0000000000000000 ffffffff 00af9a00 DPL=0 CS64 [-R-]
SS =0030 0000000000000000 ffffffff 00cf9300 DPL=0 DS   [-WA]
DS =0030 0000000000000000 ffffffff 00cf9300 DPL=0 DS   [-WA]
FS =0030 0000000000000000 ffffffff 00cf9300 DPL=0 DS   [-WA]
GS =0030 0000000000000000 ffffffff 00cf9300 DPL=0 DS   [-WA]
LDT=0000 0000000000000000 0000ffff 00008200 DPL=0 LDT
TR =0048 00000000075db058 00000067 00008900 DPL=0 TSS64-avl
GDT=     00000000075db000 00000057
IDT=     00000000070e8018 00000fff
CR0=80010033 CR2=0000000000000000 CR3=0000000007801000 CR4=00000668
DR0=0000000000000000 DR1=0000000000000000 DR2=0000000000000000 DR3=0000000000000000 
DR6=00000000ffff0ff0 DR7=0000000000000400
CCS=0000000000000091 CCD=00000000000000fe CCO=EFLAGS
EFER=0000000000000d00
Servicing hardware INT=0x20
   482: v=20 e=0000 i=0 cpl=0 IP=0038:00000000068f28c5 pc=00000000068f28c5 SP=0030:0000000007ee2f80 env->regs[R_EAX]=000000000051aacb
RAX=000000000051aacb RBX=000000000000b008 RCX=000000000000b008 RDX=000000000000b008
RSI=000000000051eda5 RDI=00000000068967d4 RBP=0000000007ee2fe0 RSP=0000000007ee2f80
R8 =0000000007ee3040 R9 =00000000000003f6 R10=0000000000000000 R11=0000000000000000
R12=0000000000000000 R13=0000000000000011 R14=0000000006230000 R15=0000000000000000
RIP=00000000068f28c5 RFL=00000293 [--S-A-C] CPL=0 II=0 A20=1 SMM=0 HLT=0
ES =0030 0000000000000000 ffffffff 00cf9300 DPL=0 DS   [-WA]
CS =0038 0000000000000000 ffffffff 00af9a00 DPL=0 CS64 [-R-]
SS =0030 0000000000000000 ffffffff 00cf9300 DPL=0 DS   [-WA]
DS =0030 0000000000000000 ffffffff 00cf9300 DPL=0 DS   [-WA]
FS =0030 0000000000000000 ffffffff 00cf9300 DPL=0 DS   [-WA]
GS =0030 0000000000000000 ffffffff 00cf9300 DPL=0 DS   [-WA]
LDT=0000 0000000000000000 0000ffff 00008200 DPL=0 LDT
TR =0048 00000000075db058 00000067 00008900 DPL=0 TSS64-avl
GDT=     00000000075db000 00000057
IDT=     00000000070e8018 00000fff
CR0=80010033 CR2=0000000000000000 CR3=0000000007801000 CR4=00000668
DR0=0000000000000000 DR1=0000000000000000 DR2=0000000000000000 DR3=0000000000000000 
DR6=00000000ffff0ff0 DR7=0000000000000400
CCS=0000000000000091 CCD=00000000000042fe CCO=EFLAGS
EFER=0000000000000d00
Servicing hardware INT=0x20
   483: v=20 e=0000 i=0 cpl=0 IP=0038:00000000068f28c5 pc=00000000068f28c5 SP=0030:0000000007ee2dc0 env->regs[R_EAX]=00000000005236a2
RAX=00000000005236a2 RBX=000000000000b008 RCX=000000000000b008 RDX=000000000000b008
RSI=000000000052b5b0 RDI=00000000068967d4 RBP=0000000007ee2e20 RSP=0000000007ee2dc0
R8 =0000000007ee2e80 R9 =00000000000003f6 R10=0000000000000000 R11=0000000000000000
R12=0000000000000000 R13=0000000000000011 R14=0000000006230000 R15=0000000000000000
RIP=00000000068f28c5 RFL=00000293 [--S-A-C] CPL=0 II=0 A20=1 SMM=0 HLT=0
ES =0030 0000000000000000 ffffffff 00cf9300 DPL=0 DS   [-WA]
CS =0038 0000000000000000 ffffffff 00af9a00 DPL=0 CS64 [-R-]
SS =0030 0000000000000000 ffffffff 00cf9300 DPL=0 DS   [-WA]
DS =0030 0000000000000000 ffffffff 00cf9300 DPL=0 DS   [-WA]
FS =0030 0000000000000000 ffffffff 00cf9300 DPL=0 DS   [-WA]
GS =0030 0000000000000000 ffffffff 00cf9300 DPL=0 DS   [-WA]
LDT=0000 0000000000000000 0000ffff 00008200 DPL=0 LDT
TR =0048 00000000075db058 00000067 00008900 DPL=0 TSS64-avl
GDT=     00000000075db000 00000057
IDT=     00000000070e8018 00000fff
CR0=80010033 CR2=0000000000000000 CR3=0000000007801000 CR4=00000668
DR0=0000000000000000 DR1=0000000000000000 DR2=0000000000000000 DR3=0000000000000000 
DR6=00000000ffff0ff0 DR7=0000000000000400
CCS=0000000000000091 CCD=0000000000007efe CCO=EFLAGS
EFER=0000000000000d00
Servicing hardware INT=0x20
   484: v=20 e=0000 i=0 cpl=0 IP=0038:00000000068f28c5 pc=00000000068f28c5 SP=0030:0000000007ee2dc0 env->regs[R_EAX]=000000000052c278
RAX=000000000052c278 RBX=000000000000b008 RCX=000000000000b008 RDX=000000000000b008
RSI=000000000052c1d3 RDI=00000000068967d4 RBP=0000000007ee2e20 RSP=0000000007ee2dc0
R8 =0000000007ee2e4f R9 =000000000000c042 R10=0000000000000000 R11=0000000000000000
R12=0000000000000000 R13=0000000000000011 R14=0000000006230000 R15=0000000000000000
RIP=00000000068f28c5 RFL=00000293 [--S-A-C] CPL=0 II=0 A20=1 SMM=0 HLT=0
ES =0030 0000000000000000 ffffffff 00cf9300 DPL=0 DS   [-WA]
CS =0038 0000000000000000 ffffffff 00af9a00 DPL=0 CS64 [-R-]
SS =0030 0000000000000000 ffffffff 00cf9300 DPL=0 DS   [-WA]
DS =0030 0000000000000000 ffffffff 00cf9300 DPL=0 DS   [-WA]
FS =0030 0000000000000000 ffffffff 00cf9300 DPL=0 DS   [-WA]
GS =0030 0000000000000000 ffffffff 00cf9300 DPL=0 DS   [-WA]
LDT=0000 0000000000000000 0000ffff 00008200 DPL=0 LDT
TR =0048 00000000075db058 00000067 00008900 DPL=0 TSS64-avl
GDT=     00000000075db000 00000057
IDT=     00000000070e8018 00000fff
CR0=80010033 CR2=0000000000000000 CR3=0000000007801000 CR4=00000668
DR0=0000000000000000 DR1=0000000000000000 DR2=0000000000000000 DR3=0000000000000000 
DR6=00000000ffff0ff0 DR7=0000000000000400
CCS=0000000000000091 CCD=fffffffffffffffe CCO=EFLAGS
EFER=0000000000000d00
Servicing hardware INT=0x20
   485: v=20 e=0000 i=0 cpl=0 IP=0038:00000000068f2916 pc=00000000068f2916 SP=0030:0000000007ee2e30 env->regs[R_EAX]=00000000000019d0
RAX=00000000000019d0 RBX=0000000000002710 RCX=000000000000b008 RDX=0000000000534da2
RSI=0000000000536772 RDI=00000000068967d4 RBP=0000000007ee2e60 RSP=0000000007ee2e30
R8 =0000000007ee2e80 R9 =00000000000003f6 R10=0000000000000000 R11=0000000000000000
R12=000000000000c040 R13=0000000000000011 R14=0000000006230000 R15=0000000000000000
RIP=00000000068f2916 RFL=00000202 [-------] CPL=0 II=0 A20=1 SMM=0 HLT=0
ES =0030 0000000000000000 ffffffff 00cf9300 DPL=0 DS   [-WA]
CS =0038 0000000000000000 ffffffff 00af9a00 DPL=0 CS64 [-R-]
SS =0030 0000000000000000 ffffffff 00cf9300 DPL=0 DS   [-WA]
DS =0030 0000000000000000 ffffffff 00cf9300 DPL=0 DS   [-WA]
FS =0030 0000000000000000 ffffffff 00cf9300 DPL=0 DS   [-WA]
GS =0030 0000000000000000 ffffffff 00cf9300 DPL=0 DS   [-WA]
LDT=0000 0000000000000000 0000ffff 00008200 DPL=0 LDT
TR =0048 00000000075db058 00000067 00008900 DPL=0 TSS64-avl
GDT=     00000000075db000 00000057
IDT=     00000000070e8018 00000fff
CR0=80010033 CR2=0000000000000000 CR3=0000000007801000 CR4=00000668
DR0=0000000000000000 DR1=0000000000000000 DR2=0000000000000000 DR3=0000000000000000 
DR6=00000000ffff0ff0 DR7=0000000000000400
CCS=0000000000000000 CCD=00000000000019d0 CCO=EFLAGS
EFER=0000000000000d00
Servicing hardware INT=0x20
   486: v=20 e=0000 i=0 cpl=0 IP=0038:00000000068f28c5 pc=00000000068f28c5 SP=0030:0000000007ee2dc0 env->regs[R_EAX]=000000000053d9cf
RAX=000000000053d9cf RBX=000000000000b008 RCX=000000000000b008 RDX=000000000000b008
RSI=00000000005420ea RDI=00000000068967d4 RBP=0000000007ee2e20 RSP=0000000007ee2dc0
R8 =0000000007ee2e80 R9 =00000000000003f6 R10=0000000000000000 R11=0000000000000000
R12=0000000000000000 R13=0000000000000011 R14=0000000006230000 R15=0000000000000000
RIP=00000000068f28c5 RFL=00000293 [--S-A-C] CPL=0 II=0 A20=1 SMM=0 HLT=0
ES =0030 0000000000000000 ffffffff 00cf9300 DPL=0 DS   [-WA]
CS =0038 0000000000000000 ffffffff 00af9a00 DPL=0 CS64 [-R-]
SS =0030 0000000000000000 ffffffff 00cf9300 DPL=0 DS   [-WA]
DS =0030 0000000000000000 ffffffff 00cf9300 DPL=0 DS   [-WA]
FS =0030 0000000000000000 ffffffff 00cf9300 DPL=0 DS   [-WA]
GS =0030 0000000000000000 ffffffff 00cf9300 DPL=0 DS   [-WA]
LDT=0000 0000000000000000 0000ffff 00008200 DPL=0 LDT
TR =0048 00000000075db058 00000067 00008900 DPL=0 TSS64-avl
GDT=     00000000075db000 00000057
IDT=     00000000070e8018 00000fff
CR0=80010033 CR2=0000000000000000 CR3=0000000007801000 CR4=00000668
DR0=0000000000000000 DR1=0000000000000000 DR2=0000000000000000 DR3=0000000000000000 
DR6=00000000ffff0ff0 DR7=0000000000000400
CCS=0000000000000091 CCD=00000000000046fe CCO=EFLAGS
EFER=0000000000000d00
Servicing hardware INT=0x20
   487: v=20 e=0000 i=0 cpl=0 IP=0038:00000000068f2916 pc=00000000068f2916 SP=0030:0000000007ee2e70 env->regs[R_EAX]=0000000000006ccc
RAX=0000000000006ccc RBX=0000000000002710 RCX=000000000000b008 RDX=000000000054655b
RSI=000000000054d227 RDI=00000000068967d4 RBP=0000000007ee2ea0 RSP=0000000007ee2e70
R8 =0000000007ee2ec0 R9 =00000000000003f6 R10=0000000000000000 R11=0000000000000000
R12=000000000000c040 R13=0000000000000011 R14=0000000006230000 R15=0000000000000000
RIP=00000000068f2916 RFL=00000206 [-----P-] CPL=0 II=0 A20=1 SMM=0 HLT=0
ES =0030 0000000000000000 ffffffff 00cf9300 DPL=0 DS   [-WA]
CS =0038 0000000000000000 ffffffff 00af9a00 DPL=0 CS64 [-R-]
SS =0030 0000000000000000 ffffffff 00cf9300 DPL=0 DS   [-WA]
DS =0030 0000000000000000 ffffffff 00cf9300 DPL=0 DS   [-WA]
FS =0030 0000000000000000 ffffffff 00cf9300 DPL=0 DS   [-WA]
GS =0030 0000000000000000 ffffffff 00cf9300 DPL=0 DS   [-WA]
LDT=0000 0000000000000000 0000ffff 00008200 DPL=0 LDT
TR =0048 00000000075db058 00000067 00008900 DPL=0 TSS64-avl
GDT=     00000000075db000 00000057
IDT=     00000000070e8018 00000fff
CR0=80010033 CR2=0000000000000000 CR3=0000000007801000 CR4=00000668
DR0=0000000000000000 DR1=0000000000000000 DR2=0000000000000000 DR3=0000000000000000 
DR6=00000000ffff0ff0 DR7=0000000000000400
CCS=0000000000000004 CCD=0000000000006ccc CCO=EFLAGS
EFER=0000000000000d00
Servicing hardware INT=0x20
   488: v=20 e=0000 i=0 cpl=0 IP=0038:00000000068f28c5 pc=00000000068f28c5 SP=0030:0000000007ee2e00 env->regs[R_EAX]=000000000054f70d
RAX=000000000054f70d RBX=000000000000b008 RCX=000000000000b008 RDX=000000000000b008
RSI=000000000054dff5 RDI=00000000068967d4 RBP=0000000007ee2e60 RSP=0000000007ee2e00
R8 =0000000007ee2e8f R9 =000000000000c042 R10=0000000000000000 R11=0000000000000000
R12=0000000000000000 R13=0000000000000011 R14=0000000006230000 R15=0000000000000000
RIP=00000000068f28c5 RFL=00000293 [--S-A-C] CPL=0 II=0 A20=1 SMM=0 HLT=0
ES =0030 0000000000000000 ffffffff 00cf9300 DPL=0 DS   [-WA]
CS =0038 0000000000000000 ffffffff 00af9a00 DPL=0 CS64 [-R-]
SS =0030 0000000000000000 ffffffff 00cf9300 DPL=0 DS   [-WA]
DS =0030 0000000000000000 ffffffff 00cf9300 DPL=0 DS   [-WA]
FS =0030 0000000000000000 ffffffff 00cf9300 DPL=0 DS   [-WA]
GS =0030 0000000000000000 ffffffff 00cf9300 DPL=0 DS   [-WA]
LDT=0000 0000000000000000 0000ffff 00008200 DPL=0 LDT
TR =0048 00000000075db058 00000067 00008900 DPL=0 TSS64-avl
GDT=     00000000075db000 00000057
IDT=     00000000070e8018 00000fff
CR0=80010033 CR2=0000000000000000 CR3=0000000007801000 CR4=00000668
DR0=0000000000000000 DR1=0000000000000000 DR2=0000000000000000 DR3=0000000000000000 
DR6=00000000ffff0ff0 DR7=0000000000000400
CCS=0000000000000091 CCD=fffffffffffffffe CCO=EFLAGS
EFER=0000000000000d00
Servicing hardware INT=0x20
   489: v=20 e=0000 i=0 cpl=0 IP=0038:00000000068f2916 pc=00000000068f2916 SP=0030:0000000007ee2e70 env->regs[R_EAX]=0000000000000699
RAX=0000000000000699 RBX=0000000000002710 RCX=000000000000b008 RDX=0000000000557d1b
RSI=00000000005583b4 RDI=00000000068967d4 RBP=0000000007ee2ea0 RSP=0000000007ee2e70
R8 =0000000007ee2ec0 R9 =00000000000003f6 R10=0000000000000000 R11=0000000000000000
R12=000000000000c040 R13=0000000000000011 R14=0000000006230000 R15=0000000000000000
RIP=00000000068f2916 RFL=00000206 [-----P-] CPL=0 II=0 A20=1 SMM=0 HLT=0
ES =0030 0000000000000000 ffffffff 00cf9300 DPL=0 DS   [-WA]
CS =0038 0000000000000000 ffffffff 00af9a00 DPL=0 CS64 [-R-]
SS =0030 0000000000000000 ffffffff 00cf9300 DPL=0 DS   [-WA]
DS =0030 0000000000000000 ffffffff 00cf9300 DPL=0 DS   [-WA]
FS =0030 0000000000000000 ffffffff 00cf9300 DPL=0 DS   [-WA]
GS =0030 0000000000000000 ffffffff 00cf9300 DPL=0 DS   [-WA]
LDT=0000 0000000000000000 0000ffff 00008200 DPL=0 LDT
TR =0048 00000000075db058 00000067 00008900 DPL=0 TSS64-avl
GDT=     00000000075db000 00000057
IDT=     00000000070e8018 00000fff
CR0=80010033 CR2=0000000000000000 CR3=0000000007801000 CR4=00000668
DR0=0000000000000000 DR1=0000000000000000 DR2=0000000000000000 DR3=0000000000000000 
DR6=00000000ffff0ff0 DR7=0000000000000400
CCS=0000000000000004 CCD=0000000000000699 CCO=EFLAGS
EFER=0000000000000d00
Servicing hardware INT=0x20
   490: v=20 e=0000 i=0 cpl=0 IP=0038:00000000068f28c5 pc=00000000068f28c5 SP=0030:0000000007ee2e00 env->regs[R_EAX]=000000000056095c
RAX=000000000056095c RBX=000000000000b008 RCX=000000000000b008 RDX=000000000000b008
RSI=0000000000563e52 RDI=00000000068967d4 RBP=0000000007ee2e60 RSP=0000000007ee2e00
R8 =0000000007ee2ec0 R9 =00000000000003f6 R10=0000000000000000 R11=0000000000000000
R12=0000000000000000 R13=0000000000000011 R14=0000000006230000 R15=0000000000000000
RIP=00000000068f28c5 RFL=00000293 [--S-A-C] CPL=0 II=0 A20=1 SMM=0 HLT=0
ES =0030 0000000000000000 ffffffff 00cf9300 DPL=0 DS   [-WA]
CS =0038 0000000000000000 ffffffff 00af9a00 DPL=0 CS64 [-R-]
SS =0030 0000000000000000 ffffffff 00cf9300 DPL=0 DS   [-WA]
DS =0030 0000000000000000 ffffffff 00cf9300 DPL=0 DS   [-WA]
FS =0030 0000000000000000 ffffffff 00cf9300 DPL=0 DS   [-WA]
GS =0030 0000000000000000 ffffffff 00cf9300 DPL=0 DS   [-WA]
LDT=0000 0000000000000000 0000ffff 00008200 DPL=0 LDT
TR =0048 00000000075db058 00000067 00008900 DPL=0 TSS64-avl
GDT=     00000000075db000 00000057
IDT=     00000000070e8018 00000fff
CR0=80010033 CR2=0000000000000000 CR3=0000000007801000 CR4=00000668
DR0=0000000000000000 DR1=0000000000000000 DR2=0000000000000000 DR3=0000000000000000 
DR6=00000000ffff0ff0 DR7=0000000000000400
CCS=0000000000000091 CCD=00000000000034fe CCO=EFLAGS
EFER=0000000000000d00
Servicing hardware INT=0x20
   491: v=20 e=0000 i=0 cpl=0 IP=0038:00000000068f2916 pc=00000000068f2916 SP=0030:0000000007ee2e70 env->regs[R_EAX]=0000000000007d2f
RAX=0000000000007d2f RBX=0000000000002710 RCX=000000000000b008 RDX=00000000005694a0
RSI=00000000005711cf RDI=00000000068967d4 RBP=0000000007ee2ea0 RSP=0000000007ee2e70
R8 =0000000007ee2ec0 R9 =00000000000003f6 R10=0000000000000000 R11=0000000000000000
R12=000000000000c040 R13=0000000000000011 R14=0000000006230000 R15=0000000000000000
RIP=00000000068f2916 RFL=00000202 [-------] CPL=0 II=0 A20=1 SMM=0 HLT=0
ES =0030 0000000000000000 ffffffff 00cf9300 DPL=0 DS   [-WA]
CS =0038 0000000000000000 ffffffff 00af9a00 DPL=0 CS64 [-R-]
SS =0030 0000000000000000 ffffffff 00cf9300 DPL=0 DS   [-WA]
DS =0030 0000000000000000 ffffffff 00cf9300 DPL=0 DS   [-WA]
FS =0030 0000000000000000 ffffffff 00cf9300 DPL=0 DS   [-WA]
GS =0030 0000000000000000 ffffffff 00cf9300 DPL=0 DS   [-WA]
LDT=0000 0000000000000000 0000ffff 00008200 DPL=0 LDT
TR =0048 00000000075db058 00000067 00008900 DPL=0 TSS64-avl
GDT=     00000000075db000 00000057
IDT=     00000000070e8018 00000fff
CR0=80010033 CR2=0000000000000000 CR3=0000000007801000 CR4=00000668
DR0=0000000000000000 DR1=0000000000000000 DR2=0000000000000000 DR3=0000000000000000 
DR6=00000000ffff0ff0 DR7=0000000000000400
CCS=0000000000000000 CCD=0000000000007d2f CCO=EFLAGS
EFER=0000000000000d00
Servicing hardware INT=0x20
   492: v=20 e=0000 i=0 cpl=0 IP=0038:0000000006939ac1 pc=0000000006939ac1 SP=0030:0000000007ee3908 env->regs[R_EAX]=0000000006898728
RAX=0000000006898728 RBX=0000000006945720 RCX=0000000006898728 RDX=0000000000000000
RSI=8000000000000003 RDI=0000000000000001 RBP=0000000007ee3960 RSP=0000000007ee3908
R8 =0000000007ee3a50 R9 =0000000006857598 R10=0000000000000040 R11=0000000000000000
R12=0000000000000000 R13=0000000000000000 R14=0000000000000000 R15=00000000074ecb18
RIP=0000000006939ac1 RFL=00000206 [-----P-] CPL=0 II=0 A20=1 SMM=0 HLT=0
ES =0030 0000000000000000 ffffffff 00cf9300 DPL=0 DS   [-WA]
CS =0038 0000000000000000 ffffffff 00af9a00 DPL=0 CS64 [-R-]
SS =0030 0000000000000000 ffffffff 00cf9300 DPL=0 DS   [-WA]
DS =0030 0000000000000000 ffffffff 00cf9300 DPL=0 DS   [-WA]
FS =0030 0000000000000000 ffffffff 00cf9300 DPL=0 DS   [-WA]
GS =0030 0000000000000000 ffffffff 00cf9300 DPL=0 DS   [-WA]
LDT=0000 0000000000000000 0000ffff 00008200 DPL=0 LDT
TR =0048 00000000075db058 00000067 00008900 DPL=0 TSS64-avl
GDT=     00000000075db000 00000057
IDT=     00000000070e8018 00000fff
CR0=80010033 CR2=0000000000000000 CR3=0000000007801000 CR4=00000668
DR0=0000000000000000 DR1=0000000000000000 DR2=0000000000000000 DR3=0000000000000000 
DR6=00000000ffff0ff0 DR7=0000000000000400
CCS=0000000000000004 CCD=00000000069b6328 CCO=EFLAGS
EFER=0000000000000d00
Servicing hardware INT=0x20
   493: v=20 e=0000 i=0 cpl=0 IP=0038:0000000006c42328 pc=0000000006c42328 SP=0030:0000000007ee3320 env->regs[R_EAX]=0000000000000001
RAX=0000000000000001 RBX=0000000011111234 RCX=0000000000000001 RDX=0000000000000cf8
RSI=0000000000000001 RDI=0000000000000000 RBP=0000000007ee3380 RSP=0000000007ee3320
R8 =0000000000000000 R9 =0000000000000cf8 R10=0000000006c42eb9 R11=000000000000002c
R12=0000000007ee3514 R13=0000000000000004 R14=0000000000000000 R15=0000000000010000
RIP=0000000006c42328 RFL=00000202 [-------] CPL=0 II=0 A20=1 SMM=0 HLT=0
ES =0030 0000000000000000 ffffffff 00cf9300 DPL=0 DS   [-WA]
CS =0038 0000000000000000 ffffffff 00af9a00 DPL=0 CS64 [-R-]
SS =0030 0000000000000000 ffffffff 00cf9300 DPL=0 DS   [-WA]
DS =0030 0000000000000000 ffffffff 00cf9300 DPL=0 DS   [-WA]
FS =0030 0000000000000000 ffffffff 00cf9300 DPL=0 DS   [-WA]
GS =0030 0000000000000000 ffffffff 00cf9300 DPL=0 DS   [-WA]
LDT=0000 0000000000000000 0000ffff 00008200 DPL=0 LDT
TR =0048 00000000075db058 00000067 00008900 DPL=0 TSS64-avl
GDT=     00000000075db000 00000057
IDT=     00000000070e8018 00000fff
CR0=80010033 CR2=0000000000000000 CR3=0000000007801000 CR4=00000668
DR0=0000000000000000 DR1=0000000000000000 DR2=0000000000000000 DR3=0000000000000000 
DR6=00000000ffff0ff0 DR7=0000000000000400
CCS=0000000000000038 CCD=0000000000000001 CCO=LOGICB
EFER=0000000000000d00
Servicing hardware INT=0x20
   494: v=20 e=0000 i=0 cpl=0 IP=0038:0000000007ef72ad pc=0000000007ef72ad SP=0030:0000000007ee3668 env->regs[R_EAX]=4dc13f279000389a
RAX=4dc13f279000389a RBX=0000000007f07ee0 RCX=0000000007f07ee8 RDX=0000000007f07ee0
RSI=4dc13f279000389a RDI=4d1ab44318a031ab RBP=0000000007ee36b0 RSP=0000000007ee3668
R8 =0000000000000000 R9 =0000000007ee3890 R10=0000000006842698 R11=000000000000002c
R12=11d446cc665e3ff6 R13=0000000007f07ee0 R14=0000000000000000 R15=0000000007f07e80
RIP=0000000007ef72ad RFL=00000202 [-------] CPL=0 II=0 A20=1 SMM=0 HLT=0
ES =0030 0000000000000000 ffffffff 00cf9300 DPL=0 DS   [-WA]
CS =0038 0000000000000000 ffffffff 00af9a00 DPL=0 CS64 [-R-]
SS =0030 0000000000000000 ffffffff 00cf9300 DPL=0 DS   [-WA]
DS =0030 0000000000000000 ffffffff 00cf9300 DPL=0 DS   [-WA]
FS =0030 0000000000000000 ffffffff 00cf9300 DPL=0 DS   [-WA]
GS =0030 0000000000000000 ffffffff 00cf9300 DPL=0 DS   [-WA]
LDT=0000 0000000000000000 0000ffff 00008200 DPL=0 LDT
TR =0048 00000000075db058 00000067 00008900 DPL=0 TSS64-avl
GDT=     00000000075db000 00000057
IDT=     00000000070e8018 00000fff
CR0=80010033 CR2=0000000000000000 CR3=0000000007801000 CR4=00000668
DR0=0000000000000000 DR1=0000000000000000 DR2=0000000000000000 DR3=0000000000000000 
DR6=00000000ffff0ff0 DR7=0000000000000400
CCS=0000000000000000 CCD=0000000007ee3658 CCO=EFLAGS
EFER=0000000000000d00
Servicing hardware INT=0x20
   495: v=20 e=0000 i=0 cpl=0 IP=0038:0000000007ef72ad pc=0000000007ef72ad SP=0030:0000000007ee3658 env->regs[R_EAX]=3b7269c9a000398e
RAX=3b7269c9a000398e RBX=0000000006853490 RCX=0000000006853498 RDX=0000000006853490
RSI=3b7269c9a000398e RDI=4ca568b84cf5b200 RBP=0000000007ee36a0 RSP=0000000007ee3658
R8 =0000000007ee37b0 R9 =0000000006911398 R10=000000000000000f R11=000000000000002c
R12=11d26d3f09576e91 R13=0000000006c90d98 R14=0000000006853490 R15=0000000007ee37b0
RIP=0000000007ef72ad RFL=00000206 [-----P-] CPL=0 II=0 A20=1 SMM=0 HLT=0
ES =0030 0000000000000000 ffffffff 00cf9300 DPL=0 DS   [-WA]
CS =0038 0000000000000000 ffffffff 00af9a00 DPL=0 CS64 [-R-]
SS =0030 0000000000000000 ffffffff 00cf9300 DPL=0 DS   [-WA]
DS =0030 0000000000000000 ffffffff 00cf9300 DPL=0 DS   [-WA]
FS =0030 0000000000000000 ffffffff 00cf9300 DPL=0 DS   [-WA]
GS =0030 0000000000000000 ffffffff 00cf9300 DPL=0 DS   [-WA]
LDT=0000 0000000000000000 0000ffff 00008200 DPL=0 LDT
TR =0048 00000000075db058 00000067 00008900 DPL=0 TSS64-avl
GDT=     00000000075db000 00000057
IDT=     00000000070e8018 00000fff
CR0=80010033 CR2=0000000000000000 CR3=0000000007801000 CR4=00000668
DR0=0000000000000000 DR1=0000000000000000 DR2=0000000000000000 DR3=0000000000000000 
DR6=00000000ffff0ff0 DR7=0000000000000400
CCS=0000000000000004 CCD=0000000007ee3648 CCO=EFLAGS
EFER=0000000000000d00
Servicing hardware INT=0x20
   496: v=20 e=0000 i=0 cpl=0 IP=0038:0000000007ef72ad pc=0000000007ef72ad SP=0030:0000000007ee3288 env->regs[R_EAX]=0000000090003800
RAX=0000000090003800 RBX=000000000671a1c0 RCX=0000000006cc1830 RDX=000000000671a1c0
RSI=0000000006cc1830 RDI=000000000671a1c0 RBP=0000000007ee32d0 RSP=0000000007ee3288
R8 =0000000006840e18 R9 =0000000006840e18 R10=0000000006c42eb9 R11=0000000006719355
R12=0000000006cc1820 R13=000000000671a1c0 R14=0000000000000000 R15=0000000007f07e80
RIP=0000000007ef72ad RFL=00000206 [-----P-] CPL=0 II=0 A20=1 SMM=0 HLT=0
ES =0030 0000000000000000 ffffffff 00cf9300 DPL=0 DS   [-WA]
CS =0038 0000000000000000 ffffffff 00af9a00 DPL=0 CS64 [-R-]
SS =0030 0000000000000000 ffffffff 00cf9300 DPL=0 DS   [-WA]
DS =0030 0000000000000000 ffffffff 00cf9300 DPL=0 DS   [-WA]
FS =0030 0000000000000000 ffffffff 00cf9300 DPL=0 DS   [-WA]
GS =0030 0000000000000000 ffffffff 00cf9300 DPL=0 DS   [-WA]
LDT=0000 0000000000000000 0000ffff 00008200 DPL=0 LDT
TR =0048 00000000075db058 00000067 00008900 DPL=0 TSS64-avl
GDT=     00000000075db000 00000057
IDT=     00000000070e8018 00000fff
CR0=80010033 CR2=0000000000000000 CR3=0000000007801000 CR4=00000668
DR0=0000000000000000 DR1=0000000000000000 DR2=0000000000000000 DR3=0000000000000000 
DR6=00000000ffff0ff0 DR7=0000000000000400
CCS=0000000000000004 CCD=0000000007ee3290 CCO=EFLAGS
EFER=0000000000000d00
Servicing hardware INT=0x20
   497: v=20 e=0000 i=0 cpl=0 IP=0038:0000000007ef72ad pc=0000000007ef72ad SP=0030:0000000007ee3488 env->regs[R_EAX]=4b30bddc1da97072
RAX=4b30bddc1da97072 RBX=0000000007f07ee0 RCX=0000000007f07ee0 RDX=0000000007f07ee0
RSI=00000000074e4530 RDI=0000000007f07ee0 RBP=0000000007ee34d0 RSP=0000000007ee3488
R8 =0000000000000000 R9 =0000000007ee36c0 R10=0000000006842918 R11=0000000000000001
R12=4b30bddc1da97072 R13=0000000007f07ee0 R14=0000000000000000 R15=0000000007f07e80
RIP=0000000007ef72ad RFL=00000206 [-----P-] CPL=0 II=0 A20=1 SMM=0 HLT=0
ES =0030 0000000000000000 ffffffff 00cf9300 DPL=0 DS   [-WA]
CS =0038 0000000000000000 ffffffff 00af9a00 DPL=0 CS64 [-R-]
SS =0030 0000000000000000 ffffffff 00cf9300 DPL=0 DS   [-WA]
DS =0030 0000000000000000 ffffffff 00cf9300 DPL=0 DS   [-WA]
FS =0030 0000000000000000 ffffffff 00cf9300 DPL=0 DS   [-WA]
GS =0030 0000000000000000 ffffffff 00cf9300 DPL=0 DS   [-WA]
LDT=0000 0000000000000000 0000ffff 00008200 DPL=0 LDT
TR =0048 00000000075db058 00000067 00008900 DPL=0 TSS64-avl
GDT=     00000000075db000 00000057
IDT=     00000000070e8018 00000fff
CR0=80010033 CR2=0000000000000000 CR3=0000000007801000 CR4=00000668
DR0=0000000000000000 DR1=0000000000000000 DR2=0000000000000000 DR3=0000000000000000 
DR6=00000000ffff0ff0 DR7=0000000000000400
CCS=0000000000000004 CCD=0000000007ee3478 CCO=EFLAGS
EFER=0000000000000d00
Servicing hardware INT=0x20
   498: v=20 e=0000 i=0 cpl=0 IP=0038:00000000068f28c5 pc=00000000068f28c5 SP=0030:0000000007ee2ee0 env->regs[R_EAX]=00000000005af38b
RAX=00000000005af38b RBX=000000000000b008 RCX=000000000000b008 RDX=000000000000b008
RSI=00000000005b0060 RDI=00000000068967d4 RBP=0000000007ee2f40 RSP=0000000007ee2ee0
R8 =0000000007ee2fa0 R9 =00000000000003f6 R10=0000000000000000 R11=0000000000000000
R12=0000000000000000 R13=0000000000000011 R14=0000000006220000 R15=0000000000000000
RIP=00000000068f28c5 RFL=00000293 [--S-A-C] CPL=0 II=0 A20=1 SMM=0 HLT=0
ES =0030 0000000000000000 ffffffff 00cf9300 DPL=0 DS   [-WA]
CS =0038 0000000000000000 ffffffff 00af9a00 DPL=0 CS64 [-R-]
SS =0030 0000000000000000 ffffffff 00cf9300 DPL=0 DS   [-WA]
DS =0030 0000000000000000 ffffffff 00cf9300 DPL=0 DS   [-WA]
FS =0030 0000000000000000 ffffffff 00cf9300 DPL=0 DS   [-WA]
GS =0030 0000000000000000 ffffffff 00cf9300 DPL=0 DS   [-WA]
LDT=0000 0000000000000000 0000ffff 00008200 DPL=0 LDT
TR =0048 00000000075db058 00000067 00008900 DPL=0 TSS64-avl
GDT=     00000000075db000 00000057
IDT=     00000000070e8018 00000fff
CR0=80010033 CR2=0000000000000000 CR3=0000000007801000 CR4=00000668
DR0=0000000000000000 DR1=0000000000000000 DR2=0000000000000000 DR3=0000000000000000 
DR6=00000000ffff0ff0 DR7=0000000000000400
CCS=0000000000000091 CCD=0000000000000cfe CCO=EFLAGS
EFER=0000000000000d00
Servicing hardware INT=0x20
   499: v=20 e=0000 i=0 cpl=0 IP=0038:00000000068f2916 pc=00000000068f2916 SP=0030:0000000007ee2d90 env->regs[R_EAX]=0000000000001983
RAX=0000000000001983 RBX=0000000000002710 RCX=000000000000b008 RDX=00000000005b7f24
RSI=00000000005b98a7 RDI=00000000068967d4 RBP=0000000007ee2dc0 RSP=0000000007ee2d90
R8 =0000000007ee2de0 R9 =00000000000003f6 R10=0000000000000000 R11=0000000000000000
R12=000000000000c040 R13=0000000000000011 R14=0000000006220000 R15=0000000000000000
RIP=00000000068f2916 RFL=00000202 [-------] CPL=0 II=0 A20=1 SMM=0 HLT=0
ES =0030 0000000000000000 ffffffff 00cf9300 DPL=0 DS   [-WA]
CS =0038 0000000000000000 ffffffff 00af9a00 DPL=0 CS64 [-R-]
SS =0030 0000000000000000 ffffffff 00cf9300 DPL=0 DS   [-WA]
DS =0030 0000000000000000 ffffffff 00cf9300 DPL=0 DS   [-WA]
FS =0030 0000000000000000 ffffffff 00cf9300 DPL=0 DS   [-WA]
GS =0030 0000000000000000 ffffffff 00cf9300 DPL=0 DS   [-WA]
LDT=0000 0000000000000000 0000ffff 00008200 DPL=0 LDT
TR =0048 00000000075db058 00000067 00008900 DPL=0 TSS64-avl
GDT=     00000000075db000 00000057
IDT=     00000000070e8018 00000fff
CR0=80010033 CR2=0000000000000000 CR3=0000000007801000 CR4=00000668
DR0=0000000000000000 DR1=0000000000000000 DR2=0000000000000000 DR3=0000000000000000 
DR6=00000000ffff0ff0 DR7=0000000000000400
CCS=0000000000000000 CCD=0000000000001983 CCO=EFLAGS
EFER=0000000000000d00
Servicing hardware INT=0x20
   500: v=20 e=0000 i=0 cpl=0 IP=0038:00000000068f28c5 pc=00000000068f28c5 SP=0030:0000000007ee2d20 env->regs[R_EAX]=00000000005c0b35
RAX=00000000005c0b35 RBX=000000000000b008 RCX=000000000000b008 RDX=000000000000b008
RSI=00000000005c30d4 RDI=00000000068967d4 RBP=0000000007ee2d80 RSP=0000000007ee2d20
R8 =0000000007ee2de0 R9 =00000000000003f6 R10=0000000000000000 R11=0000000000000000
R12=0000000000000000 R13=0000000000000011 R14=0000000006220000 R15=0000000000000000
RIP=00000000068f28c5 RFL=00000293 [--S-A-C] CPL=0 II=0 A20=1 SMM=0 HLT=0
ES =0030 0000000000000000 ffffffff 00cf9300 DPL=0 DS   [-WA]
CS =0038 0000000000000000 ffffffff 00af9a00 DPL=0 CS64 [-R-]
SS =0030 0000000000000000 ffffffff 00cf9300 DPL=0 DS   [-WA]
DS =0030 0000000000000000 ffffffff 00cf9300 DPL=0 DS   [-WA]
FS =0030 0000000000000000 ffffffff 00cf9300 DPL=0 DS   [-WA]
GS =0030 0000000000000000 ffffffff 00cf9300 DPL=0 DS   [-WA]
LDT=0000 0000000000000000 0000ffff 00008200 DPL=0 LDT
TR =0048 00000000075db058 00000067 00008900 DPL=0 TSS64-avl
GDT=     00000000075db000 00000057
IDT=     00000000070e8018 00000fff
CR0=80010033 CR2=0000000000000000 CR3=0000000007801000 CR4=00000668
DR0=0000000000000000 DR1=0000000000000000 DR2=0000000000000000 DR3=0000000000000000 
DR6=00000000ffff0ff0 DR7=0000000000000400
CCS=0000000000000091 CCD=00000000000024fe CCO=EFLAGS
EFER=0000000000000d00
Servicing hardware INT=0x20
   501: v=20 e=0000 i=0 cpl=0 IP=0038:00000000068f2916 pc=00000000068f2916 SP=0030:0000000007ee2f50 env->regs[R_EAX]=0000000000003215
RAX=0000000000003215 RBX=0000000000002710 RCX=000000000000b008 RDX=00000000005c9696
RSI=00000000005cc8ab RDI=00000000068967d4 RBP=0000000007ee2f80 RSP=0000000007ee2f50
R8 =0000000007ee2fa0 R9 =00000000000003f6 R10=0000000000000000 R11=0000000000000000
R12=000000000000c040 R13=0000000000000011 R14=0000000006220000 R15=0000000000000000
RIP=00000000068f2916 RFL=00000202 [-------] CPL=0 II=0 A20=1 SMM=0 HLT=0
ES =0030 0000000000000000 ffffffff 00cf9300 DPL=0 DS   [-WA]
CS =0038 0000000000000000 ffffffff 00af9a00 DPL=0 CS64 [-R-]
SS =0030 0000000000000000 ffffffff 00cf9300 DPL=0 DS   [-WA]
DS =0030 0000000000000000 ffffffff 00cf9300 DPL=0 DS   [-WA]
FS =0030 0000000000000000 ffffffff 00cf9300 DPL=0 DS   [-WA]
GS =0030 0000000000000000 ffffffff 00cf9300 DPL=0 DS   [-WA]
LDT=0000 0000000000000000 0000ffff 00008200 DPL=0 LDT
TR =0048 00000000075db058 00000067 00008900 DPL=0 TSS64-avl
GDT=     00000000075db000 00000057
IDT=     00000000070e8018 00000fff
CR0=80010033 CR2=0000000000000000 CR3=0000000007801000 CR4=00000668
DR0=0000000000000000 DR1=0000000000000000 DR2=0000000000000000 DR3=0000000000000000 
DR6=00000000ffff0ff0 DR7=0000000000000400
CCS=0000000000000000 CCD=0000000000003215 CCO=EFLAGS
EFER=0000000000000d00
Servicing hardware INT=0x20
   502: v=20 e=0000 i=0 cpl=0 IP=0038:0000000006cbd095 pc=0000000006cbd095 SP=0030:0000000007ee3470 env->regs[R_EAX]=00000000005d2306
RAX=00000000005d2306 RBX=000000000000b008 RCX=000000000000b008 RDX=000000000000b008
RSI=0000000000000000 RDI=0000000000000dfb RBP=0000000007ee34d0 RSP=0000000007ee3470
R8 =0000000007ee35ac R9 =0000000000000000 R10=0000000006c42ee1 R11=0000000006719355
R12=0000000000000000 R13=00000000068fba98 R14=0000000007f08f60 R15=000000000671fd10
RIP=0000000006cbd095 RFL=00000293 [--S-A-C] CPL=0 II=0 A20=1 SMM=0 HLT=0
ES =0030 0000000000000000 ffffffff 00cf9300 DPL=0 DS   [-WA]
CS =0038 0000000000000000 ffffffff 00af9a00 DPL=0 CS64 [-R-]
SS =0030 0000000000000000 ffffffff 00cf9300 DPL=0 DS   [-WA]
DS =0030 0000000000000000 ffffffff 00cf9300 DPL=0 DS   [-WA]
FS =0030 0000000000000000 ffffffff 00cf9300 DPL=0 DS   [-WA]
GS =0030 0000000000000000 ffffffff 00cf9300 DPL=0 DS   [-WA]
LDT=0000 0000000000000000 0000ffff 00008200 DPL=0 LDT
TR =0048 00000000075db058 00000067 00008900 DPL=0 TSS64-avl
GDT=     00000000075db000 00000057
IDT=     00000000070e8018 00000fff
CR0=80010033 CR2=0000000000000000 CR3=0000000007801000 CR4=00000668
DR0=0000000000000000 DR1=0000000000000000 DR2=0000000000000000 DR3=0000000000000000 
DR6=00000000ffff0ff0 DR7=0000000000000400
CCS=0000000000000091 CCD=00000000000007fe CCO=EFLAGS
EFER=0000000000000d00
Servicing hardware INT=0x20
   503: v=20 e=0000 i=0 cpl=0 IP=0038:0000000006cbd095 pc=0000000006cbd095 SP=0030:0000000007ee3470 env->regs[R_EAX]=00000000005daeb4
RAX=00000000005daeb4 RBX=000000000000b008 RCX=000000000000b008 RDX=000000000000b008
RSI=0000000000000000 RDI=0000000000000dfb RBP=0000000007ee34d0 RSP=0000000007ee3470
R8 =0000000007ee35ac R9 =0000000000000000 R10=0000000006c42ee1 R11=0000000006719355
R12=0000000000000000 R13=00000000068fba98 R14=0000000007f08f60 R15=000000000671fd10
RIP=0000000006cbd095 RFL=00000293 [--S-A-C] CPL=0 II=0 A20=1 SMM=0 HLT=0
ES =0030 0000000000000000 ffffffff 00cf9300 DPL=0 DS   [-WA]
CS =0038 0000000000000000 ffffffff 00af9a00 DPL=0 CS64 [-R-]
SS =0030 0000000000000000 ffffffff 00cf9300 DPL=0 DS   [-WA]
DS =0030 0000000000000000 ffffffff 00cf9300 DPL=0 DS   [-WA]
FS =0030 0000000000000000 ffffffff 00cf9300 DPL=0 DS   [-WA]
GS =0030 0000000000000000 ffffffff 00cf9300 DPL=0 DS   [-WA]
LDT=0000 0000000000000000 0000ffff 00008200 DPL=0 LDT
TR =0048 00000000075db058 00000067 00008900 DPL=0 TSS64-avl
GDT=     00000000075db000 00000057
IDT=     00000000070e8018 00000fff
CR0=80010033 CR2=0000000000000000 CR3=0000000007801000 CR4=00000668
DR0=0000000000000000 DR1=0000000000000000 DR2=0000000000000000 DR3=0000000000000000 
DR6=00000000ffff0ff0 DR7=0000000000000400
CCS=0000000000000091 CCD=00000000000008fe CCO=EFLAGS
EFER=0000000000000d00
Servicing hardware INT=0x20
   504: v=20 e=0000 i=0 cpl=0 IP=0038:0000000006cbd095 pc=0000000006cbd095 SP=0030:0000000007ee3470 env->regs[R_EAX]=00000000005e3abe
RAX=00000000005e3abe RBX=000000000000b008 RCX=000000000000b008 RDX=000000000000b008
RSI=0000000000000000 RDI=0000000000000dfb RBP=0000000007ee34d0 RSP=0000000007ee3470
R8 =0000000007ee35ac R9 =0000000000000000 R10=0000000006c42ee1 R11=0000000006719355
R12=0000000000000000 R13=00000000068fba98 R14=0000000007f08f60 R15=000000000671fd10
RIP=0000000006cbd095 RFL=00000293 [--S-A-C] CPL=0 II=0 A20=1 SMM=0 HLT=0
ES =0030 0000000000000000 ffffffff 00cf9300 DPL=0 DS   [-WA]
CS =0038 0000000000000000 ffffffff 00af9a00 DPL=0 CS64 [-R-]
SS =0030 0000000000000000 ffffffff 00cf9300 DPL=0 DS   [-WA]
DS =0030 0000000000000000 ffffffff 00cf9300 DPL=0 DS   [-WA]
FS =0030 0000000000000000 ffffffff 00cf9300 DPL=0 DS   [-WA]
GS =0030 0000000000000000 ffffffff 00cf9300 DPL=0 DS   [-WA]
LDT=0000 0000000000000000 0000ffff 00008200 DPL=0 LDT
TR =0048 00000000075db058 00000067 00008900 DPL=0 TSS64-avl
GDT=     00000000075db000 00000057
IDT=     00000000070e8018 00000fff
CR0=80010033 CR2=0000000000000000 CR3=0000000007801000 CR4=00000668
DR0=0000000000000000 DR1=0000000000000000 DR2=0000000000000000 DR3=0000000000000000 
DR6=00000000ffff0ff0 DR7=0000000000000400
CCS=0000000000000091 CCD=00000000000008fe CCO=EFLAGS
EFER=0000000000000d00
Servicing hardware INT=0x20
   505: v=20 e=0000 i=0 cpl=0 IP=0038:0000000006cbd095 pc=0000000006cbd095 SP=0030:0000000007ee3470 env->regs[R_EAX]=00000000005ec686
RAX=00000000005ec686 RBX=000000000000b008 RCX=000000000000b008 RDX=000000000000b008
RSI=0000000000000000 RDI=0000000000000dfb RBP=0000000007ee34d0 RSP=0000000007ee3470
R8 =0000000007ee35ac R9 =0000000000000000 R10=0000000006c42ee1 R11=0000000006719355
R12=0000000000000000 R13=00000000068fba98 R14=0000000007f08f60 R15=000000000671fd10
RIP=0000000006cbd095 RFL=00000293 [--S-A-C] CPL=0 II=0 A20=1 SMM=0 HLT=0
ES =0030 0000000000000000 ffffffff 00cf9300 DPL=0 DS   [-WA]
CS =0038 0000000000000000 ffffffff 00af9a00 DPL=0 CS64 [-R-]
SS =0030 0000000000000000 ffffffff 00cf9300 DPL=0 DS   [-WA]
DS =0030 0000000000000000 ffffffff 00cf9300 DPL=0 DS   [-WA]
FS =0030 0000000000000000 ffffffff 00cf9300 DPL=0 DS   [-WA]
GS =0030 0000000000000000 ffffffff 00cf9300 DPL=0 DS   [-WA]
LDT=0000 0000000000000000 0000ffff 00008200 DPL=0 LDT
TR =0048 00000000075db058 00000067 00008900 DPL=0 TSS64-avl
GDT=     00000000075db000 00000057
IDT=     00000000070e8018 00000fff
CR0=80010033 CR2=0000000000000000 CR3=0000000007801000 CR4=00000668
DR0=0000000000000000 DR1=0000000000000000 DR2=0000000000000000 DR3=0000000000000000 
DR6=00000000ffff0ff0 DR7=0000000000000400
CCS=0000000000000091 CCD=00000000000008fe CCO=EFLAGS
EFER=0000000000000d00
Servicing hardware INT=0x20
   506: v=20 e=0000 i=0 cpl=0 IP=0038:000000000670d8c8 pc=000000000670d8c8 SP=0030:0000000007ee35e8 env->regs[R_EAX]=0000000000000006
RAX=0000000000000006 RBX=0000000006722548 RCX=000000000671cca0 RDX=000000000671cca0
RSI=0000000000000002 RDI=0000000000000001 RBP=000000000672257c RSP=0000000007ee35e8
R8 =000000000672257c R9 =00000000067189bd R10=0000000000000020 R11=0000000007ee3517
R12=0000000056341200 R13=00000000067225b0 R14=0000000000000000 R15=000000000671fd10
RIP=000000000670d8c8 RFL=00000246 [---Z-P-] CPL=0 II=0 A20=1 SMM=0 HLT=0
ES =0030 0000000000000000 ffffffff 00cf9300 DPL=0 DS   [-WA]
CS =0038 0000000000000000 ffffffff 00af9a00 DPL=0 CS64 [-R-]
SS =0030 0000000000000000 ffffffff 00cf9300 DPL=0 DS   [-WA]
DS =0030 0000000000000000 ffffffff 00cf9300 DPL=0 DS   [-WA]
FS =0030 0000000000000000 ffffffff 00cf9300 DPL=0 DS   [-WA]
GS =0030 0000000000000000 ffffffff 00cf9300 DPL=0 DS   [-WA]
LDT=0000 0000000000000000 0000ffff 00008200 DPL=0 LDT
TR =0048 00000000075db058 00000067 00008900 DPL=0 TSS64-avl
GDT=     00000000075db000 00000057
IDT=     00000000070e8018 00000fff
CR0=80010033 CR2=0000000000000000 CR3=0000000007801000 CR4=00000668
DR0=0000000000000000 DR1=0000000000000000 DR2=0000000000000000 DR3=0000000000000000 
DR6=00000000ffff0ff0 DR7=0000000000000400
CCS=0000000000000044 CCD=0000000000000000 CCO=EFLAGS
EFER=0000000000000d00
Servicing hardware INT=0x20
   507: v=20 e=0000 i=0 cpl=0 IP=0038:00000000068f28c5 pc=00000000068f28c5 SP=0030:0000000007ee2c20 env->regs[R_EAX]=00000000005fde90
RAX=00000000005fde90 RBX=000000000000b008 RCX=000000000000b008 RDX=000000000000b008
RSI=00000000006047ad RDI=00000000068967d4 RBP=0000000007ee2c80 RSP=0000000007ee2c20
R8 =0000000007ee2ce0 R9 =00000000000003f6 R10=0000000000000000 R11=0000000000000000
R12=0000000000000000 R13=0000000000000011 R14=0000000006220000 R15=0000000000000000
RIP=00000000068f28c5 RFL=00000293 [--S-A-C] CPL=0 II=0 A20=1 SMM=0 HLT=0
ES =0030 0000000000000000 ffffffff 00cf9300 DPL=0 DS   [-WA]
CS =0038 0000000000000000 ffffffff 00af9a00 DPL=0 CS64 [-R-]
SS =0030 0000000000000000 ffffffff 00cf9300 DPL=0 DS   [-WA]
DS =0030 0000000000000000 ffffffff 00cf9300 DPL=0 DS   [-WA]
FS =0030 0000000000000000 ffffffff 00cf9300 DPL=0 DS   [-WA]
GS =0030 0000000000000000 ffffffff 00cf9300 DPL=0 DS   [-WA]
LDT=0000 0000000000000000 0000ffff 00008200 DPL=0 LDT
TR =0048 00000000075db058 00000067 00008900 DPL=0 TSS64-avl
GDT=     00000000075db000 00000057
IDT=     00000000070e8018 00000fff
CR0=80010033 CR2=0000000000000000 CR3=0000000007801000 CR4=00000668
DR0=0000000000000000 DR1=0000000000000000 DR2=0000000000000000 DR3=0000000000000000 
DR6=00000000ffff0ff0 DR7=0000000000000400
CCS=0000000000000091 CCD=00000000000068fe CCO=EFLAGS
EFER=0000000000000d00
Servicing hardware INT=0x20
   508: v=20 e=0000 i=0 cpl=0 IP=0038:00000000068f28c5 pc=00000000068f28c5 SP=0030:0000000007ee2c20 env->regs[R_EAX]=0000000000606cb8
RAX=0000000000606cb8 RBX=000000000000b008 RCX=000000000000b008 RDX=000000000000b008
RSI=000000000060572b RDI=00000000068967d4 RBP=0000000007ee2c80 RSP=0000000007ee2c20
R8 =0000000007ee2caf R9 =000000000000c042 R10=0000000000000000 R11=0000000000000000
R12=0000000000000000 R13=0000000000000011 R14=0000000006220000 R15=0000000000000000
RIP=00000000068f28c5 RFL=00000293 [--S-A-C] CPL=0 II=0 A20=1 SMM=0 HLT=0
ES =0030 0000000000000000 ffffffff 00cf9300 DPL=0 DS   [-WA]
CS =0038 0000000000000000 ffffffff 00af9a00 DPL=0 CS64 [-R-]
SS =0030 0000000000000000 ffffffff 00cf9300 DPL=0 DS   [-WA]
DS =0030 0000000000000000 ffffffff 00cf9300 DPL=0 DS   [-WA]
FS =0030 0000000000000000 ffffffff 00cf9300 DPL=0 DS   [-WA]
GS =0030 0000000000000000 ffffffff 00cf9300 DPL=0 DS   [-WA]
LDT=0000 0000000000000000 0000ffff 00008200 DPL=0 LDT
TR =0048 00000000075db058 00000067 00008900 DPL=0 TSS64-avl
GDT=     00000000075db000 00000057
IDT=     00000000070e8018 00000fff
CR0=80010033 CR2=0000000000000000 CR3=0000000007801000 CR4=00000668
DR0=0000000000000000 DR1=0000000000000000 DR2=0000000000000000 DR3=0000000000000000 
DR6=00000000ffff0ff0 DR7=0000000000000400
CCS=0000000000000091 CCD=00000000000000fe CCO=EFLAGS
EFER=0000000000000d00
Servicing hardware INT=0x20
   509: v=20 e=0000 i=0 cpl=0 IP=0038:00000000068f2916 pc=00000000068f2916 SP=0030:0000000007ee2c90 env->regs[R_EAX]=0000000000000418
RAX=0000000000000418 RBX=0000000000002710 RCX=000000000000b008 RDX=000000000060f533
RSI=000000000060f94b RDI=00000000068967d4 RBP=0000000007ee2cc0 RSP=0000000007ee2c90
R8 =0000000007ee2ce0 R9 =00000000000003f6 R10=0000000000000000 R11=0000000000000000
R12=000000000000c040 R13=0000000000000011 R14=0000000006220000 R15=0000000000000000
RIP=00000000068f2916 RFL=00000206 [-----P-] CPL=0 II=0 A20=1 SMM=0 HLT=0
ES =0030 0000000000000000 ffffffff 00cf9300 DPL=0 DS   [-WA]
CS =0038 0000000000000000 ffffffff 00af9a00 DPL=0 CS64 [-R-]
SS =0030 0000000000000000 ffffffff 00cf9300 DPL=0 DS   [-WA]
DS =0030 0000000000000000 ffffffff 00cf9300 DPL=0 DS   [-WA]
FS =0030 0000000000000000 ffffffff 00cf9300 DPL=0 DS   [-WA]
GS =0030 0000000000000000 ffffffff 00cf9300 DPL=0 DS   [-WA]
LDT=0000 0000000000000000 0000ffff 00008200 DPL=0 LDT
TR =0048 00000000075db058 00000067 00008900 DPL=0 TSS64-avl
GDT=     00000000075db000 00000057
IDT=     00000000070e8018 00000fff
CR0=80010033 CR2=0000000000000000 CR3=0000000007801000 CR4=00000668
DR0=0000000000000000 DR1=0000000000000000 DR2=0000000000000000 DR3=0000000000000000 
DR6=00000000ffff0ff0 DR7=0000000000000400
CCS=0000000000000004 CCD=0000000000000418 CCO=EFLAGS
EFER=0000000000000d00
Servicing hardware INT=0x20
   510: v=20 e=0000 i=0 cpl=0 IP=0038:00000000068f28c5 pc=00000000068f28c5 SP=0030:0000000007ee2c20 env->regs[R_EAX]=00000000006181bb
RAX=00000000006181bb RBX=000000000000b008 RCX=000000000000b008 RDX=000000000000b008
RSI=000000000061b3ea RDI=00000000068967d4 RBP=0000000007ee2c80 RSP=0000000007ee2c20
R8 =0000000007ee2ce0 R9 =00000000000003f6 R10=0000000000000000 R11=0000000000000000
R12=0000000000000000 R13=0000000000000011 R14=0000000006220000 R15=0000000000000000
RIP=00000000068f28c5 RFL=00000293 [--S-A-C] CPL=0 II=0 A20=1 SMM=0 HLT=0
ES =0030 0000000000000000 ffffffff 00cf9300 DPL=0 DS   [-WA]
CS =0038 0000000000000000 ffffffff 00af9a00 DPL=0 CS64 [-R-]
SS =0030 0000000000000000 ffffffff 00cf9300 DPL=0 DS   [-WA]
DS =0030 0000000000000000 ffffffff 00cf9300 DPL=0 DS   [-WA]
FS =0030 0000000000000000 ffffffff 00cf9300 DPL=0 DS   [-WA]
GS =0030 0000000000000000 ffffffff 00cf9300 DPL=0 DS   [-WA]
LDT=0000 0000000000000000 0000ffff 00008200 DPL=0 LDT
TR =0048 00000000075db058 00000067 00008900 DPL=0 TSS64-avl
GDT=     00000000075db000 00000057
IDT=     00000000070e8018 00000fff
CR0=80010033 CR2=0000000000000000 CR3=0000000007801000 CR4=00000668
DR0=0000000000000000 DR1=0000000000000000 DR2=0000000000000000 DR3=0000000000000000 
DR6=00000000ffff0ff0 DR7=0000000000000400
CCS=0000000000000091 CCD=00000000000031fe CCO=EFLAGS
EFER=0000000000000d00
Servicing hardware INT=0x20
   511: v=20 e=0000 i=0 cpl=0 IP=0038:00000000068f2916 pc=00000000068f2916 SP=0030:0000000007ee2cd0 env->regs[R_EAX]=0000000000005ab9
RAX=0000000000005ab9 RBX=0000000000002710 RCX=000000000000b008 RDX=0000000000620ce6
RSI=000000000062679f RDI=00000000068967d4 RBP=0000000007ee2d00 RSP=0000000007ee2cd0
R8 =0000000007ee2d20 R9 =00000000000003f6 R10=0000000000000000 R11=0000000000000000
R12=000000000000c040 R13=0000000000000011 R14=0000000006220000 R15=0000000000000000
RIP=00000000068f2916 RFL=00000202 [-------] CPL=0 II=0 A20=1 SMM=0 HLT=0
ES =0030 0000000000000000 ffffffff 00cf9300 DPL=0 DS   [-WA]
CS =0038 0000000000000000 ffffffff 00af9a00 DPL=0 CS64 [-R-]
SS =0030 0000000000000000 ffffffff 00cf9300 DPL=0 DS   [-WA]
DS =0030 0000000000000000 ffffffff 00cf9300 DPL=0 DS   [-WA]
FS =0030 0000000000000000 ffffffff 00cf9300 DPL=0 DS   [-WA]
GS =0030 0000000000000000 ffffffff 00cf9300 DPL=0 DS   [-WA]
LDT=0000 0000000000000000 0000ffff 00008200 DPL=0 LDT
TR =0048 00000000075db058 00000067 00008900 DPL=0 TSS64-avl
GDT=     00000000075db000 00000057
IDT=     00000000070e8018 00000fff
CR0=80010033 CR2=0000000000000000 CR3=0000000007801000 CR4=00000668
DR0=0000000000000000 DR1=0000000000000000 DR2=0000000000000000 DR3=0000000000000000 
DR6=00000000ffff0ff0 DR7=0000000000000400
CCS=0000000000000000 CCD=0000000000005ab9 CCO=EFLAGS
EFER=0000000000000d00
Servicing hardware INT=0x20
   512: v=20 e=0000 i=0 cpl=0 IP=0038:00000000068f28c5 pc=00000000068f28c5 SP=0030:0000000007ee2c60 env->regs[R_EAX]=0000000000629932
RAX=0000000000629932 RBX=000000000000b008 RCX=000000000000b008 RDX=000000000000b008
RSI=0000000000631897 RDI=00000000068967d4 RBP=0000000007ee2cc0 RSP=0000000007ee2c60
R8 =0000000007ee2d20 R9 =00000000000003f6 R10=0000000000000000 R11=0000000000000000
R12=0000000000000000 R13=0000000000000011 R14=0000000006220000 R15=0000000000000000
RIP=00000000068f28c5 RFL=00000293 [--S-A-C] CPL=0 II=0 A20=1 SMM=0 HLT=0
ES =0030 0000000000000000 ffffffff 00cf9300 DPL=0 DS   [-WA]
CS =0038 0000000000000000 ffffffff 00af9a00 DPL=0 CS64 [-R-]
SS =0030 0000000000000000 ffffffff 00cf9300 DPL=0 DS   [-WA]
DS =0030 0000000000000000 ffffffff 00cf9300 DPL=0 DS   [-WA]
FS =0030 0000000000000000 ffffffff 00cf9300 DPL=0 DS   [-WA]
GS =0030 0000000000000000 ffffffff 00cf9300 DPL=0 DS   [-WA]
LDT=0000 0000000000000000 0000ffff 00008200 DPL=0 LDT
TR =0048 00000000075db058 00000067 00008900 DPL=0 TSS64-avl
GDT=     00000000075db000 00000057
IDT=     00000000070e8018 00000fff
CR0=80010033 CR2=0000000000000000 CR3=0000000007801000 CR4=00000668
DR0=0000000000000000 DR1=0000000000000000 DR2=0000000000000000 DR3=0000000000000000 
DR6=00000000ffff0ff0 DR7=0000000000000400
CCS=0000000000000091 CCD=0000000000007efe CCO=EFLAGS
EFER=0000000000000d00
Servicing hardware INT=0x20
   513: v=20 e=0000 i=0 cpl=0 IP=0038:00000000068f2916 pc=00000000068f2916 SP=0030:0000000007ee2cd0 env->regs[R_EAX]=000000000000004f
RAX=000000000000004f RBX=0000000000000064 RCX=000000000000b008 RDX=0000000000632462
RSI=00000000006324b1 RDI=00000000068967d4 RBP=0000000007ee2d00 RSP=0000000007ee2cd0
R8 =0000000007ee2cef R9 =000000000000c042 R10=0000000000000000 R11=0000000000000000
R12=000000000004baf1 R13=0000000000000011 R14=0000000006220000 R15=0000000000000000
RIP=00000000068f2916 RFL=00000202 [-------] CPL=0 II=0 A20=1 SMM=0 HLT=0
ES =0030 0000000000000000 ffffffff 00cf9300 DPL=0 DS   [-WA]
CS =0038 0000000000000000 ffffffff 00af9a00 DPL=0 CS64 [-R-]
SS =0030 0000000000000000 ffffffff 00cf9300 DPL=0 DS   [-WA]
DS =0030 0000000000000000 ffffffff 00cf9300 DPL=0 DS   [-WA]
FS =0030 0000000000000000 ffffffff 00cf9300 DPL=0 DS   [-WA]
GS =0030 0000000000000000 ffffffff 00cf9300 DPL=0 DS   [-WA]
LDT=0000 0000000000000000 0000ffff 00008200 DPL=0 LDT
TR =0048 00000000075db058 00000067 00008900 DPL=0 TSS64-avl
GDT=     00000000075db000 00000057
IDT=     00000000070e8018 00000fff
CR0=80010033 CR2=0000000000000000 CR3=0000000007801000 CR4=00000668
DR0=0000000000000000 DR1=0000000000000000 DR2=0000000000000000 DR3=0000000000000000 
DR6=00000000ffff0ff0 DR7=0000000000000400
CCS=0000000000000000 CCD=000000000000004f CCO=EFLAGS
EFER=0000000000000d00
Servicing hardware INT=0x20
   514: v=20 e=0000 i=0 cpl=0 IP=0038:00000000068f2916 pc=00000000068f2916 SP=0030:0000000007ee2cd0 env->regs[R_EAX]=0000000000002132
RAX=0000000000002132 RBX=0000000000002710 RCX=000000000000b008 RDX=000000000063b06a
RSI=000000000063d19c RDI=00000000068967d4 RBP=0000000007ee2d00 RSP=0000000007ee2cd0
R8 =0000000007ee2d20 R9 =00000000000003f6 R10=0000000000000000 R11=0000000000000000
R12=000000000000c040 R13=0000000000000011 R14=0000000006220000 R15=0000000000000000
RIP=00000000068f2916 RFL=00000202 [-------] CPL=0 II=0 A20=1 SMM=0 HLT=0
ES =0030 0000000000000000 ffffffff 00cf9300 DPL=0 DS   [-WA]
CS =0038 0000000000000000 ffffffff 00af9a00 DPL=0 CS64 [-R-]
SS =0030 0000000000000000 ffffffff 00cf9300 DPL=0 DS   [-WA]
DS =0030 0000000000000000 ffffffff 00cf9300 DPL=0 DS   [-WA]
FS =0030 0000000000000000 ffffffff 00cf9300 DPL=0 DS   [-WA]
GS =0030 0000000000000000 ffffffff 00cf9300 DPL=0 DS   [-WA]
LDT=0000 0000000000000000 0000ffff 00008200 DPL=0 LDT
TR =0048 00000000075db058 00000067 00008900 DPL=0 TSS64-avl
GDT=     00000000075db000 00000057
IDT=     00000000070e8018 00000fff
CR0=80010033 CR2=0000000000000000 CR3=0000000007801000 CR4=00000668
DR0=0000000000000000 DR1=0000000000000000 DR2=0000000000000000 DR3=0000000000000000 
DR6=00000000ffff0ff0 DR7=0000000000000400
CCS=0000000000000000 CCD=0000000000002132 CCO=EFLAGS
EFER=0000000000000d00
Servicing hardware INT=0x20
   515: v=20 e=0000 i=0 cpl=0 IP=0038:00000000068f2916 pc=00000000068f2916 SP=0030:0000000007ee2cd0 env->regs[R_EAX]=00000000000067ec
RAX=00000000000067ec RBX=0000000000002710 RCX=000000000000b008 RDX=0000000000643c4a
RSI=000000000064a436 RDI=00000000068967d4 RBP=0000000007ee2d00 RSP=0000000007ee2cd0
R8 =0000000007ee2d20 R9 =00000000000003f6 R10=0000000000000000 R11=0000000000000000
R12=000000000000c040 R13=0000000000000011 R14=0000000006220000 R15=0000000000000000
RIP=00000000068f2916 RFL=00000202 [-------] CPL=0 II=0 A20=1 SMM=0 HLT=0
ES =0030 0000000000000000 ffffffff 00cf9300 DPL=0 DS   [-WA]
CS =0038 0000000000000000 ffffffff 00af9a00 DPL=0 CS64 [-R-]
SS =0030 0000000000000000 ffffffff 00cf9300 DPL=0 DS   [-WA]
DS =0030 0000000000000000 ffffffff 00cf9300 DPL=0 DS   [-WA]
FS =0030 0000000000000000 ffffffff 00cf9300 DPL=0 DS   [-WA]
GS =0030 0000000000000000 ffffffff 00cf9300 DPL=0 DS   [-WA]
LDT=0000 0000000000000000 0000ffff 00008200 DPL=0 LDT
TR =0048 00000000075db058 00000067 00008900 DPL=0 TSS64-avl
GDT=     00000000075db000 00000057
IDT=     00000000070e8018 00000fff
CR0=80010033 CR2=0000000000000000 CR3=0000000007801000 CR4=00000668
DR0=0000000000000000 DR1=0000000000000000 DR2=0000000000000000 DR3=0000000000000000 
DR6=00000000ffff0ff0 DR7=0000000000000400
CCS=0000000000000000 CCD=00000000000067ec CCO=EFLAGS
EFER=0000000000000d00
Servicing hardware INT=0x20
   516: v=20 e=0000 i=0 cpl=0 IP=0038:0000000007ee7ec3 pc=0000000007ee7ec3 SP=0030:0000000007ee37a8 env->regs[R_EAX]=0000000007f08f60
RAX=0000000007f08f60 RBX=0000000006c90918 RCX=0000000006c90918 RDX=00000000068ac160
RSI=000000000000000d RDI=00000000068ac180 RBP=0000000007ee3810 RSP=0000000007ee37a8
R8 =0000000007ee37e8 R9 =0000000006933818 R10=0000000006842918 R11=000000000000002c
R12=0000000000000000 R13=0000000006842918 R14=00000000068ac180 R15=0000000000000000
RIP=0000000007ee7ec3 RFL=00000202 [-------] CPL=0 II=0 A20=1 SMM=0 HLT=0
ES =0030 0000000000000000 ffffffff 00cf9300 DPL=0 DS   [-WA]
CS =0038 0000000000000000 ffffffff 00af9a00 DPL=0 CS64 [-R-]
SS =0030 0000000000000000 ffffffff 00cf9300 DPL=0 DS   [-WA]
DS =0030 0000000000000000 ffffffff 00cf9300 DPL=0 DS   [-WA]
FS =0030 0000000000000000 ffffffff 00cf9300 DPL=0 DS   [-WA]
GS =0030 0000000000000000 ffffffff 00cf9300 DPL=0 DS   [-WA]
LDT=0000 0000000000000000 0000ffff 00008200 DPL=0 LDT
TR =0048 00000000075db058 00000067 00008900 DPL=0 TSS64-avl
GDT=     00000000075db000 00000057
IDT=     00000000070e8018 00000fff
CR0=80010033 CR2=0000000000000000 CR3=0000000007801000 CR4=00000668
DR0=0000000000000000 DR1=0000000000000000 DR2=0000000000000000 DR3=0000000000000000 
DR6=00000000ffff0ff0 DR7=0000000000000400
CCS=0000000000000000 CCD=0000000007ee37b0 CCO=EFLAGS
EFER=0000000000000d00
Servicing hardware INT=0x20
   517: v=20 e=0000 i=0 cpl=0 IP=0038:0000000007f0150b pc=0000000007f0150b SP=0030:0000000007ee3730 env->regs[R_EAX]=0000000006990698
RAX=0000000006990698 RBX=0000000006990698 RCX=000000000698e398 RDX=0000000006c2ad18
RSI=00000000074ec018 RDI=000000000698e398 RBP=0000000007ee3770 RSP=0000000007ee3730
R8 =000000000623d618 R9 =0000000000000000 R10=000000000623d098 R11=000000000000002c
R12=000000000623d618 R13=000000000698e398 R14=0000000007ee38b8 R15=0000000000000000
RIP=0000000007f0150b RFL=00000286 [--S--P-] CPL=0 II=0 A20=1 SMM=0 HLT=0
ES =0030 0000000000000000 ffffffff 00cf9300 DPL=0 DS   [-WA]
CS =0038 0000000000000000 ffffffff 00af9a00 DPL=0 CS64 [-R-]
SS =0030 0000000000000000 ffffffff 00cf9300 DPL=0 DS   [-WA]
DS =0030 0000000000000000 ffffffff 00cf9300 DPL=0 DS   [-WA]
FS =0030 0000000000000000 ffffffff 00cf9300 DPL=0 DS   [-WA]
GS =0030 0000000000000000 ffffffff 00cf9300 DPL=0 DS   [-WA]
LDT=0000 0000000000000000 0000ffff 00008200 DPL=0 LDT
TR =0048 00000000075db058 00000067 00008900 DPL=0 TSS64-avl
GDT=     00000000075db000 00000057
IDT=     00000000070e8018 00000fff
CR0=80010033 CR2=0000000000000000 CR3=0000000007801000 CR4=00000668
DR0=0000000000000000 DR1=0000000000000000 DR2=0000000000000000 DR3=0000000000000000 
DR6=00000000ffff0ff0 DR7=0000000000000400
CCS=0000000000000084 CCD=ffffffffffffffff CCO=EFLAGS
EFER=0000000000000d00
Servicing hardware INT=0x20
   518: v=20 e=0000 i=0 cpl=0 IP=0038:0000000007f01519 pc=0000000007f01519 SP=0030:0000000007ee3690 env->regs[R_EAX]=0000000000000001
RAX=0000000000000001 RBX=0000000006911998 RCX=000000000691e818 RDX=0000000006911c18
RSI=00000000074ec018 RDI=000000000691e818 RBP=0000000007ee36d0 RSP=0000000007ee3690
R8 =0000000007ee37d8 R9 =000000000691e818 R10=000000000623d098 R11=000000000000002c
R12=0000000000000010 R13=00000000068725a0 R14=000000000691e818 R15=0000000007ee37d8
RIP=0000000007f01519 RFL=00000202 [-------] CPL=0 II=0 A20=1 SMM=0 HLT=0
ES =0030 0000000000000000 ffffffff 00cf9300 DPL=0 DS   [-WA]
CS =0038 0000000000000000 ffffffff 00af9a00 DPL=0 CS64 [-R-]
SS =0030 0000000000000000 ffffffff 00cf9300 DPL=0 DS   [-WA]
DS =0030 0000000000000000 ffffffff 00cf9300 DPL=0 DS   [-WA]
FS =0030 0000000000000000 ffffffff 00cf9300 DPL=0 DS   [-WA]
GS =0030 0000000000000000 ffffffff 00cf9300 DPL=0 DS   [-WA]
LDT=0000 0000000000000000 0000ffff 00008200 DPL=0 LDT
TR =0048 00000000075db058 00000067 00008900 DPL=0 TSS64-avl
GDT=     00000000075db000 00000057
IDT=     00000000070e8018 00000fff
CR0=80010033 CR2=0000000000000000 CR3=0000000007801000 CR4=00000668
DR0=0000000000000000 DR1=0000000000000000 DR2=0000000000000000 DR3=0000000000000000 
DR6=00000000ffff0ff0 DR7=0000000000000400
CCS=0000000000000000 CCD=0000000000000001 CCO=EFLAGS
EFER=0000000000000d00
Servicing hardware INT=0x20
   519: v=20 e=0000 i=0 cpl=0 IP=0038:00000000070f23ae pc=00000000070f23ae SP=0030:0000000007ee33c8 env->regs[R_EAX]=0000000000000002
RAX=0000000000000002 RBX=000000000623c6b6 RCX=000000000623c6b6 RDX=0000000000000000
RSI=000000000000000c RDI=000000000000000c RBP=0000000007ee3400 RSP=0000000007ee33c8
R8 =00000000000000af R9 =0000000000000020 R10=ffffffffff43b578 R11=00000000e0000053
R12=0000000006842a98 R13=000000000623c698 R14=000000000692f754 R15=0000000007ee3500
RIP=00000000070f23ae RFL=00000202 [-------] CPL=0 II=0 A20=1 SMM=0 HLT=0
ES =0030 0000000000000000 ffffffff 00cf9300 DPL=0 DS   [-WA]
CS =0038 0000000000000000 ffffffff 00af9a00 DPL=0 CS64 [-R-]
SS =0030 0000000000000000 ffffffff 00cf9300 DPL=0 DS   [-WA]
DS =0030 0000000000000000 ffffffff 00cf9300 DPL=0 DS   [-WA]
FS =0030 0000000000000000 ffffffff 00cf9300 DPL=0 DS   [-WA]
GS =0030 0000000000000000 ffffffff 00cf9300 DPL=0 DS   [-WA]
LDT=0000 0000000000000000 0000ffff 00008200 DPL=0 LDT
TR =0048 00000000075db058 00000067 00008900 DPL=0 TSS64-avl
GDT=     00000000075db000 00000057
IDT=     00000000070e8018 00000fff
CR0=80010033 CR2=0000000000000000 CR3=0000000007801000 CR4=00000668
DR0=0000000000000000 DR1=0000000000000000 DR2=0000000000000000 DR3=0000000000000000 
DR6=00000000ffff0ff0 DR7=0000000000000400
CCS=0000000000000000 CCD=000000000623c6b6 CCO=EFLAGS
EFER=0000000000000d00
Servicing hardware INT=0x20
   520: v=20 e=0000 i=0 cpl=0 IP=0038:00000000068f28c5 pc=00000000068f28c5 SP=0030:0000000007ee2e20 env->regs[R_EAX]=000000000066f816
RAX=000000000066f816 RBX=000000000000b008 RCX=000000000000b008 RDX=000000000000b008
RSI=000000000066f7cb RDI=0000000007ee3000 RBP=0000000007ee2e80 RSP=0000000007ee2e20
R8 =0000000007ee2ee0 R9 =0000000000000177 R10=0000000000000000 R11=0000000000000000
R12=0000000000000000 R13=0000000000000000 R14=00000000000000a0 R15=00000000ffffff00
RIP=00000000068f28c5 RFL=00000293 [--S-A-C] CPL=0 II=0 A20=1 SMM=0 HLT=0
ES =0030 0000000000000000 ffffffff 00cf9300 DPL=0 DS   [-WA]
CS =0038 0000000000000000 ffffffff 00af9a00 DPL=0 CS64 [-R-]
SS =0030 0000000000000000 ffffffff 00cf9300 DPL=0 DS   [-WA]
DS =0030 0000000000000000 ffffffff 00cf9300 DPL=0 DS   [-WA]
FS =0030 0000000000000000 ffffffff 00cf9300 DPL=0 DS   [-WA]
GS =0030 0000000000000000 ffffffff 00cf9300 DPL=0 DS   [-WA]
LDT=0000 0000000000000000 0000ffff 00008200 DPL=0 LDT
TR =0048 00000000075db058 00000067 00008900 DPL=0 TSS64-avl
GDT=     00000000075db000 00000057
IDT=     00000000070e8018 00000fff
CR0=80010033 CR2=0000000000000000 CR3=0000000007801000 CR4=00000668
DR0=0000000000000000 DR1=0000000000000000 DR2=0000000000000000 DR3=0000000000000000 
DR6=00000000ffff0ff0 DR7=0000000000000400
CCS=0000000000000091 CCD=fffffffffffffffe CCO=EFLAGS
EFER=0000000000000d00
Servicing hardware INT=0x20
   521: v=20 e=0000 i=0 cpl=0 IP=0038:00000000068f2916 pc=00000000068f2916 SP=0030:0000000007ee3040 env->regs[R_EAX]=0000000000005794
RAX=0000000000005794 RBX=0000000000002710 RCX=000000000000b008 RDX=0000000000678340
RSI=000000000067dad4 RDI=00000000068967d4 RBP=0000000007ee3070 RSP=0000000007ee3040
R8 =0000000007ee3090 R9 =00000000000003f6 R10=0000000000000000 R11=0000000000000000
R12=000000000000c040 R13=0000000000000011 R14=0000000006220000 R15=0000000000000000
RIP=00000000068f2916 RFL=00000202 [-------] CPL=0 II=0 A20=1 SMM=0 HLT=0
ES =0030 0000000000000000 ffffffff 00cf9300 DPL=0 DS   [-WA]
CS =0038 0000000000000000 ffffffff 00af9a00 DPL=0 CS64 [-R-]
SS =0030 0000000000000000 ffffffff 00cf9300 DPL=0 DS   [-WA]
DS =0030 0000000000000000 ffffffff 00cf9300 DPL=0 DS   [-WA]
FS =0030 0000000000000000 ffffffff 00cf9300 DPL=0 DS   [-WA]
GS =0030 0000000000000000 ffffffff 00cf9300 DPL=0 DS   [-WA]
LDT=0000 0000000000000000 0000ffff 00008200 DPL=0 LDT
TR =0048 00000000075db058 00000067 00008900 DPL=0 TSS64-avl
GDT=     00000000075db000 00000057
IDT=     00000000070e8018 00000fff
CR0=80010033 CR2=0000000000000000 CR3=0000000007801000 CR4=00000668
DR0=0000000000000000 DR1=0000000000000000 DR2=0000000000000000 DR3=0000000000000000 
DR6=00000000ffff0ff0 DR7=0000000000000400
CCS=0000000000000000 CCD=0000000000005794 CCO=EFLAGS
EFER=0000000000000d00
Servicing hardware INT=0x20
   522: v=20 e=0000 i=0 cpl=0 IP=0038:00000000068f28c5 pc=00000000068f28c5 SP=0030:0000000007ee2e10 env->regs[R_EAX]=0000000000680f56
RAX=0000000000680f56 RBX=000000000000b008 RCX=000000000000b008 RDX=000000000000b008
RSI=0000000000687304 RDI=00000000068967d4 RBP=0000000007ee2e70 RSP=0000000007ee2e10
R8 =0000000007ee2ed0 R9 =00000000000003f6 R10=0000000000000000 R11=0000000000000000
R12=0000000000000000 R13=0000000000000011 R14=0000000006220000 R15=0000000000000000
RIP=00000000068f28c5 RFL=00000293 [--S-A-C] CPL=0 II=0 A20=1 SMM=0 HLT=0
ES =0030 0000000000000000 ffffffff 00cf9300 DPL=0 DS   [-WA]
CS =0038 0000000000000000 ffffffff 00af9a00 DPL=0 CS64 [-R-]
SS =0030 0000000000000000 ffffffff 00cf9300 DPL=0 DS   [-WA]
DS =0030 0000000000000000 ffffffff 00cf9300 DPL=0 DS   [-WA]
FS =0030 0000000000000000 ffffffff 00cf9300 DPL=0 DS   [-WA]
GS =0030 0000000000000000 ffffffff 00cf9300 DPL=0 DS   [-WA]
LDT=0000 0000000000000000 0000ffff 00008200 DPL=0 LDT
TR =0048 00000000075db058 00000067 00008900 DPL=0 TSS64-avl
GDT=     00000000075db000 00000057
IDT=     00000000070e8018 00000fff
CR0=80010033 CR2=0000000000000000 CR3=0000000007801000 CR4=00000668
DR0=0000000000000000 DR1=0000000000000000 DR2=0000000000000000 DR3=0000000000000000 
DR6=00000000ffff0ff0 DR7=0000000000000400
CCS=0000000000000091 CCD=00000000000063fe CCO=EFLAGS
EFER=0000000000000d00
Servicing hardware INT=0x20
   523: v=20 e=0000 i=0 cpl=0 IP=0038:00000000068f2916 pc=00000000068f2916 SP=0030:0000000007ee2e80 env->regs[R_EAX]=000000000000704a
RAX=000000000000704a RBX=0000000000002710 RCX=000000000000b008 RDX=0000000000689aed
RSI=0000000000690b37 RDI=00000000068967d4 RBP=0000000007ee2eb0 RSP=0000000007ee2e80
R8 =0000000007ee2ed0 R9 =00000000000003f6 R10=0000000000000000 R11=0000000000000000
R12=000000000000c040 R13=0000000000000011 R14=0000000006220000 R15=0000000000000000
RIP=00000000068f2916 RFL=00000202 [-------] CPL=0 II=0 A20=1 SMM=0 HLT=0
ES =0030 0000000000000000 ffffffff 00cf9300 DPL=0 DS   [-WA]
CS =0038 0000000000000000 ffffffff 00af9a00 DPL=0 CS64 [-R-]
SS =0030 0000000000000000 ffffffff 00cf9300 DPL=0 DS   [-WA]
DS =0030 0000000000000000 ffffffff 00cf9300 DPL=0 DS   [-WA]
FS =0030 0000000000000000 ffffffff 00cf9300 DPL=0 DS   [-WA]
GS =0030 0000000000000000 ffffffff 00cf9300 DPL=0 DS   [-WA]
LDT=0000 0000000000000000 0000ffff 00008200 DPL=0 LDT
TR =0048 00000000075db058 00000067 00008900 DPL=0 TSS64-avl
GDT=     00000000075db000 00000057
IDT=     00000000070e8018 00000fff
CR0=80010033 CR2=0000000000000000 CR3=0000000007801000 CR4=00000668
DR0=0000000000000000 DR1=0000000000000000 DR2=0000000000000000 DR3=0000000000000000 
DR6=00000000ffff0ff0 DR7=0000000000000400
CCS=0000000000000000 CCD=000000000000704a CCO=EFLAGS
EFER=0000000000000d00
Servicing hardware INT=0x20
   524: v=20 e=0000 i=0 cpl=0 IP=0038:00000000068f2916 pc=00000000068f2916 SP=0030:0000000007ee3040 env->regs[R_EAX]=0000000000007c65
RAX=0000000000007c65 RBX=0000000000002710 RCX=000000000000b008 RDX=00000000006926ab
RSI=000000000069a310 RDI=00000000068967d4 RBP=0000000007ee3070 RSP=0000000007ee3040
R8 =0000000007ee3090 R9 =00000000000003f6 R10=0000000000000000 R11=0000000000000000
R12=000000000000c040 R13=0000000000000011 R14=0000000006220000 R15=0000000000000000
RIP=00000000068f2916 RFL=00000206 [-----P-] CPL=0 II=0 A20=1 SMM=0 HLT=0
ES =0030 0000000000000000 ffffffff 00cf9300 DPL=0 DS   [-WA]
CS =0038 0000000000000000 ffffffff 00af9a00 DPL=0 CS64 [-R-]
SS =0030 0000000000000000 ffffffff 00cf9300 DPL=0 DS   [-WA]
DS =0030 0000000000000000 ffffffff 00cf9300 DPL=0 DS   [-WA]
FS =0030 0000000000000000 ffffffff 00cf9300 DPL=0 DS   [-WA]
GS =0030 0000000000000000 ffffffff 00cf9300 DPL=0 DS   [-WA]
LDT=0000 0000000000000000 0000ffff 00008200 DPL=0 LDT
TR =0048 00000000075db058 00000067 00008900 DPL=0 TSS64-avl
GDT=     00000000075db000 00000057
IDT=     00000000070e8018 00000fff
CR0=80010033 CR2=0000000000000000 CR3=0000000007801000 CR4=00000668
DR0=0000000000000000 DR1=0000000000000000 DR2=0000000000000000 DR3=0000000000000000 
DR6=00000000ffff0ff0 DR7=0000000000000400
CCS=0000000000000004 CCD=0000000000007c65 CCO=EFLAGS
EFER=0000000000000d00
Servicing hardware INT=0x20
   525: v=20 e=0000 i=0 cpl=0 IP=0038:0000000007ee4ef1 pc=0000000007ee4ef1 SP=0030:0000000007ee36c0 env->regs[R_EAX]=00000000090cc000
RAX=00000000090cc000 RBX=00000000074e3c18 RCX=0000000007f07ee8 RDX=719f1e26090cc000
RSI=0000000000000000 RDI=0000000007f07ee0 RBP=0000000007ee3710 RSP=0000000007ee36c0
R8 =0000000000000000 R9 =0000000007ee38a0 R10=000000000623c698 R11=000000000000002c
R12=00000000074e3c20 R13=0000000007f07ee0 R14=0000000000000000 R15=0000000007f07e80
RIP=0000000007ee4ef1 RFL=00000206 [-----P-] CPL=0 II=0 A20=1 SMM=0 HLT=0
ES =0030 0000000000000000 ffffffff 00cf9300 DPL=0 DS   [-WA]
CS =0038 0000000000000000 ffffffff 00af9a00 DPL=0 CS64 [-R-]
SS =0030 0000000000000000 ffffffff 00cf9300 DPL=0 DS   [-WA]
DS =0030 0000000000000000 ffffffff 00cf9300 DPL=0 DS   [-WA]
FS =0030 0000000000000000 ffffffff 00cf9300 DPL=0 DS   [-WA]
GS =0030 0000000000000000 ffffffff 00cf9300 DPL=0 DS   [-WA]
LDT=0000 0000000000000000 0000ffff 00008200 DPL=0 LDT
TR =0048 00000000075db058 00000067 00008900 DPL=0 TSS64-avl
GDT=     00000000075db000 00000057
IDT=     00000000070e8018 00000fff
CR0=80010033 CR2=0000000000000000 CR3=0000000007801000 CR4=00000668
DR0=0000000000000000 DR1=0000000000000000 DR2=0000000000000000 DR3=0000000000000000 
DR6=00000000ffff0ff0 DR7=0000000000000400
CCS=0000000000000004 CCD=719f1e26090cc000 CCO=EFLAGS
EFER=0000000000000d00
Servicing hardware INT=0x20
   526: v=20 e=0000 i=0 cpl=0 IP=0038:0000000007f01519 pc=0000000007f01519 SP=0030:0000000007ee3480 env->regs[R_EAX]=0000000000000001
RAX=0000000000000001 RBX=0000000006855898 RCX=00000000068ae218 RDX=0000000006855598
RSI=00000000074ec018 RDI=00000000068ae218 RBP=0000000007ee34c0 RSP=0000000007ee3480
R8 =0000000007ee35c8 R9 =0000000006988c98 R10=000000000623d098 R11=000000000000002c
R12=0000000000000010 R13=00000000068faa20 R14=0000000006988c98 R15=0000000007ee35c8
RIP=0000000007f01519 RFL=00000202 [-------] CPL=0 II=0 A20=1 SMM=0 HLT=0
ES =0030 0000000000000000 ffffffff 00cf9300 DPL=0 DS   [-WA]
CS =0038 0000000000000000 ffffffff 00af9a00 DPL=0 CS64 [-R-]
SS =0030 0000000000000000 ffffffff 00cf9300 DPL=0 DS   [-WA]
DS =0030 0000000000000000 ffffffff 00cf9300 DPL=0 DS   [-WA]
FS =0030 0000000000000000 ffffffff 00cf9300 DPL=0 DS   [-WA]
GS =0030 0000000000000000 ffffffff 00cf9300 DPL=0 DS   [-WA]
LDT=0000 0000000000000000 0000ffff 00008200 DPL=0 LDT
TR =0048 00000000075db058 00000067 00008900 DPL=0 TSS64-avl
GDT=     00000000075db000 00000057
IDT=     00000000070e8018 00000fff
CR0=80010033 CR2=0000000000000000 CR3=0000000007801000 CR4=00000668
DR0=0000000000000000 DR1=0000000000000000 DR2=0000000000000000 DR3=0000000000000000 
DR6=00000000ffff0ff0 DR7=0000000000000400
CCS=0000000000000000 CCD=0000000000000001 CCO=EFLAGS
EFER=0000000000000d00
Servicing hardware INT=0x20
   527: v=20 e=0000 i=0 cpl=0 IP=0038:00000000068f2916 pc=00000000068f2916 SP=0030:0000000007ee3130 env->regs[R_EAX]=0000000000008b3f
RAX=0000000000008b3f RBX=0000000000002710 RCX=000000000000b008 RDX=00000000006aca1f
RSI=00000000006b555e RDI=00000000068967d4 RBP=0000000007ee3160 RSP=0000000007ee3130
R8 =0000000007ee3180 R9 =00000000000003f6 R10=0000000000000000 R11=0000000000000000
R12=000000000000c040 R13=0000000000000011 R14=0000000006220000 R15=0000000000000000
RIP=00000000068f2916 RFL=00000206 [-----P-] CPL=0 II=0 A20=1 SMM=0 HLT=0
ES =0030 0000000000000000 ffffffff 00cf9300 DPL=0 DS   [-WA]
CS =0038 0000000000000000 ffffffff 00af9a00 DPL=0 CS64 [-R-]
SS =0030 0000000000000000 ffffffff 00cf9300 DPL=0 DS   [-WA]
DS =0030 0000000000000000 ffffffff 00cf9300 DPL=0 DS   [-WA]
FS =0030 0000000000000000 ffffffff 00cf9300 DPL=0 DS   [-WA]
GS =0030 0000000000000000 ffffffff 00cf9300 DPL=0 DS   [-WA]
LDT=0000 0000000000000000 0000ffff 00008200 DPL=0 LDT
TR =0048 00000000075db058 00000067 00008900 DPL=0 TSS64-avl
GDT=     00000000075db000 00000057
IDT=     00000000070e8018 00000fff
CR0=80010033 CR2=0000000000000000 CR3=0000000007801000 CR4=00000668
DR0=0000000000000000 DR1=0000000000000000 DR2=0000000000000000 DR3=0000000000000000 
DR6=00000000ffff0ff0 DR7=0000000000000400
CCS=0000000000000004 CCD=0000000000008b3f CCO=EFLAGS
EFER=0000000000000d00
Servicing hardware INT=0x20
   528: v=20 e=0000 i=0 cpl=0 IP=0038:0000000007f01afc pc=0000000007f01afc SP=0030:0000000007ee2ff0 env->regs[R_EAX]=00000000000000af
RAX=00000000000000af RBX=0000000006219000 RCX=0000000000000000 RDX=0000000006219000
RSI=0000000007f09aa0 RDI=000000000622a000 RBP=0000000007ee3080 RSP=0000000007ee2ff0
R8 =00000000000000af R9 =0000000006229fff R10=0000000000000000 R11=0000000000000002
R12=0000000000010fff R13=0000000006229fff R14=000000000622a000 R15=0000000006c8fa40
RIP=0000000007f01afc RFL=00000206 [-----P-] CPL=0 II=0 A20=1 SMM=0 HLT=0
ES =0030 0000000000000000 ffffffff 00cf9300 DPL=0 DS   [-WA]
CS =0038 0000000000000000 ffffffff 00af9a00 DPL=0 CS64 [-R-]
SS =0030 0000000000000000 ffffffff 00cf9300 DPL=0 DS   [-WA]
DS =0030 0000000000000000 ffffffff 00cf9300 DPL=0 DS   [-WA]
FS =0030 0000000000000000 ffffffff 00cf9300 DPL=0 DS   [-WA]
GS =0030 0000000000000000 ffffffff 00cf9300 DPL=0 DS   [-WA]
LDT=0000 0000000000000000 0000ffff 00008200 DPL=0 LDT
TR =0048 00000000075db058 00000067 00008900 DPL=0 TSS64-avl
GDT=     00000000075db000 00000057
IDT=     00000000070e8018 00000fff
CR0=80010033 CR2=0000000000000000 CR3=0000000007801000 CR4=00000668
DR0=0000000000000000 DR1=0000000000000000 DR2=0000000000000000 DR3=0000000000000000 
DR6=00000000ffff0ff0 DR7=0000000000000400
CCS=0000000000000004 CCD=0000000007ee2fd8 CCO=EFLAGS
EFER=0000000000000d00
Servicing hardware INT=0x20
   529: v=20 e=0000 i=0 cpl=0 IP=0038:00000000068f2916 pc=00000000068f2916 SP=0030:0000000007ee2f70 env->regs[R_EAX]=0000000000000c95
RAX=0000000000000c95 RBX=0000000000002710 RCX=000000000000b008 RDX=00000000006be1e1
RSI=00000000006bee76 RDI=00000000068967d4 RBP=0000000007ee2fa0 RSP=0000000007ee2f70
R8 =0000000007ee2fc0 R9 =00000000000003f6 R10=0000000000000000 R11=0000000000000000
R12=000000000000c040 R13=0000000000000011 R14=0000000006220000 R15=0000000000000000
RIP=00000000068f2916 RFL=00000206 [-----P-] CPL=0 II=0 A20=1 SMM=0 HLT=0
ES =0030 0000000000000000 ffffffff 00cf9300 DPL=0 DS   [-WA]
CS =0038 0000000000000000 ffffffff 00af9a00 DPL=0 CS64 [-R-]
SS =0030 0000000000000000 ffffffff 00cf9300 DPL=0 DS   [-WA]
DS =0030 0000000000000000 ffffffff 00cf9300 DPL=0 DS   [-WA]
FS =0030 0000000000000000 ffffffff 00cf9300 DPL=0 DS   [-WA]
GS =0030 0000000000000000 ffffffff 00cf9300 DPL=0 DS   [-WA]
LDT=0000 0000000000000000 0000ffff 00008200 DPL=0 LDT
TR =0048 00000000075db058 00000067 00008900 DPL=0 TSS64-avl
GDT=     00000000075db000 00000057
IDT=     00000000070e8018 00000fff
CR0=80010033 CR2=0000000000000000 CR3=0000000007801000 CR4=00000668
DR0=0000000000000000 DR1=0000000000000000 DR2=0000000000000000 DR3=0000000000000000 
DR6=00000000ffff0ff0 DR7=0000000000000400
CCS=0000000000000004 CCD=0000000000000c95 CCO=EFLAGS
EFER=0000000000000d00
Servicing hardware INT=0x20
   530: v=20 e=0000 i=0 cpl=0 IP=0038:00000000068f28c5 pc=00000000068f28c5 SP=0030:0000000007ee2f00 env->regs[R_EAX]=00000000006c6dfd
RAX=00000000006c6dfd RBX=000000000000b008 RCX=000000000000b008 RDX=000000000000b008
RSI=00000000006c86ca RDI=00000000068967d4 RBP=0000000007ee2f60 RSP=0000000007ee2f00
R8 =0000000007ee2fc0 R9 =00000000000003f6 R10=0000000000000000 R11=0000000000000000
R12=0000000000000000 R13=0000000000000011 R14=0000000006220000 R15=0000000000000000
RIP=00000000068f28c5 RFL=00000293 [--S-A-C] CPL=0 II=0 A20=1 SMM=0 HLT=0
ES =0030 0000000000000000 ffffffff 00cf9300 DPL=0 DS   [-WA]
CS =0038 0000000000000000 ffffffff 00af9a00 DPL=0 CS64 [-R-]
SS =0030 0000000000000000 ffffffff 00cf9300 DPL=0 DS   [-WA]
DS =0030 0000000000000000 ffffffff 00cf9300 DPL=0 DS   [-WA]
FS =0030 0000000000000000 ffffffff 00cf9300 DPL=0 DS   [-WA]
GS =0030 0000000000000000 ffffffff 00cf9300 DPL=0 DS   [-WA]
LDT=0000 0000000000000000 0000ffff 00008200 DPL=0 LDT
TR =0048 00000000075db058 00000067 00008900 DPL=0 TSS64-avl
GDT=     00000000075db000 00000057
IDT=     00000000070e8018 00000fff
CR0=80010033 CR2=0000000000000000 CR3=0000000007801000 CR4=00000668
DR0=0000000000000000 DR1=0000000000000000 DR2=0000000000000000 DR3=0000000000000000 
DR6=00000000ffff0ff0 DR7=0000000000000400
CCS=0000000000000091 CCD=00000000000018fe CCO=EFLAGS
EFER=0000000000000d00
Servicing hardware INT=0x20
   531: v=20 e=0000 i=0 cpl=0 IP=0038:00000000068f2916 pc=00000000068f2916 SP=0030:0000000007ee3130 env->regs[R_EAX]=0000000000002523
RAX=0000000000002523 RBX=0000000000002710 RCX=000000000000b008 RDX=00000000006cf98d
RSI=00000000006d1eb0 RDI=00000000068967d4 RBP=0000000007ee3160 RSP=0000000007ee3130
R8 =0000000007ee3180 R9 =00000000000003f6 R10=0000000000000000 R11=0000000000000000
R12=000000000000c040 R13=0000000000000011 R14=0000000006220000 R15=0000000000000000
RIP=00000000068f2916 RFL=00000202 [-------] CPL=0 II=0 A20=1 SMM=0 HLT=0
ES =0030 0000000000000000 ffffffff 00cf9300 DPL=0 DS   [-WA]
CS =0038 0000000000000000 ffffffff 00af9a00 DPL=0 CS64 [-R-]
SS =0030 0000000000000000 ffffffff 00cf9300 DPL=0 DS   [-WA]
DS =0030 0000000000000000 ffffffff 00cf9300 DPL=0 DS   [-WA]
FS =0030 0000000000000000 ffffffff 00cf9300 DPL=0 DS   [-WA]
GS =0030 0000000000000000 ffffffff 00cf9300 DPL=0 DS   [-WA]
LDT=0000 0000000000000000 0000ffff 00008200 DPL=0 LDT
TR =0048 00000000075db058 00000067 00008900 DPL=0 TSS64-avl
GDT=     00000000075db000 00000057
IDT=     00000000070e8018 00000fff
CR0=80010033 CR2=0000000000000000 CR3=0000000007801000 CR4=00000668
DR0=0000000000000000 DR1=0000000000000000 DR2=0000000000000000 DR3=0000000000000000 
DR6=00000000ffff0ff0 DR7=0000000000000400
CCS=0000000000000000 CCD=0000000000002523 CCO=EFLAGS
EFER=0000000000000d00
Servicing hardware INT=0x20
   532: v=20 e=0000 i=0 cpl=0 IP=0038:00000000068f28c5 pc=00000000068f28c5 SP=0030:0000000007ee3050 env->regs[R_EAX]=00000000006d85a1
RAX=00000000006d85a1 RBX=000000000000b008 RCX=000000000000b008 RDX=000000000000b008
RSI=00000000006d8997 RDI=0000000007ee3230 RBP=0000000007ee30b0 RSP=0000000007ee3050
R8 =0000000007ee3110 R9 =0000000000000177 R10=0000000000000000 R11=0000000000000000
R12=0000000000000000 R13=0000000000000000 R14=00000000000000a0 R15=00000000ffffff00
RIP=00000000068f28c5 RFL=00000293 [--S-A-C] CPL=0 II=0 A20=1 SMM=0 HLT=0
ES =0030 0000000000000000 ffffffff 00cf9300 DPL=0 DS   [-WA]
CS =0038 0000000000000000 ffffffff 00af9a00 DPL=0 CS64 [-R-]
SS =0030 0000000000000000 ffffffff 00cf9300 DPL=0 DS   [-WA]
DS =0030 0000000000000000 ffffffff 00cf9300 DPL=0 DS   [-WA]
FS =0030 0000000000000000 ffffffff 00cf9300 DPL=0 DS   [-WA]
GS =0030 0000000000000000 ffffffff 00cf9300 DPL=0 DS   [-WA]
LDT=0000 0000000000000000 0000ffff 00008200 DPL=0 LDT
TR =0048 00000000075db058 00000067 00008900 DPL=0 TSS64-avl
GDT=     00000000075db000 00000057
IDT=     00000000070e8018 00000fff
CR0=80010033 CR2=0000000000000000 CR3=0000000007801000 CR4=00000668
DR0=0000000000000000 DR1=0000000000000000 DR2=0000000000000000 DR3=0000000000000000 
DR6=00000000ffff0ff0 DR7=0000000000000400
CCS=0000000000000091 CCD=00000000000003fe CCO=EFLAGS
EFER=0000000000000d00
Servicing hardware INT=0x20
   533: v=20 e=0000 i=0 cpl=0 IP=0038:0000000007f01afa pc=0000000007f01afa SP=0030:0000000007ee3580 env->regs[R_EAX]=00000000000000af
RAX=00000000000000af RBX=0000000007f09fe0 RCX=0000000000080001 RDX=000000000613d018
RSI=0000000007f09aa0 RDI=00000000061a9a6f RBP=0000000007ee3610 RSP=0000000007ee3580
R8 =00000000000000af R9 =00000000000ed000 R10=0000000007ee36ca R11=ffffffffffffffff
R12=00000000000eca80 R13=000000000613d018 R14=00000000000eca58 R15=000000000613d000
RIP=0000000007f01afa RFL=00010202 [-------] CPL=0 II=0 A20=1 SMM=0 HLT=0
ES =0030 0000000000000000 ffffffff 00cf9300 DPL=0 DS   [-WA]
CS =0038 0000000000000000 ffffffff 00af9a00 DPL=0 CS64 [-R-]
SS =0030 0000000000000000 ffffffff 00cf9300 DPL=0 DS   [-WA]
DS =0030 0000000000000000 ffffffff 00cf9300 DPL=0 DS   [-WA]
FS =0030 0000000000000000 ffffffff 00cf9300 DPL=0 DS   [-WA]
GS =0030 0000000000000000 ffffffff 00cf9300 DPL=0 DS   [-WA]
LDT=0000 0000000000000000 0000ffff 00008200 DPL=0 LDT
TR =0048 00000000075db058 00000067 00008900 DPL=0 TSS64-avl
GDT=     00000000075db000 00000057
IDT=     00000000070e8018 00000fff
CR0=80010033 CR2=0000000000000000 CR3=0000000007801000 CR4=00000668
DR0=0000000000000000 DR1=0000000000000000 DR2=0000000000000000 DR3=0000000000000000 
DR6=00000000ffff0ff0 DR7=0000000000000400
CCS=0000000000000000 CCD=0000000007ee3568 CCO=EFLAGS
EFER=0000000000000d00
Servicing hardware INT=0x20
   534: v=20 e=0000 i=0 cpl=0 IP=0038:00000000068f2916 pc=00000000068f2916 SP=0030:0000000007ee2dc0 env->regs[R_EAX]=00000000000084bd
RAX=00000000000084bd RBX=0000000000002710 RCX=000000000000b008 RDX=00000000006e9d00
RSI=00000000006f21bd RDI=00000000068967d4 RBP=0000000007ee2df0 RSP=0000000007ee2dc0
R8 =0000000007ee2e10 R9 =00000000000003f6 R10=0000000000000000 R11=0000000000000000
R12=000000000000c040 R13=0000000000000011 R14=0000000006130000 R15=0000000000000000
RIP=00000000068f2916 RFL=00000206 [-----P-] CPL=0 II=0 A20=1 SMM=0 HLT=0
ES =0030 0000000000000000 ffffffff 00cf9300 DPL=0 DS   [-WA]
CS =0038 0000000000000000 ffffffff 00af9a00 DPL=0 CS64 [-R-]
SS =0030 0000000000000000 ffffffff 00cf9300 DPL=0 DS   [-WA]
DS =0030 0000000000000000 ffffffff 00cf9300 DPL=0 DS   [-WA]
FS =0030 0000000000000000 ffffffff 00cf9300 DPL=0 DS   [-WA]
GS =0030 0000000000000000 ffffffff 00cf9300 DPL=0 DS   [-WA]
LDT=0000 0000000000000000 0000ffff 00008200 DPL=0 LDT
TR =0048 00000000075db058 00000067 00008900 DPL=0 TSS64-avl
GDT=     00000000075db000 00000057
IDT=     00000000070e8018 00000fff
CR0=80010033 CR2=0000000000000000 CR3=0000000007801000 CR4=00000668
DR0=0000000000000000 DR1=0000000000000000 DR2=0000000000000000 DR3=0000000000000000 
DR6=00000000ffff0ff0 DR7=0000000000000400
CCS=0000000000000004 CCD=00000000000084bd CCO=EFLAGS
EFER=0000000000000d00
Servicing hardware INT=0x20
   535: v=20 e=0000 i=0 cpl=0 IP=0038:00000000068f2916 pc=00000000068f2916 SP=0030:0000000007ee2b90 env->regs[R_EAX]=00000000000003e8
RAX=00000000000003e8 RBX=0000000000000190 RCX=000000000000b008 RDX=00000000006f28c8
RSI=00000000006f2cb0 RDI=0000000006855440 RBP=0000000007ee2bc0 RSP=0000000007ee2b90
R8 =0000000007ee2be0 R9 =00000000000001f7 R10=0000000000000000 R11=0000000000000000
R12=000000000004baf1 R13=0000000000000000 R14=00000000061300c8 R15=00000000ffffff00
RIP=00000000068f2916 RFL=00000206 [-----P-] CPL=0 II=0 A20=1 SMM=0 HLT=0
ES =0030 0000000000000000 ffffffff 00cf9300 DPL=0 DS   [-WA]
CS =0038 0000000000000000 ffffffff 00af9a00 DPL=0 CS64 [-R-]
SS =0030 0000000000000000 ffffffff 00cf9300 DPL=0 DS   [-WA]
DS =0030 0000000000000000 ffffffff 00cf9300 DPL=0 DS   [-WA]
FS =0030 0000000000000000 ffffffff 00cf9300 DPL=0 DS   [-WA]
GS =0030 0000000000000000 ffffffff 00cf9300 DPL=0 DS   [-WA]
LDT=0000 0000000000000000 0000ffff 00008200 DPL=0 LDT
TR =0048 00000000075db058 00000067 00008900 DPL=0 TSS64-avl
GDT=     00000000075db000 00000057
IDT=     00000000070e8018 00000fff
CR0=80010033 CR2=0000000000000000 CR3=0000000007801000 CR4=00000668
DR0=0000000000000000 DR1=0000000000000000 DR2=0000000000000000 DR3=0000000000000000 
DR6=00000000ffff0ff0 DR7=0000000000000400
CCS=0000000000000004 CCD=00000000000003e8 CCO=EFLAGS
EFER=0000000000000d00
Servicing hardware INT=0x20
   536: v=20 e=0000 i=0 cpl=0 IP=0038:00000000068f2916 pc=00000000068f2916 SP=0030:0000000007ee2c00 env->regs[R_EAX]=00000000000005a9
RAX=00000000000005a9 RBX=0000000000002710 RCX=000000000000b008 RDX=00000000006fb496
RSI=00000000006fba3f RDI=00000000068967d4 RBP=0000000007ee2c30 RSP=0000000007ee2c00
R8 =0000000007ee2c50 R9 =00000000000003f6 R10=0000000000000000 R11=0000000000000000
R12=000000000000c040 R13=0000000000000011 R14=0000000006130000 R15=0000000000000000
RIP=00000000068f2916 RFL=00000206 [-----P-] CPL=0 II=0 A20=1 SMM=0 HLT=0
ES =0030 0000000000000000 ffffffff 00cf9300 DPL=0 DS   [-WA]
CS =0038 0000000000000000 ffffffff 00af9a00 DPL=0 CS64 [-R-]
SS =0030 0000000000000000 ffffffff 00cf9300 DPL=0 DS   [-WA]
DS =0030 0000000000000000 ffffffff 00cf9300 DPL=0 DS   [-WA]
FS =0030 0000000000000000 ffffffff 00cf9300 DPL=0 DS   [-WA]
GS =0030 0000000000000000 ffffffff 00cf9300 DPL=0 DS   [-WA]
LDT=0000 0000000000000000 0000ffff 00008200 DPL=0 LDT
TR =0048 00000000075db058 00000067 00008900 DPL=0 TSS64-avl
GDT=     00000000075db000 00000057
IDT=     00000000070e8018 00000fff
CR0=80010033 CR2=0000000000000000 CR3=0000000007801000 CR4=00000668
DR0=0000000000000000 DR1=0000000000000000 DR2=0000000000000000 DR3=0000000000000000 
DR6=00000000ffff0ff0 DR7=0000000000000400
CCS=0000000000000004 CCD=00000000000005a9 CCO=EFLAGS
EFER=0000000000000d00
Servicing hardware INT=0x20
   537: v=20 e=0000 i=0 cpl=0 IP=0038:00000000068f2916 pc=00000000068f2916 SP=0030:0000000007ee2c00 env->regs[R_EAX]=00000000000011f3
RAX=00000000000011f3 RBX=0000000000002710 RCX=000000000000b008 RDX=000000000070407c
RSI=000000000070526f RDI=00000000068967d4 RBP=0000000007ee2c30 RSP=0000000007ee2c00
R8 =0000000007ee2c50 R9 =00000000000003f6 R10=0000000000000000 R11=0000000000000000
R12=000000000000c040 R13=0000000000000011 R14=0000000006130000 R15=0000000000000000
RIP=00000000068f2916 RFL=00000206 [-----P-] CPL=0 II=0 A20=1 SMM=0 HLT=0
ES =0030 0000000000000000 ffffffff 00cf9300 DPL=0 DS   [-WA]
CS =0038 0000000000000000 ffffffff 00af9a00 DPL=0 CS64 [-R-]
SS =0030 0000000000000000 ffffffff 00cf9300 DPL=0 DS   [-WA]
DS =0030 0000000000000000 ffffffff 00cf9300 DPL=0 DS   [-WA]
FS =0030 0000000000000000 ffffffff 00cf9300 DPL=0 DS   [-WA]
GS =0030 0000000000000000 ffffffff 00cf9300 DPL=0 DS   [-WA]
LDT=0000 0000000000000000 0000ffff 00008200 DPL=0 LDT
TR =0048 00000000075db058 00000067 00008900 DPL=0 TSS64-avl
GDT=     00000000075db000 00000057
IDT=     00000000070e8018 00000fff
CR0=80010033 CR2=0000000000000000 CR3=0000000007801000 CR4=00000668
DR0=0000000000000000 DR1=0000000000000000 DR2=0000000000000000 DR3=0000000000000000 
DR6=00000000ffff0ff0 DR7=0000000000000400
CCS=0000000000000004 CCD=00000000000011f3 CCO=EFLAGS
EFER=0000000000000d00
Servicing hardware INT=0x20
   538: v=20 e=0000 i=0 cpl=0 IP=0038:00000000068f2916 pc=00000000068f2916 SP=0030:0000000007ee2dc0 env->regs[R_EAX]=0000000000001df7
RAX=0000000000001df7 RBX=0000000000002710 RCX=000000000000b008 RDX=000000000070cc39
RSI=000000000070ea30 RDI=00000000068967d4 RBP=0000000007ee2df0 RSP=0000000007ee2dc0
R8 =0000000007ee2e10 R9 =00000000000003f6 R10=0000000000000000 R11=0000000000000000
R12=000000000000c040 R13=0000000000000011 R14=0000000006130000 R15=0000000000000000
RIP=00000000068f2916 RFL=00000202 [-------] CPL=0 II=0 A20=1 SMM=0 HLT=0
ES =0030 0000000000000000 ffffffff 00cf9300 DPL=0 DS   [-WA]
CS =0038 0000000000000000 ffffffff 00af9a00 DPL=0 CS64 [-R-]
SS =0030 0000000000000000 ffffffff 00cf9300 DPL=0 DS   [-WA]
DS =0030 0000000000000000 ffffffff 00cf9300 DPL=0 DS   [-WA]
FS =0030 0000000000000000 ffffffff 00cf9300 DPL=0 DS   [-WA]
GS =0030 0000000000000000 ffffffff 00cf9300 DPL=0 DS   [-WA]
LDT=0000 0000000000000000 0000ffff 00008200 DPL=0 LDT
TR =0048 00000000075db058 00000067 00008900 DPL=0 TSS64-avl
GDT=     00000000075db000 00000057
IDT=     00000000070e8018 00000fff
CR0=80010033 CR2=0000000000000000 CR3=0000000007801000 CR4=00000668
DR0=0000000000000000 DR1=0000000000000000 DR2=0000000000000000 DR3=0000000000000000 
DR6=00000000ffff0ff0 DR7=0000000000000400
CCS=0000000000000000 CCD=0000000000001df7 CCO=EFLAGS
EFER=0000000000000d00
Servicing hardware INT=0x20
   539: v=20 e=0000 i=0 cpl=0 IP=0038:00000000068f2916 pc=00000000068f2916 SP=0030:0000000007ee3220 env->regs[R_EAX]=00000000000032cd
RAX=00000000000032cd RBX=0000000000002710 RCX=000000000000b008 RDX=000000000071581c
RSI=0000000000718ae9 RDI=00000000068967d4 RBP=0000000007ee3250 RSP=0000000007ee3220
R8 =0000000007ee3270 R9 =00000000000003f6 R10=0000000000000000 R11=0000000000000000
R12=000000000000c040 R13=0000000000000011 R14=0000000006130000 R15=0000000000000000
RIP=00000000068f2916 RFL=00000202 [-------] CPL=0 II=0 A20=1 SMM=0 HLT=0
ES =0030 0000000000000000 ffffffff 00cf9300 DPL=0 DS   [-WA]
CS =0038 0000000000000000 ffffffff 00af9a00 DPL=0 CS64 [-R-]
SS =0030 0000000000000000 ffffffff 00cf9300 DPL=0 DS   [-WA]
DS =0030 0000000000000000 ffffffff 00cf9300 DPL=0 DS   [-WA]
FS =0030 0000000000000000 ffffffff 00cf9300 DPL=0 DS   [-WA]
GS =0030 0000000000000000 ffffffff 00cf9300 DPL=0 DS   [-WA]
LDT=0000 0000000000000000 0000ffff 00008200 DPL=0 LDT
TR =0048 00000000075db058 00000067 00008900 DPL=0 TSS64-avl
GDT=     00000000075db000 00000057
IDT=     00000000070e8018 00000fff
CR0=80010033 CR2=0000000000000000 CR3=0000000007801000 CR4=00000668
DR0=0000000000000000 DR1=0000000000000000 DR2=0000000000000000 DR3=0000000000000000 
DR6=00000000ffff0ff0 DR7=0000000000000400
CCS=0000000000000000 CCD=00000000000032cd CCO=EFLAGS
EFER=0000000000000d00
Servicing hardware INT=0x20
   540: v=20 e=0000 i=0 cpl=0 IP=0038:00000000068f28c5 pc=00000000068f28c5 SP=0030:0000000007ee2ec0 env->regs[R_EAX]=000000000071e4a3
RAX=000000000071e4a3 RBX=000000000000b008 RCX=000000000000b008 RDX=000000000000b008
RSI=0000000000725df8 RDI=00000000068967d4 RBP=0000000007ee2f20 RSP=0000000007ee2ec0
R8 =0000000007ee2f80 R9 =00000000000003f6 R10=0000000000000000 R11=0000000000000000
R12=0000000000000000 R13=0000000000000011 R14=00000000060d0000 R15=0000000000000000
RIP=00000000068f28c5 RFL=00000293 [--S-A-C] CPL=0 II=0 A20=1 SMM=0 HLT=0
ES =0030 0000000000000000 ffffffff 00cf9300 DPL=0 DS   [-WA]
CS =0038 0000000000000000 ffffffff 00af9a00 DPL=0 CS64 [-R-]
SS =0030 0000000000000000 ffffffff 00cf9300 DPL=0 DS   [-WA]
DS =0030 0000000000000000 ffffffff 00cf9300 DPL=0 DS   [-WA]
FS =0030 0000000000000000 ffffffff 00cf9300 DPL=0 DS   [-WA]
GS =0030 0000000000000000 ffffffff 00cf9300 DPL=0 DS   [-WA]
LDT=0000 0000000000000000 0000ffff 00008200 DPL=0 LDT
TR =0048 00000000075db058 00000067 00008900 DPL=0 TSS64-avl
GDT=     00000000075db000 00000057
IDT=     00000000070e8018 00000fff
CR0=80010033 CR2=0000000000000000 CR3=0000000007801000 CR4=00000668
DR0=0000000000000000 DR1=0000000000000000 DR2=0000000000000000 DR3=0000000000000000 
DR6=00000000ffff0ff0 DR7=0000000000000400
CCS=0000000000000091 CCD=00000000000078fe CCO=EFLAGS
EFER=0000000000000d00
Servicing hardware INT=0x20
   541: v=20 e=0000 i=0 cpl=0 IP=0038:00000000068f28c5 pc=00000000068f28c5 SP=0030:0000000007ee2ec0 env->regs[R_EAX]=0000000000726ffd
RAX=0000000000726ffd RBX=000000000000b008 RCX=000000000000b008 RDX=000000000000b008
RSI=000000000072f61b RDI=00000000068967d4 RBP=0000000007ee2f20 RSP=0000000007ee2ec0
R8 =0000000007ee2f80 R9 =00000000000003f6 R10=0000000000000000 R11=0000000000000000
R12=0000000000000000 R13=0000000000000011 R14=00000000060d0000 R15=0000000000000000
RIP=00000000068f28c5 RFL=00000293 [--S-A-C] CPL=0 II=0 A20=1 SMM=0 HLT=0
ES =0030 0000000000000000 ffffffff 00cf9300 DPL=0 DS   [-WA]
CS =0038 0000000000000000 ffffffff 00af9a00 DPL=0 CS64 [-R-]
SS =0030 0000000000000000 ffffffff 00cf9300 DPL=0 DS   [-WA]
DS =0030 0000000000000000 ffffffff 00cf9300 DPL=0 DS   [-WA]
FS =0030 0000000000000000 ffffffff 00cf9300 DPL=0 DS   [-WA]
GS =0030 0000000000000000 ffffffff 00cf9300 DPL=0 DS   [-WA]
LDT=0000 0000000000000000 0000ffff 00008200 DPL=0 LDT
TR =0048 00000000075db058 00000067 00008900 DPL=0 TSS64-avl
GDT=     00000000075db000 00000057
IDT=     00000000070e8018 00000fff
CR0=80010033 CR2=0000000000000000 CR3=0000000007801000 CR4=00000668
DR0=0000000000000000 DR1=0000000000000000 DR2=0000000000000000 DR3=0000000000000000 
DR6=00000000ffff0ff0 DR7=0000000000000400
CCS=0000000000000091 CCD=00000000000085fe CCO=EFLAGS
EFER=0000000000000d00
Servicing hardware INT=0x20
   542: v=20 e=0000 i=0 cpl=0 IP=0038:00000000068f28c5 pc=00000000068f28c5 SP=0030:0000000007ee2e50 env->regs[R_EAX]=000000000072fc4f
RAX=000000000072fc4f RBX=000000000000b008 RCX=000000000000b008 RDX=000000000000b008
RSI=0000000000730045 RDI=0000000006855440 RBP=0000000007ee2eb0 RSP=0000000007ee2e50
R8 =0000000007ee2f10 R9 =00000000000001f7 R10=0000000000000000 R11=0000000000000000
R12=0000000000000000 R13=0000000000000000 R14=00000000060d00c8 R15=00000000ffffff00
RIP=00000000068f28c5 RFL=00000293 [--S-A-C] CPL=0 II=0 A20=1 SMM=0 HLT=0
ES =0030 0000000000000000 ffffffff 00cf9300 DPL=0 DS   [-WA]
CS =0038 0000000000000000 ffffffff 00af9a00 DPL=0 CS64 [-R-]
SS =0030 0000000000000000 ffffffff 00cf9300 DPL=0 DS   [-WA]
DS =0030 0000000000000000 ffffffff 00cf9300 DPL=0 DS   [-WA]
FS =0030 0000000000000000 ffffffff 00cf9300 DPL=0 DS   [-WA]
GS =0030 0000000000000000 ffffffff 00cf9300 DPL=0 DS   [-WA]
LDT=0000 0000000000000000 0000ffff 00008200 DPL=0 LDT
TR =0048 00000000075db058 00000067 00008900 DPL=0 TSS64-avl
GDT=     00000000075db000 00000057
IDT=     00000000070e8018 00000fff
CR0=80010033 CR2=0000000000000000 CR3=0000000007801000 CR4=00000668
DR0=0000000000000000 DR1=0000000000000000 DR2=0000000000000000 DR3=0000000000000000 
DR6=00000000ffff0ff0 DR7=0000000000000400
CCS=0000000000000091 CCD=00000000000003fe CCO=EFLAGS
EFER=0000000000000d00
Servicing hardware INT=0x20
   543: v=20 e=0000 i=0 cpl=0 IP=0038:00000000068f2916 pc=00000000068f2916 SP=0030:0000000007ee2f30 env->regs[R_EAX]=000000000000069b
RAX=000000000000069b RBX=0000000000002710 RCX=000000000000b008 RDX=0000000000738760
RSI=0000000000738dfb RDI=00000000068967d4 RBP=0000000007ee2f60 RSP=0000000007ee2f30
R8 =0000000007ee2f80 R9 =00000000000003f6 R10=0000000000000000 R11=0000000000000000
R12=000000000000c040 R13=0000000000000011 R14=00000000060d0000 R15=0000000000000000
RIP=00000000068f2916 RFL=00000202 [-------] CPL=0 II=0 A20=1 SMM=0 HLT=0
ES =0030 0000000000000000 ffffffff 00cf9300 DPL=0 DS   [-WA]
CS =0038 0000000000000000 ffffffff 00af9a00 DPL=0 CS64 [-R-]
SS =0030 0000000000000000 ffffffff 00cf9300 DPL=0 DS   [-WA]
DS =0030 0000000000000000 ffffffff 00cf9300 DPL=0 DS   [-WA]
FS =0030 0000000000000000 ffffffff 00cf9300 DPL=0 DS   [-WA]
GS =0030 0000000000000000 ffffffff 00cf9300 DPL=0 DS   [-WA]
LDT=0000 0000000000000000 0000ffff 00008200 DPL=0 LDT
TR =0048 00000000075db058 00000067 00008900 DPL=0 TSS64-avl
GDT=     00000000075db000 00000057
IDT=     00000000070e8018 00000fff
CR0=80010033 CR2=0000000000000000 CR3=0000000007801000 CR4=00000668
DR0=0000000000000000 DR1=0000000000000000 DR2=0000000000000000 DR3=0000000000000000 
DR6=00000000ffff0ff0 DR7=0000000000000400
CCS=0000000000000000 CCD=000000000000069b CCO=EFLAGS
EFER=0000000000000d00
Servicing hardware INT=0x20
   544: v=20 e=0000 i=0 cpl=0 IP=0038:00000000068f2916 pc=00000000068f2916 SP=0030:0000000007ee2e10 env->regs[R_EAX]=0000000000001386
RAX=0000000000001386 RBX=0000000000002710 RCX=000000000000b008 RDX=0000000000741332
RSI=00000000007426b8 RDI=00000000068967d4 RBP=0000000007ee2e40 RSP=0000000007ee2e10
R8 =0000000007ee2e60 R9 =00000000000003f6 R10=0000000000000000 R11=0000000000000000
R12=000000000000c040 R13=0000000000000011 R14=00000000060d0000 R15=0000000000000000
RIP=00000000068f2916 RFL=00000202 [-------] CPL=0 II=0 A20=1 SMM=0 HLT=0
ES =0030 0000000000000000 ffffffff 00cf9300 DPL=0 DS   [-WA]
CS =0038 0000000000000000 ffffffff 00af9a00 DPL=0 CS64 [-R-]
SS =0030 0000000000000000 ffffffff 00cf9300 DPL=0 DS   [-WA]
DS =0030 0000000000000000 ffffffff 00cf9300 DPL=0 DS   [-WA]
FS =0030 0000000000000000 ffffffff 00cf9300 DPL=0 DS   [-WA]
GS =0030 0000000000000000 ffffffff 00cf9300 DPL=0 DS   [-WA]
LDT=0000 0000000000000000 0000ffff 00008200 DPL=0 LDT
TR =0048 00000000075db058 00000067 00008900 DPL=0 TSS64-avl
GDT=     00000000075db000 00000057
IDT=     00000000070e8018 00000fff
CR0=80010033 CR2=0000000000000000 CR3=0000000007801000 CR4=00000668
DR0=0000000000000000 DR1=0000000000000000 DR2=0000000000000000 DR3=0000000000000000 
DR6=00000000ffff0ff0 DR7=0000000000000400
CCS=0000000000000000 CCD=0000000000001386 CCO=EFLAGS
EFER=0000000000000d00
Servicing hardware INT=0x20
   545: v=20 e=0000 i=0 cpl=0 IP=0038:0000000007ef28bd pc=0000000007ef28bd SP=0030:0000000007ee2ee0 env->regs[R_EAX]=0000000000000007
RAX=0000000000000007 RBX=0000000007f09fe0 RCX=0000000000001100 RDX=0000000007f07530
RSI=0000000000000018 RDI=0000000000001000 RBP=0000000007ee2f40 RSP=0000000007ee2ee0
R8 =0000000007ee3008 R9 =0000000000000052 R10=0000000006991798 R11=0000000006991118
R12=0000000000000040 R13=0000000000000000 R14=0000000000000004 R15=0000000000000007
RIP=0000000007ef28bd RFL=00000246 [---Z-P-] CPL=0 II=0 A20=1 SMM=0 HLT=0
ES =0030 0000000000000000 ffffffff 00cf9300 DPL=0 DS   [-WA]
CS =0038 0000000000000000 ffffffff 00af9a00 DPL=0 CS64 [-R-]
SS =0030 0000000000000000 ffffffff 00cf9300 DPL=0 DS   [-WA]
DS =0030 0000000000000000 ffffffff 00cf9300 DPL=0 DS   [-WA]
FS =0030 0000000000000000 ffffffff 00cf9300 DPL=0 DS   [-WA]
GS =0030 0000000000000000 ffffffff 00cf9300 DPL=0 DS   [-WA]
LDT=0000 0000000000000000 0000ffff 00008200 DPL=0 LDT
TR =0048 00000000075db058 00000067 00008900 DPL=0 TSS64-avl
GDT=     00000000075db000 00000057
IDT=     00000000070e8018 00000fff
CR0=80010033 CR2=0000000000000000 CR3=0000000007801000 CR4=00000668
DR0=0000000000000000 DR1=0000000000000000 DR2=0000000000000000 DR3=0000000000000000 
DR6=00000000ffff0ff0 DR7=0000000000000400
CCS=0000000000000044 CCD=0000000000000000 CCO=EFLAGS
EFER=0000000000000d00
Servicing hardware INT=0x20
   546: v=20 e=0000 i=0 cpl=0 IP=0038:0000000006c75e68 pc=0000000006c75e68 SP=0030:0000000007ee2f38 env->regs[R_EAX]=0000000007ee2fd6
RAX=0000000007ee2fd6 RBX=0000000006cbb5b8 RCX=0000000000000000 RDX=000000000696508e
RSI=000000000696509e RDI=0000000007ee2fe6 RBP=0000000007ee3050 RSP=0000000007ee2f38
R8 =0000000000000006 R9 =00000000069650a3 R10=0000000006991798 R11=0000000006991118
R12=000000000623c7c0 R13=0000000006991138 R14=00000000068cf49c R15=00000000069917a8
RIP=0000000006c75e68 RFL=00000203 [------C] CPL=0 II=0 A20=1 SMM=0 HLT=0
ES =0030 0000000000000000 ffffffff 00cf9300 DPL=0 DS   [-WA]
CS =0038 0000000000000000 ffffffff 00af9a00 DPL=0 CS64 [-R-]
SS =0030 0000000000000000 ffffffff 00cf9300 DPL=0 DS   [-WA]
DS =0030 0000000000000000 ffffffff 00cf9300 DPL=0 DS   [-WA]
FS =0030 0000000000000000 ffffffff 00cf9300 DPL=0 DS   [-WA]
GS =0030 0000000000000000 ffffffff 00cf9300 DPL=0 DS   [-WA]
LDT=0000 0000000000000000 0000ffff 00008200 DPL=0 LDT
TR =0048 00000000075db058 00000067 00008900 DPL=0 TSS64-avl
GDT=     00000000075db000 00000057
IDT=     00000000070e8018 00000fff
CR0=80010033 CR2=0000000000000000 CR3=0000000007801000 CR4=00000668
DR0=0000000000000000 DR1=0000000000000000 DR2=0000000000000000 DR3=0000000000000000 
DR6=00000000ffff0ff0 DR7=0000000000000400
CCS=0000000000000001 CCD=0000000000000002 CCO=EFLAGS
EFER=0000000000000d00
Servicing hardware INT=0x20
   547: v=20 e=0000 i=0 cpl=0 IP=0038:0000000006c9c266 pc=0000000006c9c266 SP=0030:0000000007ee2c58 env->regs[R_EAX]=0000000006cb25c0
RAX=0000000006cb25c0 RBX=000000000000001f RCX=0000000006cb25c0 RDX=abd7f02e4201db00
RSI=0000000006123000 RDI=0000000000000001 RBP=0000000007ee2c90 RSP=0000000007ee2c58
R8 =0000000006123000 R9 =0000000006125fff R10=0000000000000080 R11=0000000000002600
R12=0000000000000010 R13=0000000007f09880 R14=000000000002600f R15=00000000077ffb80
RIP=0000000006c9c266 RFL=00000206 [-----P-] CPL=0 II=0 A20=1 SMM=0 HLT=0
ES =0030 0000000000000000 ffffffff 00cf9300 DPL=0 DS   [-WA]
CS =0038 0000000000000000 ffffffff 00af9a00 DPL=0 CS64 [-R-]
SS =0030 0000000000000000 ffffffff 00cf9300 DPL=0 DS   [-WA]
DS =0030 0000000000000000 ffffffff 00cf9300 DPL=0 DS   [-WA]
FS =0030 0000000000000000 ffffffff 00cf9300 DPL=0 DS   [-WA]
GS =0030 0000000000000000 ffffffff 00cf9300 DPL=0 DS   [-WA]
LDT=0000 0000000000000000 0000ffff 00008200 DPL=0 LDT
TR =0048 00000000075db058 00000067 00008900 DPL=0 TSS64-avl
GDT=     00000000075db000 00000057
IDT=     00000000070e8018 00000fff
CR0=80010033 CR2=0000000000000000 CR3=0000000007801000 CR4=00000668
DR0=0000000000000000 DR1=0000000000000000 DR2=0000000000000000 DR3=0000000000000000 
DR6=00000000ffff0ff0 DR7=0000000000000400
CCS=0000000000000020 CCD=0000000007ee2c60 CCO=SUBQ
EFER=0000000000000d00
